company_id,market,ticker,company_name,local_name,exchange,currency,universe_policy,membership_start,membership_end,event_in_universe,source_covered,price_available,alias_source,aliases,audit_status
CSI300:000001,CSI300,000001,平安银行,平安银行,SSE/SZSE,CNY,observed_company_universe,,,covid19_first_wave;russia_ukraine_conflict_2022;israel_palestine_conflict_2023;us_israel_iran_conflict_2025,main_and_gdelt,unknown,csi300_gdelt_english_news;csi300_news,Ping An Bank;平安银行,observed_company_universe; observed_company_scope
CSI300:000002,CSI300,000002,万科A,万科A,SSE/SZSE,CNY,observed_company_universe,,,covid19_first_wave;russia_ukraine_conflict_2022;israel_palestine_conflict_2023;us_israel_iran_conflict_2025,main_and_gdelt,unknown,csi300_gdelt_english_news;csi300_news,万科;China Vanke;Vanke;万科A;sz.000002,observed_company_universe; needs_match_review_low_strength_seen
CSI300:000063,CSI300,000063,中兴通讯,中兴通讯,SSE/SZSE,CNY,observed_company_universe,,,covid19_first_wave;russia_ukraine_conflict_2022;israel_palestine_conflict_2023;us_israel_iran_conflict_2025,main_and_gdelt,unknown,csi300_gdelt_english_news;csi300_news,ZTE;中兴通讯;sz.000063,observed_company_universe; needs_match_review_low_strength_seen
CSI300:000066,CSI300,000066,中国长城,中国长城,SSE/SZSE,CNY,observed_company_universe,,,russia_ukraine_conflict_2022;us_israel_iran_conflict_2025,main_and_gdelt,unknown,csi300_gdelt_english_news;csi300_news,中国长城;China Greatwall Technology Group,observed_company_universe; observed_company_scope
CSI300:000069,CSI300,000069,华侨城A,华侨城A,SSE/SZSE,CNY,observed_company_universe,,,covid19_first_wave;russia_ukraine_conflict_2022;israel_palestine_conflict_2023,main_and_gdelt,unknown,csi300_gdelt_english_news;csi300_news,华侨城;华侨城A;Shenzhen Overseas Chinese Town,observed_company_universe; observed_company_scope
CSI300:000100,CSI300,000100,TCL科技,TCL科技,SSE/SZSE,CNY,observed_company_universe,,,covid19_first_wave;russia_ukraine_conflict_2022;israel_palestine_conflict_2023;us_israel_iran_conflict_2025,main_and_gdelt,unknown,csi300_gdelt_english_news;csi300_news,TCL;TCL科技;TCL集团;sz.000100,observed_company_universe; needs_match_review_low_strength_seen
CSI300:000157,CSI300,000157,中联重科,中联重科,SSE/SZSE,CNY,observed_company_universe,,,covid19_first_wave;russia_ukraine_conflict_2022;israel_palestine_conflict_2023;us_israel_iran_conflict_2025,main_only_or_main_plus_supplement,unknown,csi300_news,中联重科,observed_company_universe; observed_company_scope
CSI300:000166,CSI300,000166,申万宏源,申万宏源,SSE/SZSE,CNY,observed_company_universe,,,covid19_first_wave;russia_ukraine_conflict_2022;israel_palestine_conflict_2023;us_israel_iran_conflict_2025,main_and_gdelt,unknown,csi300_gdelt_english_news;csi300_news,申万宏源;Shenwan Hongyuan Group,observed_company_universe; observed_company_scope
CSI300:000301,CSI300,000301,东方盛虹,东方盛虹,SSE/SZSE,CNY,observed_company_universe,,,russia_ukraine_conflict_2022;israel_palestine_conflict_2023;us_israel_iran_conflict_2025,main_and_gdelt,unknown,csi300_gdelt_english_news;csi300_news,东方盛虹;Jiangsu Eastern Shenghong,observed_company_universe; observed_company_scope
CSI300:000333,CSI300,000333,美的集团,美的集团,SSE/SZSE,CNY,observed_company_universe,,,covid19_first_wave;russia_ukraine_conflict_2022;israel_palestine_conflict_2023;us_israel_iran_conflict_2025,main_and_gdelt,unknown,csi300_gdelt_english_news;csi300_news,Midea;美的;美的集团;Midea Group,observed_company_universe; needs_match_review_low_strength_seen
CSI300:000338,CSI300,000338,潍柴动力,潍柴动力,SSE/SZSE,CNY,observed_company_universe,,,covid19_first_wave;russia_ukraine_conflict_2022;israel_palestine_conflict_2023;us_israel_iran_conflict_2025,main_and_gdelt,unknown,csi300_gdelt_english_news;csi300_news,Weichai Power;潍柴动力,observed_company_universe; observed_company_scope
CSI300:000408,CSI300,000408,藏格矿业,藏格矿业,SSE/SZSE,CNY,observed_company_universe,,,russia_ukraine_conflict_2022;israel_palestine_conflict_2023;us_israel_iran_conflict_2025,main_and_gdelt,unknown,csi300_gdelt_english_news;csi300_news,Zangge Mining;藏格矿业;000408.CH,observed_company_universe; needs_match_review_low_strength_seen
CSI300:000413,CSI300,000413,东旭光电,东旭光电,SSE/SZSE,CNY,observed_company_universe,,,covid19_first_wave,main_and_gdelt,unknown,csi300_gdelt_english_news;csi300_news,东旭光电;Tunghsu Optoelectronic Technology,observed_company_universe; observed_company_scope
CSI300:000415,CSI300,000415,渤海租赁,渤海租赁,SSE/SZSE,CNY,observed_company_universe,,,covid19_first_wave;russia_ukraine_conflict_2022;israel_palestine_conflict_2023;us_israel_iran_conflict_2025,main_and_gdelt,unknown,csi300_gdelt_english_news;csi300_news,Bohai Leasing;渤海租赁,observed_company_universe; observed_company_scope
CSI300:000423,CSI300,000423,东阿阿胶,东阿阿胶,SSE/SZSE,CNY,observed_company_universe,,,covid19_first_wave,main_only_or_main_plus_supplement,unknown,csi300_news,东阿阿胶;sz.000423,observed_company_universe; observed_company_scope
CSI300:000425,CSI300,000425,徐工机械,徐工机械,SSE/SZSE,CNY,observed_company_universe,,,covid19_first_wave;russia_ukraine_conflict_2022;israel_palestine_conflict_2023;us_israel_iran_conflict_2025,main_only_or_main_plus_supplement,unknown,csi300_news,徐工机械,observed_company_universe; observed_company_scope
CSI300:000538,CSI300,000538,云南白药,云南白药,SSE/SZSE,CNY,observed_company_universe,,,covid19_first_wave;russia_ukraine_conflict_2022;israel_palestine_conflict_2023;us_israel_iran_conflict_2025,main_and_gdelt,unknown,csi300_gdelt_english_news;csi300_news,云南白药;Yunnan Baiyao;Yunnan Baiyao Group,observed_company_universe; observed_company_scope
CSI300:000568,CSI300,000568,泸州老窖,泸州老窖,SSE/SZSE,CNY,observed_company_universe,,,covid19_first_wave;russia_ukraine_conflict_2022;israel_palestine_conflict_2023;us_israel_iran_conflict_2025,main_and_gdelt,unknown,csi300_gdelt_english_news;csi300_news,Luzhou Laojiao;泸州老窖,observed_company_universe; observed_company_scope
CSI300:000596,CSI300,000596,古井贡酒,古井贡酒,SSE/SZSE,CNY,observed_company_universe,,,covid19_first_wave;russia_ukraine_conflict_2022;israel_palestine_conflict_2023;us_israel_iran_conflict_2025,main_and_gdelt,unknown,csi300_gdelt_english_news;csi300_news,古井贡酒;Gujing Distillery;Anhui Gujing Distillery,observed_company_universe; observed_company_scope
CSI300:000617,CSI300,000617,中油资本,中油资本,SSE/SZSE,CNY,observed_company_universe,,,israel_palestine_conflict_2023;us_israel_iran_conflict_2025,main_only_or_main_plus_supplement,unknown,csi300_news,中油资本,observed_company_universe; observed_company_scope
CSI300:000625,CSI300,000625,长安汽车,长安汽车,SSE/SZSE,CNY,observed_company_universe,,,covid19_first_wave;russia_ukraine_conflict_2022;israel_palestine_conflict_2023;us_israel_iran_conflict_2025,main_and_gdelt,unknown,csi300_gdelt_english_news;csi300_news,Changan Automobile;长安汽车;Chongqing Changan Automobile,observed_company_universe; observed_company_scope
CSI300:000627,CSI300,000627,天茂集团,天茂集团,SSE/SZSE,CNY,observed_company_universe,,,covid19_first_wave;russia_ukraine_conflict_2022,main_and_gdelt,unknown,csi300_gdelt_english_news;csi300_news,天茂集团;Hubei Biocause Pharmaceutical;sz.000627,observed_company_universe; observed_company_scope
CSI300:000629,CSI300,000629,攀钢钒钛,攀钢钒钛,SSE/SZSE,CNY,observed_company_universe,,,covid19_first_wave,main_only_or_main_plus_supplement,unknown,csi300_news,攀钢钒钛,observed_company_universe; observed_company_scope
CSI300:000630,CSI300,000630,铜陵有色,铜陵有色,SSE/SZSE,CNY,observed_company_universe,,,covid19_first_wave;russia_ukraine_conflict_2022;israel_palestine_conflict_2023;us_israel_iran_conflict_2025,main_and_gdelt,unknown,csi300_gdelt_english_news;csi300_news,Tongling Nonferrous Metals Group;铜陵有色,observed_company_universe; observed_company_scope
CSI300:000651,CSI300,000651,格力电器,格力电器,SSE/SZSE,CNY,observed_company_universe,,,covid19_first_wave;russia_ukraine_conflict_2022;israel_palestine_conflict_2023;us_israel_iran_conflict_2025,main_and_gdelt,unknown,csi300_gdelt_english_news;csi300_news,Gree;格力电器;sz.000651,observed_company_universe; needs_match_review_low_strength_seen
CSI300:000656,CSI300,000656,金科股份,金科股份,SSE/SZSE,CNY,observed_company_universe,,,covid19_first_wave;russia_ukraine_conflict_2022;israel_palestine_conflict_2023,main_and_gdelt,unknown,csi300_gdelt_english_news;csi300_news,Jinke Property Group;金科股份;金科;000656.CH,observed_company_universe; needs_match_review_low_strength_seen
CSI300:000661,CSI300,000661,长春高新,长春高新,SSE/SZSE,CNY,observed_company_universe,,,covid19_first_wave;russia_ukraine_conflict_2022;israel_palestine_conflict_2023;us_israel_iran_conflict_2025,main_only_or_main_plus_supplement,unknown,csi300_news,长春高新,observed_company_universe; observed_company_scope
CSI300:000671,CSI300,000671,阳光城,阳光城,SSE/SZSE,CNY,observed_company_universe,,,covid19_first_wave;russia_ukraine_conflict_2022;israel_palestine_conflict_2023;us_israel_iran_conflict_2025,main_and_gdelt,unknown,csi300_gdelt_english_news;csi300_news,Yango Group;阳光城,observed_company_universe; observed_company_scope
CSI300:000703,CSI300,000703,恒逸石化,恒逸石化,SSE/SZSE,CNY,observed_company_universe,,,covid19_first_wave;russia_ukraine_conflict_2022;israel_palestine_conflict_2023,main_and_gdelt,unknown,csi300_gdelt_english_news;csi300_news,恒逸石化;Hengyi Petrochemical;sz.000703,observed_company_universe; observed_company_scope
CSI300:000708,CSI300,000708,中信特钢,中信特钢,SSE/SZSE,CNY,observed_company_universe,,,russia_ukraine_conflict_2022;israel_palestine_conflict_2023;us_israel_iran_conflict_2025,main_and_gdelt,unknown,csi300_gdelt_english_news;csi300_news,中信特钢;CITIC Pacific Special Steel Group;sz.000708,observed_company_universe; observed_company_scope
CSI300:000709,CSI300,000709,河钢股份,河钢股份,SSE/SZSE,CNY,observed_company_universe,,,covid19_first_wave;russia_ukraine_conflict_2022;israel_palestine_conflict_2023;us_israel_iran_conflict_2025,main_and_gdelt,unknown,csi300_gdelt_english_news;csi300_news,Hbis;河钢股份;河钢,observed_company_universe; needs_match_review_low_strength_seen
CSI300:000723,CSI300,000723,美锦能源,美锦能源,SSE/SZSE,CNY,observed_company_universe,,,covid19_first_wave;israel_palestine_conflict_2023,main_and_gdelt,unknown,csi300_gdelt_english_news;csi300_news,美锦能源;Shanxi Meijin Energy,observed_company_universe; observed_company_scope
CSI300:000725,CSI300,000725,京东方A,京东方A,SSE/SZSE,CNY,observed_company_universe,,,covid19_first_wave;russia_ukraine_conflict_2022;israel_palestine_conflict_2023;us_israel_iran_conflict_2025,main_and_gdelt,unknown,csi300_gdelt_english_news;csi300_news,BOE;京东方;京东方A,observed_company_universe; needs_match_review_low_strength_seen
CSI300:000728,CSI300,000728,国元证券,国元证券,SSE/SZSE,CNY,observed_company_universe,,,covid19_first_wave;russia_ukraine_conflict_2022;us_israel_iran_conflict_2025,main_and_gdelt,unknown,csi300_gdelt_english_news;csi300_news,Guoyuan Securities;国元证券,observed_company_universe; observed_company_scope
CSI300:000733,CSI300,000733,振华科技,振华科技,SSE/SZSE,CNY,observed_company_universe,,,israel_palestine_conflict_2023,main_only_or_main_plus_supplement,unknown,csi300_news,振华科技,observed_company_universe; observed_company_scope
CSI300:000768,CSI300,000768,中航西飞,中航西飞,SSE/SZSE,CNY,observed_company_universe,,,covid19_first_wave;russia_ukraine_conflict_2022;israel_palestine_conflict_2023;us_israel_iran_conflict_2025,main_and_gdelt,unknown,csi300_gdelt_english_news;csi300_news,Xian Aircraft;中航西飞;中航飞机;AVIC Xi'an Aircraft,observed_company_universe; observed_company_scope
CSI300:000776,CSI300,000776,广发证券,广发证券,SSE/SZSE,CNY,observed_company_universe,,,covid19_first_wave;russia_ukraine_conflict_2022;israel_palestine_conflict_2023;us_israel_iran_conflict_2025,main_and_gdelt,unknown,csi300_gdelt_english_news;csi300_news,广发证券;GF Securities,observed_company_universe; observed_company_scope
CSI300:000783,CSI300,000783,长江证券,长江证券,SSE/SZSE,CNY,observed_company_universe,,,covid19_first_wave;russia_ukraine_conflict_2022;israel_palestine_conflict_2023;us_israel_iran_conflict_2025,main_and_gdelt,unknown,csi300_gdelt_english_news;csi300_news,Changjiang Securities;长江证券,observed_company_universe; observed_company_scope
CSI300:000786,CSI300,000786,北新建材,北新建材,SSE/SZSE,CNY,observed_company_universe,,,covid19_first_wave;russia_ukraine_conflict_2022;israel_palestine_conflict_2023;us_israel_iran_conflict_2025,main_only_or_main_plus_supplement,unknown,csi300_news,北新建材,observed_company_universe; observed_company_scope
CSI300:000792,CSI300,000792,盐湖股份,盐湖股份,SSE/SZSE,CNY,observed_company_universe,,,israel_palestine_conflict_2023;us_israel_iran_conflict_2025,main_and_gdelt,unknown,csi300_gdelt_english_news;csi300_news,盐湖股份;Qinghai Yanhu Industry,observed_company_universe; observed_company_scope
CSI300:000800,CSI300,000800,一汽解放,一汽解放,SSE/SZSE,CNY,observed_company_universe,,,russia_ukraine_conflict_2022;israel_palestine_conflict_2023;us_israel_iran_conflict_2025,main_and_gdelt,unknown,csi300_gdelt_english_news;csi300_news,一汽解放;FAW Jiefang Group,observed_company_universe; observed_company_scope
CSI300:000807,CSI300,000807,云铝股份,云铝股份,SSE/SZSE,CNY,observed_company_universe,,,covid19_first_wave;russia_ukraine_conflict_2022;israel_palestine_conflict_2023;us_israel_iran_conflict_2025,main_and_gdelt,unknown,csi300_gdelt_english_news;csi300_news,Yunnan Aluminium;云铝股份,observed_company_universe; observed_company_scope
CSI300:000858,CSI300,000858,五粮液,五粮液,SSE/SZSE,CNY,observed_company_universe,,,covid19_first_wave;russia_ukraine_conflict_2022;israel_palestine_conflict_2023;us_israel_iran_conflict_2025,main_and_gdelt,unknown,csi300_gdelt_english_news;csi300_news,五粮液;Wuliangye Yibin;Wuliangye;sz.000858,observed_company_universe; needs_match_review_low_strength_seen
CSI300:000860,CSI300,000860,顺鑫农业,顺鑫农业,SSE/SZSE,CNY,observed_company_universe,,,covid19_first_wave;russia_ukraine_conflict_2022,gdelt_only,unknown,csi300_gdelt_english_news,Beijing Shunxin Agriculture,observed_company_universe; observed_company_scope
CSI300:000876,CSI300,000876,新希望,新希望,SSE/SZSE,CNY,observed_company_universe,,,covid19_first_wave;russia_ukraine_conflict_2022;israel_palestine_conflict_2023;us_israel_iran_conflict_2025,main_and_gdelt,unknown,csi300_gdelt_english_news;csi300_news,New Hope;新希望,observed_company_universe; observed_company_scope
CSI300:000877,CSI300,000877,天山股份,天山股份,SSE/SZSE,CNY,observed_company_universe,,,israel_palestine_conflict_2023,main_only_or_main_plus_supplement,unknown,csi300_news,天山股份;天山,observed_company_universe; observed_company_scope
CSI300:000895,CSI300,000895,双汇发展,双汇发展,SSE/SZSE,CNY,observed_company_universe,,,covid19_first_wave;russia_ukraine_conflict_2022;israel_palestine_conflict_2023;us_israel_iran_conflict_2025,main_and_gdelt,unknown,csi300_gdelt_english_news;csi300_news,Shuanghui;双汇发展;WH Group China;Henan Shuanghui,observed_company_universe; observed_company_scope
CSI300:000898,CSI300,000898,鞍钢股份,鞍钢股份,SSE/SZSE,CNY,observed_company_universe,,,covid19_first_wave;russia_ukraine_conflict_2022;israel_palestine_conflict_2023;us_israel_iran_conflict_2025,main_and_gdelt,unknown,csi300_gdelt_english_news;csi300_news,Angang Steel;鞍钢股份;Angang Steel Company Limited;鞍钢,observed_company_universe; observed_company_scope
CSI300:000938,CSI300,000938,紫光股份,紫光股份,SSE/SZSE,CNY,observed_company_universe,,,covid19_first_wave;russia_ukraine_conflict_2022;israel_palestine_conflict_2023;us_israel_iran_conflict_2025,main_and_gdelt,unknown,csi300_gdelt_english_news;csi300_news,紫光股份;Unisplendour;紫光;Unisplendour Corporation Limited;sz.000938,observed_company_universe; observed_company_scope
CSI300:000961,CSI300,000961,中南建设,中南建设,SSE/SZSE,CNY,observed_company_universe,,,covid19_first_wave;russia_ukraine_conflict_2022,main_and_gdelt,unknown,csi300_gdelt_english_news;csi300_news,中南建设;Jiangsu Zhongnan Construction Group,observed_company_universe; observed_company_scope
CSI300:000963,CSI300,000963,华东医药,华东医药,SSE/SZSE,CNY,observed_company_universe,,,covid19_first_wave;russia_ukraine_conflict_2022;israel_palestine_conflict_2023;us_israel_iran_conflict_2025,main_and_gdelt,unknown,csi300_gdelt_english_news;csi300_news,Huadong Medicine;华东医药;sz.000963,observed_company_universe; observed_company_scope
CSI300:000975,CSI300,000975,山金国际,山金国际,SSE/SZSE,CNY,observed_company_universe,,,us_israel_iran_conflict_2025,main_and_gdelt,unknown,csi300_gdelt_english_news;csi300_news,山金国际;Shanjin International Gold,observed_company_universe; observed_company_scope
CSI300:000977,CSI300,000977,浪潮信息,浪潮信息,SSE/SZSE,CNY,observed_company_universe,,,russia_ukraine_conflict_2022;israel_palestine_conflict_2023;us_israel_iran_conflict_2025,main_and_gdelt,unknown,csi300_gdelt_english_news;csi300_news,浪潮信息;000977.CH;sz.000977,observed_company_universe; needs_match_review_low_strength_seen
CSI300:000983,CSI300,000983,山西焦煤,山西焦煤,SSE/SZSE,CNY,observed_company_universe,,,israel_palestine_conflict_2023;us_israel_iran_conflict_2025,main_and_gdelt,unknown,csi300_gdelt_english_news;csi300_news,山西焦煤;Shanxi Coking Coal Energy Group,observed_company_universe; observed_company_scope
CSI300:000999,CSI300,000999,华润三九,华润三九,SSE/SZSE,CNY,observed_company_universe,,,us_israel_iran_conflict_2025,main_only_or_main_plus_supplement,unknown,csi300_news,华润三九,observed_company_universe; observed_company_scope
CSI300:001289,CSI300,001289,龙源电力,龙源电力,SSE/SZSE,CNY,observed_company_universe,,,covid19_first_wave;russia_ukraine_conflict_2022;israel_palestine_conflict_2023;us_israel_iran_conflict_2025,main_and_gdelt,unknown,csi300_gdelt_english_news;csi300_news,China Longyuan Power Group;龙源电力;China Longyuan Power Group Corporation Limited,observed_company_universe; observed_company_scope
CSI300:001391,CSI300,001391,国货航,国货航,SSE/SZSE,CNY,observed_company_universe,,,covid19_first_wave;russia_ukraine_conflict_2022;israel_palestine_conflict_2023;us_israel_iran_conflict_2025,gdelt_only,unknown,csi300_gdelt_english_news,Air China Cargo,observed_company_universe; observed_company_scope
CSI300:001965,CSI300,001965,招商公路,招商公路,SSE/SZSE,CNY,observed_company_universe,,,us_israel_iran_conflict_2025,main_only_or_main_plus_supplement,unknown,csi300_news,招商公路,observed_company_universe; observed_company_scope
CSI300:001979,CSI300,001979,招商蛇口,招商蛇口,SSE/SZSE,CNY,observed_company_universe,,,covid19_first_wave;russia_ukraine_conflict_2022;israel_palestine_conflict_2023;us_israel_iran_conflict_2025,main_and_gdelt,unknown,csi300_gdelt_english_news;csi300_news,招商蛇口;China Merchants Shekou;China Merchants Shekou Industrial Zone Holdings,observed_company_universe; observed_company_scope
CSI300:002001,CSI300,002001,新和成,新和成,SSE/SZSE,CNY,observed_company_universe,,,covid19_first_wave;russia_ukraine_conflict_2022;israel_palestine_conflict_2023;us_israel_iran_conflict_2025,main_and_gdelt,unknown,csi300_gdelt_english_news;csi300_news,NHU;新和成,observed_company_universe; needs_match_review_low_strength_seen
CSI300:002007,CSI300,002007,华兰生物,华兰生物,SSE/SZSE,CNY,observed_company_universe,,,covid19_first_wave;russia_ukraine_conflict_2022;israel_palestine_conflict_2023;us_israel_iran_conflict_2025,main_and_gdelt,unknown,csi300_gdelt_english_news;csi300_news,华兰生物;Hualan Biological Engineering;Hualan Biological,observed_company_universe; observed_company_scope
CSI300:002008,CSI300,002008,大族激光,大族激光,SSE/SZSE,CNY,observed_company_universe,,,covid19_first_wave;russia_ukraine_conflict_2022;israel_palestine_conflict_2023,main_and_gdelt,unknown,csi300_gdelt_english_news;csi300_news,大族激光;002008.CH,observed_company_universe; needs_match_review_low_strength_seen
CSI300:002010,CSI300,002010,传化智联,传化智联,SSE/SZSE,CNY,observed_company_universe,,,covid19_first_wave;russia_ukraine_conflict_2022;israel_palestine_conflict_2023,main_and_gdelt,unknown,csi300_gdelt_english_news;csi300_news,传化智联;Transfar Zhilian,observed_company_universe; observed_company_scope
CSI300:002024,CSI300,002024,苏宁易购,苏宁易购,SSE/SZSE,CNY,observed_company_universe,,,covid19_first_wave;russia_ukraine_conflict_2022,main_and_gdelt,unknown,csi300_gdelt_english_news;csi300_news,苏宁易购;Suning.com,observed_company_universe; needs_match_review_low_strength_seen
CSI300:002027,CSI300,002027,分众传媒,分众传媒,SSE/SZSE,CNY,observed_company_universe,,,covid19_first_wave;russia_ukraine_conflict_2022;israel_palestine_conflict_2023;us_israel_iran_conflict_2025,main_and_gdelt,unknown,csi300_gdelt_english_news;csi300_news,Focus Media;分众传媒;Focus Media Information Technology,observed_company_universe; observed_company_scope
CSI300:002028,CSI300,002028,思源电气,思源电气,SSE/SZSE,CNY,observed_company_universe,,,covid19_first_wave;russia_ukraine_conflict_2022;israel_palestine_conflict_2023;us_israel_iran_conflict_2025,main_and_gdelt,unknown,csi300_gdelt_english_news;csi300_news,Sieyuan Electric;思源电气;002028.CH,observed_company_universe; needs_match_review_low_strength_seen
CSI300:002032,CSI300,002032,苏泊尔,苏泊尔,SSE/SZSE,CNY,observed_company_universe,,,covid19_first_wave;russia_ukraine_conflict_2022,main_and_gdelt,unknown,csi300_gdelt_english_news;csi300_news,苏泊尔;Zhejiang Supor,observed_company_universe; observed_company_scope
CSI300:002044,CSI300,002044,美年健康,美年健康,SSE/SZSE,CNY,observed_company_universe,,,covid19_first_wave;russia_ukraine_conflict_2022,main_and_gdelt,unknown,csi300_gdelt_english_news;csi300_news,美年健康;Meinian Onehealth Healthcare Holdings,observed_company_universe; observed_company_scope
CSI300:002049,CSI300,002049,紫光国微,紫光国微,SSE/SZSE,CNY,observed_company_universe,,,covid19_first_wave;russia_ukraine_conflict_2022;israel_palestine_conflict_2023;us_israel_iran_conflict_2025,main_and_gdelt,unknown,csi300_gdelt_english_news;csi300_news,Tsinghua Unigroup;紫光国微;Unigroup Guoxin Microelectronics,observed_company_universe; observed_company_scope
CSI300:002050,CSI300,002050,三花智控,三花智控,SSE/SZSE,CNY,observed_company_universe,,,covid19_first_wave;russia_ukraine_conflict_2022;israel_palestine_conflict_2023;us_israel_iran_conflict_2025,main_and_gdelt,unknown,csi300_gdelt_english_news;csi300_news,三花智控;Sanhua;Sanhua Intelligent Controls;Zhejiang Sanhua Intelligent Controls,observed_company_universe; observed_company_scope
CSI300:002064,CSI300,002064,华峰化学,华峰化学,SSE/SZSE,CNY,observed_company_universe,,,russia_ukraine_conflict_2022;israel_palestine_conflict_2023;us_israel_iran_conflict_2025,main_and_gdelt,unknown,csi300_gdelt_english_news;csi300_news,华峰化学;Huafon Chemical,observed_company_universe; observed_company_scope
CSI300:002074,CSI300,002074,国轩高科,国轩高科,SSE/SZSE,CNY,observed_company_universe,,,covid19_first_wave;russia_ukraine_conflict_2022;israel_palestine_conflict_2023;us_israel_iran_conflict_2025,main_and_gdelt,unknown,csi300_gdelt_english_news;csi300_news,Gotion High-tech;国轩高科,observed_company_universe; observed_company_scope
CSI300:002081,CSI300,002081,金螳螂,金螳螂,SSE/SZSE,CNY,observed_company_universe,,,covid19_first_wave,main_only_or_main_plus_supplement,unknown,csi300_news,金螳螂,observed_company_universe; observed_company_scope
CSI300:002120,CSI300,002120,韵达股份,韵达股份,SSE/SZSE,CNY,observed_company_universe,,,covid19_first_wave;russia_ukraine_conflict_2022;israel_palestine_conflict_2023,main_only_or_main_plus_supplement,unknown,csi300_news,韵达股份;韵达;sz.002120,observed_company_universe; observed_company_scope
CSI300:002129,CSI300,002129,TCL中环,TCL中环,SSE/SZSE,CNY,observed_company_universe,,,covid19_first_wave;russia_ukraine_conflict_2022;israel_palestine_conflict_2023;us_israel_iran_conflict_2025,main_and_gdelt,unknown,csi300_gdelt_english_news;csi300_news,Zhonghuan Semiconductor;TCL中环;中环股份,observed_company_universe; observed_company_scope
CSI300:002142,CSI300,002142,宁波银行,宁波银行,SSE/SZSE,CNY,observed_company_universe,,,covid19_first_wave;russia_ukraine_conflict_2022;israel_palestine_conflict_2023;us_israel_iran_conflict_2025,main_only_or_main_plus_supplement,unknown,csi300_news,宁波银行,observed_company_universe; observed_company_scope
CSI300:002146,CSI300,002146,荣盛发展,荣盛发展,SSE/SZSE,CNY,observed_company_universe,,,covid19_first_wave;russia_ukraine_conflict_2022;israel_palestine_conflict_2023,main_and_gdelt,unknown,csi300_gdelt_english_news;csi300_news,荣盛发展;Risesun Real Estate Development,observed_company_universe; observed_company_scope
CSI300:002153,CSI300,002153,石基信息,石基信息,SSE/SZSE,CNY,observed_company_universe,,,covid19_first_wave;russia_ukraine_conflict_2022,main_and_gdelt,unknown,csi300_gdelt_english_news;csi300_news,石基信息;Beijing Shiji Information Technology,observed_company_universe; observed_company_scope
CSI300:002157,CSI300,002157,正邦科技,正邦科技,SSE/SZSE,CNY,observed_company_universe,,,covid19_first_wave;russia_ukraine_conflict_2022;israel_palestine_conflict_2023,main_and_gdelt,unknown,csi300_gdelt_english_news;csi300_news,Jiangxi Zhengbang Technology;正邦科技,observed_company_universe; observed_company_scope
CSI300:002179,CSI300,002179,中航光电,中航光电,SSE/SZSE,CNY,observed_company_universe,,,covid19_first_wave;russia_ukraine_conflict_2022;israel_palestine_conflict_2023;us_israel_iran_conflict_2025,main_and_gdelt,unknown,csi300_gdelt_english_news;csi300_news,中航光电;Jonhon Optronic Technology,observed_company_universe; observed_company_scope
CSI300:002180,CSI300,002180,纳思达,纳思达,SSE/SZSE,CNY,observed_company_universe,,,israel_palestine_conflict_2023;us_israel_iran_conflict_2025,main_only_or_main_plus_supplement,unknown,csi300_news,纳思达,observed_company_universe; observed_company_scope
CSI300:002202,CSI300,002202,金风科技,金风科技,SSE/SZSE,CNY,observed_company_universe,,,covid19_first_wave;russia_ukraine_conflict_2022;israel_palestine_conflict_2023,main_only_or_main_plus_supplement,unknown,csi300_news,金风科技,observed_company_universe; observed_company_scope
CSI300:002230,CSI300,002230,科大讯飞,科大讯飞,SSE/SZSE,CNY,observed_company_universe,,,covid19_first_wave;russia_ukraine_conflict_2022;israel_palestine_conflict_2023;us_israel_iran_conflict_2025,main_and_gdelt,unknown,csi300_gdelt_english_news;csi300_news,Iflytek;科大讯飞,observed_company_universe; needs_match_review_low_strength_seen
CSI300:002236,CSI300,002236,大华股份,大华股份,SSE/SZSE,CNY,observed_company_universe,,,covid19_first_wave;russia_ukraine_conflict_2022;israel_palestine_conflict_2023;us_israel_iran_conflict_2025,main_and_gdelt,unknown,csi300_gdelt_english_news;csi300_news,大华股份;Dahua Technology;Zhejiang Dahua Technology;大华,observed_company_universe; observed_company_scope
CSI300:002241,CSI300,002241,歌尔股份,歌尔股份,SSE/SZSE,CNY,observed_company_universe,,,covid19_first_wave;russia_ukraine_conflict_2022;israel_palestine_conflict_2023;us_israel_iran_conflict_2025,main_and_gdelt,unknown,csi300_gdelt_english_news;csi300_news,歌尔股份;Goertek;Goertek Inc;歌尔,observed_company_universe; needs_match_review_low_strength_seen
CSI300:002252,CSI300,002252,上海莱士,上海莱士,SSE/SZSE,CNY,observed_company_universe,,,covid19_first_wave;russia_ukraine_conflict_2022;israel_palestine_conflict_2023;us_israel_iran_conflict_2025,main_and_gdelt,unknown,csi300_gdelt_english_news;csi300_news,上海莱士;Shanghai RAAS Blood Products;Shanghai RAAS,observed_company_universe; observed_company_scope
CSI300:002271,CSI300,002271,东方雨虹,东方雨虹,SSE/SZSE,CNY,observed_company_universe,,,covid19_first_wave;russia_ukraine_conflict_2022;israel_palestine_conflict_2023;us_israel_iran_conflict_2025,main_and_gdelt,unknown,csi300_gdelt_english_news;csi300_news,东方雨虹;Oriental Yuhong;Beijing Oriental Yuhong Waterproof Technology,observed_company_universe; observed_company_scope
CSI300:002294,CSI300,002294,信立泰,信立泰,SSE/SZSE,CNY,observed_company_universe,,,covid19_first_wave;russia_ukraine_conflict_2022;israel_palestine_conflict_2023;us_israel_iran_conflict_2025,main_and_gdelt,unknown,csi300_gdelt_english_news;csi300_news,信立泰;Shenzhen Salubris Pharmaceuticals,observed_company_universe; observed_company_scope
CSI300:002304,CSI300,002304,洋河股份,洋河股份,SSE/SZSE,CNY,observed_company_universe,,,covid19_first_wave;russia_ukraine_conflict_2022;israel_palestine_conflict_2023;us_israel_iran_conflict_2025,main_and_gdelt,unknown,csi300_gdelt_english_news;csi300_news,洋河股份;洋河;Yanghe Brewery;Jiangsu Yanghe Distillery;Jiangsu Yanghe Brewery,observed_company_universe; observed_company_scope
CSI300:002311,CSI300,002311,海大集团,海大集团,SSE/SZSE,CNY,observed_company_universe,,,covid19_first_wave;russia_ukraine_conflict_2022;israel_palestine_conflict_2023;us_israel_iran_conflict_2025,main_and_gdelt,unknown,csi300_gdelt_english_news;csi300_news,海大;海大集团;Guangdong Haid Group Co,observed_company_universe; observed_company_scope
CSI300:002352,CSI300,002352,顺丰控股,顺丰控股,SSE/SZSE,CNY,observed_company_universe,,,covid19_first_wave;russia_ukraine_conflict_2022;israel_palestine_conflict_2023;us_israel_iran_conflict_2025,main_and_gdelt,unknown,csi300_gdelt_english_news;csi300_news,顺丰控股;SF Holding;SF Express,observed_company_universe; observed_company_scope
CSI300:002371,CSI300,002371,北方华创,北方华创,SSE/SZSE,CNY,observed_company_universe,,,covid19_first_wave;russia_ukraine_conflict_2022;israel_palestine_conflict_2023;us_israel_iran_conflict_2025,main_and_gdelt,unknown,csi300_gdelt_english_news;csi300_news,Naura;北方华创;NAURA Technology Group;NAURA Technology,observed_company_universe; needs_match_review_low_strength_seen
CSI300:002384,CSI300,002384,东山精密,东山精密,SSE/SZSE,CNY,observed_company_universe,,,covid19_first_wave;israel_palestine_conflict_2023;us_israel_iran_conflict_2025,gdelt_only,unknown,csi300_gdelt_english_news,Suzhou Dongshan Precision Manufacturing,observed_company_universe; observed_company_scope
CSI300:002410,CSI300,002410,广联达,广联达,SSE/SZSE,CNY,observed_company_universe,,,covid19_first_wave;russia_ukraine_conflict_2022;israel_palestine_conflict_2023;us_israel_iran_conflict_2025,main_and_gdelt,unknown,csi300_gdelt_english_news;csi300_news,广联达;Glodon,observed_company_universe; observed_company_scope
CSI300:002411,CSI300,002411,延安必康,延安必康,SSE/SZSE,CNY,observed_company_universe,,,covid19_first_wave,main_only_or_main_plus_supplement,unknown,csi300_news,延安必康,observed_company_universe; observed_company_scope
CSI300:002414,CSI300,002414,高德红外,高德红外,SSE/SZSE,CNY,observed_company_universe,,,covid19_first_wave;russia_ukraine_conflict_2022;israel_palestine_conflict_2023;us_israel_iran_conflict_2025,main_and_gdelt,unknown,csi300_gdelt_english_news;csi300_news,Wuhan Guide Infrared;高德红外;002414.CH,observed_company_universe; needs_match_review_low_strength_seen
CSI300:002415,CSI300,002415,海康威视,海康威视,SSE/SZSE,CNY,observed_company_universe,,,covid19_first_wave;russia_ukraine_conflict_2022;israel_palestine_conflict_2023;us_israel_iran_conflict_2025,main_and_gdelt,unknown,csi300_gdelt_english_news;csi300_news,海康威视;Hikvision;Hangzhou Hikvision Digital Technology;Hangzhou Hikvision,observed_company_universe; needs_match_review_low_strength_seen
CSI300:002422,CSI300,002422,科伦药业,科伦药业,SSE/SZSE,CNY,observed_company_universe,,,covid19_first_wave;russia_ukraine_conflict_2022;israel_palestine_conflict_2023;us_israel_iran_conflict_2025,main_and_gdelt,unknown,csi300_gdelt_english_news;csi300_news,Sichuan Kelun Pharmaceutical;科伦药业,observed_company_universe; observed_company_scope
CSI300:002456,CSI300,002456,欧菲光,欧菲光,SSE/SZSE,CNY,observed_company_universe,,,covid19_first_wave;russia_ukraine_conflict_2022;israel_palestine_conflict_2023,main_and_gdelt,unknown,csi300_gdelt_english_news;csi300_news,欧菲光;OFILM Group;sz.002456,observed_company_universe; observed_company_scope
CSI300:002459,CSI300,002459,晶澳科技,晶澳科技,SSE/SZSE,CNY,observed_company_universe,,,covid19_first_wave;russia_ukraine_conflict_2022;israel_palestine_conflict_2023;us_israel_iran_conflict_2025,main_and_gdelt,unknown,csi300_gdelt_english_news;csi300_news,JA Solar Technology;晶澳科技,observed_company_universe; observed_company_scope
CSI300:002460,CSI300,002460,赣锋锂业,赣锋锂业,SSE/SZSE,CNY,observed_company_universe,,,covid19_first_wave;russia_ukraine_conflict_2022;israel_palestine_conflict_2023;us_israel_iran_conflict_2025,main_and_gdelt,unknown,csi300_gdelt_english_news;csi300_news,Ganfeng Lithium;赣锋锂业;Ganfeng Lithium Group,observed_company_universe; observed_company_scope
CSI300:002463,CSI300,002463,沪电股份,沪电股份,SSE/SZSE,CNY,observed_company_universe,,,us_israel_iran_conflict_2025,main_only_or_main_plus_supplement,unknown,csi300_news,沪电股份,observed_company_universe; observed_company_scope
CSI300:002466,CSI300,002466,天齐锂业,天齐锂业,SSE/SZSE,CNY,observed_company_universe,,,covid19_first_wave;russia_ukraine_conflict_2022;israel_palestine_conflict_2023;us_israel_iran_conflict_2025,main_and_gdelt,unknown,csi300_gdelt_english_news;csi300_news,Tianqi Lithium;天齐锂业;Tianqi Lithium Corporation,observed_company_universe; observed_company_scope
CSI300:002468,CSI300,002468,申通快递,申通快递,SSE/SZSE,CNY,observed_company_universe,,,covid19_first_wave;russia_ukraine_conflict_2022,main_and_gdelt,unknown,csi300_gdelt_english_news;csi300_news,申通快递;STO Express,observed_company_universe; observed_company_scope
CSI300:002475,CSI300,002475,立讯精密,立讯精密,SSE/SZSE,CNY,observed_company_universe,,,covid19_first_wave;russia_ukraine_conflict_2022;israel_palestine_conflict_2023;us_israel_iran_conflict_2025,main_and_gdelt,unknown,csi300_gdelt_english_news;csi300_news,立讯精密;Luxshare Precision Industry;Luxshare Precision;Luxshare;sz.002475,observed_company_universe; needs_match_review_low_strength_seen
CSI300:002493,CSI300,002493,荣盛石化,荣盛石化,SSE/SZSE,CNY,observed_company_universe,,,covid19_first_wave;russia_ukraine_conflict_2022;israel_palestine_conflict_2023;us_israel_iran_conflict_2025,main_and_gdelt,unknown,csi300_gdelt_english_news;csi300_news,Rongsheng Petrochemical;荣盛石化;Rongsheng Petro Chemical,observed_company_universe; observed_company_scope
CSI300:002508,CSI300,002508,老板电器,老板电器,SSE/SZSE,CNY,observed_company_universe,,,covid19_first_wave;russia_ukraine_conflict_2022,main_and_gdelt,unknown,csi300_gdelt_english_news;csi300_news,老板电器;Hangzhou Robam Appliances,observed_company_universe; observed_company_scope
CSI300:002555,CSI300,002555,三七互娱,三七互娱,SSE/SZSE,CNY,observed_company_universe,,,covid19_first_wave;russia_ukraine_conflict_2022;israel_palestine_conflict_2023;us_israel_iran_conflict_2025,main_only_or_main_plus_supplement,unknown,csi300_news,三七互娱,observed_company_universe; observed_company_scope
CSI300:002558,CSI300,002558,巨人网络,巨人网络,SSE/SZSE,CNY,observed_company_universe,,,covid19_first_wave;russia_ukraine_conflict_2022;israel_palestine_conflict_2023;us_israel_iran_conflict_2025,main_and_gdelt,unknown,csi300_gdelt_english_news;csi300_news,Giant Network Group;巨人网络,observed_company_universe; observed_company_scope
CSI300:002568,CSI300,002568,百润股份,百润股份,SSE/SZSE,CNY,observed_company_universe,,,russia_ukraine_conflict_2022,main_only_or_main_plus_supplement,unknown,csi300_news,百润股份,observed_company_universe; observed_company_scope
CSI300:002594,CSI300,002594,比亚迪,比亚迪,SSE/SZSE,CNY,observed_company_universe,,,covid19_first_wave;russia_ukraine_conflict_2022;israel_palestine_conflict_2023;us_israel_iran_conflict_2025,main_and_gdelt,unknown,csi300_gdelt_english_news;csi300_news,BYD;比亚迪;BYD Company,observed_company_universe; needs_match_review_low_strength_seen
CSI300:002600,CSI300,002600,领益智造,领益智造,SSE/SZSE,CNY,observed_company_universe,,,russia_ukraine_conflict_2022,main_only_or_main_plus_supplement,unknown,csi300_news,领益智造,observed_company_universe; observed_company_scope
CSI300:002601,CSI300,002601,龙佰集团,龙佰集团,SSE/SZSE,CNY,observed_company_universe,,,covid19_first_wave;russia_ukraine_conflict_2022;israel_palestine_conflict_2023;us_israel_iran_conflict_2025,main_and_gdelt,unknown,csi300_gdelt_english_news;csi300_news,LB Group;龙佰集团;龙蟒佰利;Lomon Billions;龙佰,observed_company_universe; observed_company_scope
CSI300:002602,CSI300,002602,世纪华通,世纪华通,SSE/SZSE,CNY,observed_company_universe,,,covid19_first_wave;russia_ukraine_conflict_2022,main_and_gdelt,unknown,csi300_gdelt_english_news;csi300_news,世纪华通;Zhejiang Century Huatong Group,observed_company_universe; observed_company_scope
CSI300:002603,CSI300,002603,以岭药业,以岭药业,SSE/SZSE,CNY,observed_company_universe,,,covid19_first_wave;russia_ukraine_conflict_2022;israel_palestine_conflict_2023,gdelt_only,unknown,csi300_gdelt_english_news,Shijiazhuang Yiling Pharmaceutical,observed_company_universe; observed_company_scope
CSI300:002607,CSI300,002607,中公教育,中公教育,SSE/SZSE,CNY,observed_company_universe,,,covid19_first_wave;russia_ukraine_conflict_2022;israel_palestine_conflict_2023,main_and_gdelt,unknown,csi300_gdelt_english_news;csi300_news,中公教育;Offcn Education Technology,observed_company_universe; observed_company_scope
CSI300:002624,CSI300,002624,完美世界,完美世界,SSE/SZSE,CNY,observed_company_universe,,,covid19_first_wave;russia_ukraine_conflict_2022;israel_palestine_conflict_2023;us_israel_iran_conflict_2025,main_and_gdelt,unknown,csi300_gdelt_english_news;csi300_news,Perfect World;完美世界,observed_company_universe; observed_company_scope
CSI300:002625,CSI300,002625,光启技术,光启技术,SSE/SZSE,CNY,observed_company_universe,,,covid19_first_wave,gdelt_only,unknown,csi300_gdelt_english_news,Kuang-Chi Technologies,observed_company_universe; observed_company_scope
CSI300:002648,CSI300,002648,卫星化学,卫星化学,SSE/SZSE,CNY,observed_company_universe,,,israel_palestine_conflict_2023;us_israel_iran_conflict_2025,main_and_gdelt,unknown,csi300_gdelt_english_news;csi300_news,卫星化学;Satellite Chemical,observed_company_universe; observed_company_scope
CSI300:002673,CSI300,002673,西部证券,西部证券,SSE/SZSE,CNY,observed_company_universe,,,covid19_first_wave;russia_ukraine_conflict_2022;israel_palestine_conflict_2023;us_israel_iran_conflict_2025,main_and_gdelt,unknown,csi300_gdelt_english_news;csi300_news,Western Securities;西部证券,observed_company_universe; observed_company_scope
CSI300:002709,CSI300,002709,天赐材料,天赐材料,SSE/SZSE,CNY,observed_company_universe,,,covid19_first_wave;russia_ukraine_conflict_2022;israel_palestine_conflict_2023;us_israel_iran_conflict_2025,main_and_gdelt,unknown,csi300_gdelt_english_news;csi300_news,天赐材料;Guangzhou Tinci Materials Technology,observed_company_universe; observed_company_scope
CSI300:002714,CSI300,002714,牧原股份,牧原股份,SSE/SZSE,CNY,observed_company_universe,,,covid19_first_wave;russia_ukraine_conflict_2022;israel_palestine_conflict_2023;us_israel_iran_conflict_2025,main_and_gdelt,unknown,csi300_gdelt_english_news;csi300_news,牧原股份;Muyuan Foods;Muyuan;sz.002714,observed_company_universe; needs_match_review_low_strength_seen
CSI300:002736,CSI300,002736,国信证券,国信证券,SSE/SZSE,CNY,observed_company_universe,,,covid19_first_wave;russia_ukraine_conflict_2022;israel_palestine_conflict_2023;us_israel_iran_conflict_2025,main_and_gdelt,unknown,csi300_gdelt_english_news;csi300_news,国信证券;Guosen Securities,observed_company_universe; observed_company_scope
CSI300:002739,CSI300,002739,万达电影,万达电影,SSE/SZSE,CNY,observed_company_universe,,,covid19_first_wave,main_only_or_main_plus_supplement,unknown,csi300_news,万达电影,observed_company_universe; observed_company_scope
CSI300:002756,CSI300,002756,永兴材料,永兴材料,SSE/SZSE,CNY,observed_company_universe,,,russia_ukraine_conflict_2022;israel_palestine_conflict_2023,main_and_gdelt,unknown,csi300_gdelt_english_news;csi300_news,永兴材料;Yongxing Special Materials Technology,observed_company_universe; observed_company_scope
CSI300:002773,CSI300,002773,康弘药业,康弘药业,SSE/SZSE,CNY,observed_company_universe,,,covid19_first_wave;russia_ukraine_conflict_2022;israel_palestine_conflict_2023,main_and_gdelt,unknown,csi300_gdelt_english_news;csi300_news,康弘药业;Chengdu Kanghong Pharmaceutical Group,observed_company_universe; observed_company_scope
CSI300:002791,CSI300,002791,坚朗五金,坚朗五金,SSE/SZSE,CNY,observed_company_universe,,,covid19_first_wave;russia_ukraine_conflict_2022,main_and_gdelt,unknown,csi300_gdelt_english_news;csi300_news,坚朗五金;Guangdong KinLong Hardware Products,observed_company_universe; observed_company_scope
CSI300:002812,CSI300,002812,恩捷股份,恩捷股份,SSE/SZSE,CNY,observed_company_universe,,,covid19_first_wave;russia_ukraine_conflict_2022;israel_palestine_conflict_2023;us_israel_iran_conflict_2025,main_and_gdelt,unknown,csi300_gdelt_english_news;csi300_news,恩捷股份;Yunnan Energy New Material;Semcorp,observed_company_universe; needs_match_review_low_strength_seen
CSI300:002821,CSI300,002821,凯莱英,凯莱英,SSE/SZSE,CNY,observed_company_universe,,,russia_ukraine_conflict_2022;israel_palestine_conflict_2023,main_only_or_main_plus_supplement,unknown,csi300_news,凯莱英,observed_company_universe; observed_company_scope
CSI300:002841,CSI300,002841,视源股份,视源股份,SSE/SZSE,CNY,observed_company_universe,,,covid19_first_wave;russia_ukraine_conflict_2022;israel_palestine_conflict_2023;us_israel_iran_conflict_2025,main_and_gdelt,unknown,csi300_gdelt_english_news;csi300_news,视源股份;Giant Network;Guangzhou Shiyuan Electronic Technology Company Limited;Guangzhou Shiyuan Electronic Technology,observed_company_universe; observed_company_scope
CSI300:002916,CSI300,002916,深南电路,深南电路,SSE/SZSE,CNY,observed_company_universe,,,covid19_first_wave;russia_ukraine_conflict_2022;israel_palestine_conflict_2023;us_israel_iran_conflict_2025,main_and_gdelt,unknown,csi300_gdelt_english_news;csi300_news,深南电路;Shennan Circuits,observed_company_universe; observed_company_scope
CSI300:002920,CSI300,002920,德赛西威,德赛西威,SSE/SZSE,CNY,observed_company_universe,,,israel_palestine_conflict_2023;us_israel_iran_conflict_2025,main_and_gdelt,unknown,csi300_gdelt_english_news;csi300_news,德赛西威;Huizhou Desay SV Automotive,observed_company_universe; observed_company_scope
CSI300:002938,CSI300,002938,鹏鼎控股,鹏鼎控股,SSE/SZSE,CNY,observed_company_universe,,,covid19_first_wave;russia_ukraine_conflict_2022;israel_palestine_conflict_2023;us_israel_iran_conflict_2025,main_only_or_main_plus_supplement,unknown,csi300_news,鹏鼎控股,observed_company_universe; observed_company_scope
CSI300:002939,CSI300,002939,长城证券,长城证券,SSE/SZSE,CNY,observed_company_universe,,,covid19_first_wave;israel_palestine_conflict_2023;us_israel_iran_conflict_2025,main_and_gdelt,unknown,csi300_gdelt_english_news;csi300_news,长城证券;China Great Wall Securities,observed_company_universe; observed_company_scope
CSI300:002945,CSI300,002945,华林证券,华林证券,SSE/SZSE,CNY,observed_company_universe,,,covid19_first_wave;russia_ukraine_conflict_2022,main_and_gdelt,unknown,csi300_gdelt_english_news;csi300_news,华林证券;ChinaLin Securities,observed_company_universe; observed_company_scope
CSI300:002958,CSI300,002958,青农商行,青农商行,SSE/SZSE,CNY,observed_company_universe,,,covid19_first_wave,main_only_or_main_plus_supplement,unknown,csi300_news,青农商行,observed_company_universe; observed_company_scope
CSI300:003816,CSI300,003816,中国广核,中国广核,SSE/SZSE,CNY,observed_company_universe,,,russia_ukraine_conflict_2022;israel_palestine_conflict_2023;us_israel_iran_conflict_2025,main_only_or_main_plus_supplement,unknown,csi300_news,中国广核,observed_company_universe; observed_company_scope
CSI300:300003,CSI300,300003,乐普医疗,乐普医疗,SSE/SZSE,CNY,observed_company_universe,,,covid19_first_wave;russia_ukraine_conflict_2022,main_only_or_main_plus_supplement,unknown,csi300_news,乐普医疗,observed_company_universe; observed_company_scope
CSI300:300014,CSI300,300014,亿纬锂能,亿纬锂能,SSE/SZSE,CNY,observed_company_universe,,,covid19_first_wave;russia_ukraine_conflict_2022;israel_palestine_conflict_2023;us_israel_iran_conflict_2025,main_and_gdelt,unknown,csi300_gdelt_english_news;csi300_news,EVE;亿纬锂能,observed_company_universe; needs_match_review_low_strength_seen
CSI300:300015,CSI300,300015,爱尔眼科,爱尔眼科,SSE/SZSE,CNY,observed_company_universe,,,covid19_first_wave;russia_ukraine_conflict_2022;israel_palestine_conflict_2023;us_israel_iran_conflict_2025,main_and_gdelt,unknown,csi300_gdelt_english_news;csi300_news,Aier;爱尔眼科,observed_company_universe; needs_match_review_low_strength_seen
CSI300:300017,CSI300,300017,网宿科技,网宿科技,SSE/SZSE,CNY,observed_company_universe,,,covid19_first_wave,main_only_or_main_plus_supplement,unknown,csi300_news,网宿科技,observed_company_universe; observed_company_scope
CSI300:300024,CSI300,300024,机器人,机器人,SSE/SZSE,CNY,observed_company_universe,,,covid19_first_wave,main_only_or_main_plus_supplement,unknown,csi300_news,机器人,observed_company_universe; observed_company_scope
CSI300:300033,CSI300,300033,同花顺,同花顺,SSE/SZSE,CNY,observed_company_universe,,,covid19_first_wave;russia_ukraine_conflict_2022;israel_palestine_conflict_2023;us_israel_iran_conflict_2025,main_and_gdelt,unknown,csi300_gdelt_english_news;csi300_news,同花顺;Hithink RoyalFlush Information Network,observed_company_universe; observed_company_scope
CSI300:300059,CSI300,300059,东方财富,东方财富,SSE/SZSE,CNY,observed_company_universe,,,covid19_first_wave;russia_ukraine_conflict_2022;israel_palestine_conflict_2023;us_israel_iran_conflict_2025,main_and_gdelt,unknown,csi300_gdelt_english_news;csi300_news,东方财富;East Money;East Money Information;sz.300059,observed_company_universe; observed_company_scope
CSI300:300070,CSI300,300070,碧水源,碧水源,SSE/SZSE,CNY,observed_company_universe,,,covid19_first_wave,main_and_gdelt,unknown,csi300_gdelt_english_news;csi300_news,碧水源;Beijing Originwater Technology,observed_company_universe; observed_company_scope
CSI300:300122,CSI300,300122,智飞生物,智飞生物,SSE/SZSE,CNY,observed_company_universe,,,covid19_first_wave;russia_ukraine_conflict_2022;israel_palestine_conflict_2023;us_israel_iran_conflict_2025,main_and_gdelt,unknown,csi300_gdelt_english_news;csi300_news,智飞生物;Zhifei Biological;Chongqing Zhifei Biological Products;Chongqing Zhifei,observed_company_universe; observed_company_scope
CSI300:300124,CSI300,300124,汇川技术,汇川技术,SSE/SZSE,CNY,observed_company_universe,,,covid19_first_wave;russia_ukraine_conflict_2022;israel_palestine_conflict_2023;us_israel_iran_conflict_2025,main_and_gdelt,unknown,csi300_gdelt_english_news;csi300_news,汇川技术;Inovance;Shenzhen Inovance Technology;Shenzhen Inovance,observed_company_universe; needs_match_review_low_strength_seen
CSI300:300136,CSI300,300136,信维通信,信维通信,SSE/SZSE,CNY,observed_company_universe,,,covid19_first_wave;russia_ukraine_conflict_2022;israel_palestine_conflict_2023,main_and_gdelt,unknown,csi300_gdelt_english_news;csi300_news,Shenzhen Sunway Communication;信维通信,observed_company_universe; observed_company_scope
CSI300:300142,CSI300,300142,沃森生物,沃森生物,SSE/SZSE,CNY,observed_company_universe,,,covid19_first_wave;russia_ukraine_conflict_2022;israel_palestine_conflict_2023;us_israel_iran_conflict_2025,main_and_gdelt,unknown,csi300_gdelt_english_news;csi300_news,Walvax Biotechnology;沃森生物;Walvax,observed_company_universe; needs_match_review_low_strength_seen
CSI300:300144,CSI300,300144,宋城演艺,宋城演艺,SSE/SZSE,CNY,observed_company_universe,,,covid19_first_wave;russia_ukraine_conflict_2022;israel_palestine_conflict_2023,main_and_gdelt,unknown,csi300_gdelt_english_news;csi300_news,宋城演艺;Songcheng Performance Development,observed_company_universe; observed_company_scope
CSI300:300207,CSI300,300207,欣旺达,欣旺达,SSE/SZSE,CNY,observed_company_universe,,,covid19_first_wave;russia_ukraine_conflict_2022;israel_palestine_conflict_2023;us_israel_iran_conflict_2025,main_and_gdelt,unknown,csi300_gdelt_english_news;csi300_news,Sunwoda Electronic;欣旺达,observed_company_universe; observed_company_scope
CSI300:300223,CSI300,300223,北京君正,北京君正,SSE/SZSE,CNY,observed_company_universe,,,covid19_first_wave;russia_ukraine_conflict_2022;israel_palestine_conflict_2023,main_and_gdelt,unknown,csi300_gdelt_english_news;csi300_news,北京君正;Ingenic Semiconductor,observed_company_universe; observed_company_scope
CSI300:300251,CSI300,300251,光线传媒,光线传媒,SSE/SZSE,CNY,observed_company_universe,,,covid19_first_wave;russia_ukraine_conflict_2022;us_israel_iran_conflict_2025,gdelt_only,unknown,csi300_gdelt_english_news,Beijing Enlight Media,observed_company_universe; observed_company_scope
CSI300:300274,CSI300,300274,阳光电源,阳光电源,SSE/SZSE,CNY,observed_company_universe,,,covid19_first_wave;russia_ukraine_conflict_2022;israel_palestine_conflict_2023;us_israel_iran_conflict_2025,main_and_gdelt,unknown,csi300_gdelt_english_news;csi300_news,Sungrow;阳光电源;Sungrow Power Supply;Sungrow Power,observed_company_universe; needs_match_review_low_strength_seen
CSI300:300308,CSI300,300308,中际旭创,中际旭创,SSE/SZSE,CNY,observed_company_universe,,,covid19_first_wave;russia_ukraine_conflict_2022;israel_palestine_conflict_2023;us_israel_iran_conflict_2025,main_and_gdelt,unknown,csi300_gdelt_english_news;csi300_news,Innolight;Zhongji Innolight;中际旭创,observed_company_universe; observed_company_scope
CSI300:300316,CSI300,300316,晶盛机电,晶盛机电,SSE/SZSE,CNY,observed_company_universe,,,russia_ukraine_conflict_2022;israel_palestine_conflict_2023;us_israel_iran_conflict_2025,main_only_or_main_plus_supplement,unknown,csi300_news,晶盛机电,observed_company_universe; observed_company_scope
CSI300:300347,CSI300,300347,泰格医药,泰格医药,SSE/SZSE,CNY,observed_company_universe,,,covid19_first_wave;russia_ukraine_conflict_2022;israel_palestine_conflict_2023;us_israel_iran_conflict_2025,main_and_gdelt,unknown,csi300_gdelt_english_news;csi300_news,泰格医药;Tigermed;Hangzhou Tigermed Consulting;Hangzhou Tigermed,observed_company_universe; needs_match_review_low_strength_seen
CSI300:300394,CSI300,300394,天孚通信,天孚通信,SSE/SZSE,CNY,observed_company_universe,,,us_israel_iran_conflict_2025,main_only_or_main_plus_supplement,unknown,csi300_news,天孚通信,observed_company_universe; observed_company_scope
CSI300:300408,CSI300,300408,三环集团,三环集团,SSE/SZSE,CNY,observed_company_universe,,,covid19_first_wave;russia_ukraine_conflict_2022;israel_palestine_conflict_2023;us_israel_iran_conflict_2025,main_and_gdelt,unknown,csi300_gdelt_english_news;csi300_news,三环;三环集团;Chaozhou Three-Circle,observed_company_universe; observed_company_scope
CSI300:300413,CSI300,300413,芒果超媒,芒果超媒,SSE/SZSE,CNY,observed_company_universe,,,covid19_first_wave;russia_ukraine_conflict_2022;israel_palestine_conflict_2023;us_israel_iran_conflict_2025,main_and_gdelt,unknown,csi300_gdelt_english_news;csi300_news,芒果超媒;Mango Excellent Media;sz.300413,observed_company_universe; observed_company_scope
CSI300:300418,CSI300,300418,昆仑万维,昆仑万维,SSE/SZSE,CNY,observed_company_universe,,,covid19_first_wave;russia_ukraine_conflict_2022;israel_palestine_conflict_2023;us_israel_iran_conflict_2025,main_and_gdelt,unknown,csi300_gdelt_english_news;csi300_news,Kunlun Tech;昆仑万维;sz.300418,observed_company_universe; observed_company_scope
CSI300:300433,CSI300,300433,蓝思科技,蓝思科技,SSE/SZSE,CNY,observed_company_universe,,,covid19_first_wave;russia_ukraine_conflict_2022;israel_palestine_conflict_2023;us_israel_iran_conflict_2025,main_and_gdelt,unknown,csi300_gdelt_english_news;csi300_news,Lens Technology;蓝思科技,observed_company_universe; observed_company_scope
CSI300:300442,CSI300,300442,润泽科技,润泽科技,SSE/SZSE,CNY,observed_company_universe,,,israel_palestine_conflict_2023;us_israel_iran_conflict_2025,main_and_gdelt,unknown,csi300_gdelt_english_news;csi300_news,润泽科技;Range Intelligent Computing Technology Group;sz.300442,observed_company_universe; observed_company_scope
CSI300:300450,CSI300,300450,先导智能,先导智能,SSE/SZSE,CNY,observed_company_universe,,,covid19_first_wave;russia_ukraine_conflict_2022;israel_palestine_conflict_2023;us_israel_iran_conflict_2025,main_and_gdelt,unknown,csi300_gdelt_english_news;csi300_news,先导智能;Wuxi Lead Intelligent Equipment;Lead Intelligent;Wuxi Lead Intelligent,observed_company_universe; observed_company_scope
CSI300:300454,CSI300,300454,深信服,深信服,SSE/SZSE,CNY,observed_company_universe,,,covid19_first_wave;russia_ukraine_conflict_2022;israel_palestine_conflict_2023;us_israel_iran_conflict_2025,main_and_gdelt,unknown,csi300_gdelt_english_news;csi300_news,Sangfor Technologies;深信服;Sangfor Technologies Inc,observed_company_universe; observed_company_scope
CSI300:300496,CSI300,300496,中科创达,中科创达,SSE/SZSE,CNY,observed_company_universe,,,covid19_first_wave;israel_palestine_conflict_2023;us_israel_iran_conflict_2025,main_and_gdelt,unknown,csi300_gdelt_english_news;csi300_news,中科创达;Thunder Software Technology,observed_company_universe; observed_company_scope
CSI300:300498,CSI300,300498,温氏股份,温氏股份,SSE/SZSE,CNY,observed_company_universe,,,covid19_first_wave;russia_ukraine_conflict_2022;israel_palestine_conflict_2023;us_israel_iran_conflict_2025,main_and_gdelt,unknown,csi300_gdelt_english_news;csi300_news,温氏股份;Wens Foodstuff Group;Wens Foodstuff;Wens Food;温氏,observed_company_universe; observed_company_scope
CSI300:300502,CSI300,300502,新易盛,新易盛,SSE/SZSE,CNY,observed_company_universe,,,covid19_first_wave;russia_ukraine_conflict_2022;israel_palestine_conflict_2023;us_israel_iran_conflict_2025,main_and_gdelt,unknown,csi300_gdelt_english_news;csi300_news,Eoptolink Technology;新易盛,observed_company_universe; observed_company_scope
CSI300:300529,CSI300,300529,健帆生物,健帆生物,SSE/SZSE,CNY,observed_company_universe,,,russia_ukraine_conflict_2022;israel_palestine_conflict_2023,main_and_gdelt,unknown,csi300_gdelt_english_news;csi300_news,健帆生物;Jafron Biomedical,observed_company_universe; observed_company_scope
CSI300:300558,CSI300,300558,贝达药业,贝达药业,SSE/SZSE,CNY,observed_company_universe,,,covid19_first_wave;russia_ukraine_conflict_2022;israel_palestine_conflict_2023;us_israel_iran_conflict_2025,main_and_gdelt,unknown,csi300_gdelt_english_news;csi300_news,Betta Pharmaceuticals;贝达药业,observed_company_universe; observed_company_scope
CSI300:300595,CSI300,300595,欧普康视,欧普康视,SSE/SZSE,CNY,observed_company_universe,,,covid19_first_wave;russia_ukraine_conflict_2022,main_and_gdelt,unknown,csi300_gdelt_english_news;csi300_news,欧普康视;Autek China,observed_company_universe; observed_company_scope
CSI300:300601,CSI300,300601,康泰生物,康泰生物,SSE/SZSE,CNY,observed_company_universe,,,covid19_first_wave;russia_ukraine_conflict_2022;israel_palestine_conflict_2023;us_israel_iran_conflict_2025,main_and_gdelt,unknown,csi300_gdelt_english_news;csi300_news,康泰生物;Shenzhen Kangtai Biological Products,observed_company_universe; observed_company_scope
CSI300:300628,CSI300,300628,亿联网络,亿联网络,SSE/SZSE,CNY,observed_company_universe,,,russia_ukraine_conflict_2022;israel_palestine_conflict_2023;us_israel_iran_conflict_2025,main_only_or_main_plus_supplement,unknown,csi300_news,亿联网络,observed_company_universe; observed_company_scope
CSI300:300661,CSI300,300661,圣邦股份,圣邦股份,SSE/SZSE,CNY,observed_company_universe,,,russia_ukraine_conflict_2022;israel_palestine_conflict_2023;us_israel_iran_conflict_2025,main_and_gdelt,unknown,csi300_gdelt_english_news;csi300_news,圣邦股份;SG Micro Corp;圣邦,observed_company_universe; observed_company_scope
CSI300:300676,CSI300,300676,华大基因,华大基因,SSE/SZSE,CNY,observed_company_universe,,,russia_ukraine_conflict_2022;israel_palestine_conflict_2023,main_and_gdelt,unknown,csi300_gdelt_english_news;csi300_news,华大基因;BGI Genomics,observed_company_universe; observed_company_scope
CSI300:300677,CSI300,300677,英科医疗,英科医疗,SSE/SZSE,CNY,observed_company_universe,,,covid19_first_wave;russia_ukraine_conflict_2022;israel_palestine_conflict_2023,main_and_gdelt,unknown,csi300_gdelt_english_news;csi300_news,英科医疗;Intco Medical Technology,observed_company_universe; observed_company_scope
CSI300:300750,CSI300,300750,宁德时代,宁德时代,SSE/SZSE,CNY,observed_company_universe,,,covid19_first_wave;russia_ukraine_conflict_2022;israel_palestine_conflict_2023;us_israel_iran_conflict_2025,main_and_gdelt,unknown,csi300_gdelt_english_news;csi300_news,CATL;宁德时代;Contemporary Amperex Technology,observed_company_universe; needs_match_review_low_strength_seen
CSI300:300751,CSI300,300751,迈为股份,迈为股份,SSE/SZSE,CNY,observed_company_universe,,,israel_palestine_conflict_2023,main_and_gdelt,unknown,csi300_gdelt_english_news;csi300_news,迈为股份;Suzhou Maxwell Technologies,observed_company_universe; observed_company_scope
CSI300:300759,CSI300,300759,康龙化成,康龙化成,SSE/SZSE,CNY,observed_company_universe,,,covid19_first_wave;russia_ukraine_conflict_2022;israel_palestine_conflict_2023;us_israel_iran_conflict_2025,main_and_gdelt,unknown,csi300_gdelt_english_news;csi300_news,康龙化成;Pharmaron Beijing;Pharmaron,observed_company_universe; needs_match_review_low_strength_seen
CSI300:300760,CSI300,300760,迈瑞医疗,迈瑞医疗,SSE/SZSE,CNY,observed_company_universe,,,covid19_first_wave;russia_ukraine_conflict_2022;israel_palestine_conflict_2023;us_israel_iran_conflict_2025,main_and_gdelt,unknown,csi300_gdelt_english_news;csi300_news,Mindray Medical;迈瑞医疗;Mindray;Shenzhen Mindray Bio-Medical Electronics,observed_company_universe; needs_match_review_low_strength_seen
CSI300:300763,CSI300,300763,锦浪科技,锦浪科技,SSE/SZSE,CNY,observed_company_universe,,,covid19_first_wave;russia_ukraine_conflict_2022;israel_palestine_conflict_2023;us_israel_iran_conflict_2025,main_and_gdelt,unknown,csi300_gdelt_english_news;csi300_news,Ginlong Technologies;锦浪科技,observed_company_universe; observed_company_scope
CSI300:300769,CSI300,300769,德方纳米,德方纳米,SSE/SZSE,CNY,observed_company_universe,,,covid19_first_wave;russia_ukraine_conflict_2022;israel_palestine_conflict_2023;us_israel_iran_conflict_2025,main_and_gdelt,unknown,csi300_gdelt_english_news;csi300_news,德方纳米;Shenzhen Dynanonic,observed_company_universe; observed_company_scope
CSI300:300782,CSI300,300782,卓胜微,卓胜微,SSE/SZSE,CNY,observed_company_universe,,,covid19_first_wave;russia_ukraine_conflict_2022;israel_palestine_conflict_2023;us_israel_iran_conflict_2025,main_and_gdelt,unknown,csi300_gdelt_english_news;csi300_news,卓胜微;Maxscend Microelectronics;Maxscend,observed_company_universe; observed_company_scope
CSI300:300832,CSI300,300832,新产业,新产业,SSE/SZSE,CNY,observed_company_universe,,,russia_ukraine_conflict_2022;us_israel_iran_conflict_2025,main_and_gdelt,unknown,csi300_gdelt_english_news;csi300_news,新产业;ShenZhen New Industries Biomedical Engineering,observed_company_universe; observed_company_scope
CSI300:300866,CSI300,300866,安克创新,安克创新,SSE/SZSE,CNY,observed_company_universe,,,russia_ukraine_conflict_2022;israel_palestine_conflict_2023;us_israel_iran_conflict_2025,main_and_gdelt,unknown,csi300_gdelt_english_news;csi300_news,Anker Innovations Technology;安克创新,observed_company_universe; observed_company_scope
CSI300:300888,CSI300,300888,稳健医疗,稳健医疗,SSE/SZSE,CNY,observed_company_universe,,,covid19_first_wave;russia_ukraine_conflict_2022;israel_palestine_conflict_2023;us_israel_iran_conflict_2025,main_and_gdelt,unknown,csi300_gdelt_english_news;csi300_news,Winner Medical;稳健医疗,observed_company_universe; observed_company_scope
CSI300:300896,CSI300,300896,爱美客,爱美客,SSE/SZSE,CNY,observed_company_universe,,,covid19_first_wave;russia_ukraine_conflict_2022;israel_palestine_conflict_2023;us_israel_iran_conflict_2025,main_and_gdelt,unknown,csi300_gdelt_english_news;csi300_news,爱美客;Imeik Technology Development,observed_company_universe; observed_company_scope
CSI300:300919,CSI300,300919,中伟股份,中伟股份,SSE/SZSE,CNY,observed_company_universe,,,russia_ukraine_conflict_2022;israel_palestine_conflict_2023,main_and_gdelt,unknown,csi300_gdelt_english_news;csi300_news,中伟股份;CNGR Advanced Material;中伟,observed_company_universe; observed_company_scope
CSI300:300957,CSI300,300957,贝泰妮,贝泰妮,SSE/SZSE,CNY,observed_company_universe,,,russia_ukraine_conflict_2022;israel_palestine_conflict_2023;us_israel_iran_conflict_2025,main_and_gdelt,unknown,csi300_gdelt_english_news;csi300_news,贝泰妮;Yunnan Botanee Bio-Technology Group,observed_company_universe; observed_company_scope
CSI300:300979,CSI300,300979,华利集团,华利集团,SSE/SZSE,CNY,observed_company_universe,,,russia_ukraine_conflict_2022;israel_palestine_conflict_2023;us_israel_iran_conflict_2025,main_and_gdelt,unknown,csi300_gdelt_english_news;csi300_news,Huali Industrial Group;华利集团;华利;sz.300979,observed_company_universe; observed_company_scope
CSI300:300999,CSI300,300999,金龙鱼,金龙鱼,SSE/SZSE,CNY,observed_company_universe,,,covid19_first_wave;russia_ukraine_conflict_2022;israel_palestine_conflict_2023;us_israel_iran_conflict_2025,main_and_gdelt,unknown,csi300_gdelt_english_news;csi300_news,金龙鱼;Yihai Kerry Arawana Holdings,observed_company_universe; observed_company_scope
CSI300:301269,CSI300,301269,华大九天,华大九天,SSE/SZSE,CNY,observed_company_universe,,,russia_ukraine_conflict_2022;israel_palestine_conflict_2023;us_israel_iran_conflict_2025,main_and_gdelt,unknown,csi300_gdelt_english_news;csi300_news,Empyrean Technology;华大九天,observed_company_universe; observed_company_scope
CSI300:302132,CSI300,302132,中航成飞,中航成飞,SSE/SZSE,CNY,observed_company_universe,,,russia_ukraine_conflict_2022;israel_palestine_conflict_2023;us_israel_iran_conflict_2025,gdelt_only,unknown,csi300_gdelt_english_news,Avic Chengdu Aircraft,observed_company_universe; observed_company_scope
CSI300:600000,CSI300,600000,浦发银行,浦发银行,SSE/SZSE,CNY,observed_company_universe,,,covid19_first_wave;russia_ukraine_conflict_2022;israel_palestine_conflict_2023;us_israel_iran_conflict_2025,main_and_gdelt,unknown,csi300_gdelt_english_news;csi300_news,Shanghai Pudong Development Bank;浦发银行,observed_company_universe; observed_company_scope
CSI300:600004,CSI300,600004,白云机场,白云机场,SSE/SZSE,CNY,observed_company_universe,,,covid19_first_wave;russia_ukraine_conflict_2022;israel_palestine_conflict_2023;us_israel_iran_conflict_2025,main_and_gdelt,unknown,csi300_gdelt_english_news;csi300_news,Guangzhou Baiyun International Airport;白云机场,observed_company_universe; observed_company_scope
CSI300:600009,CSI300,600009,上海机场,上海机场,SSE/SZSE,CNY,observed_company_universe,,,covid19_first_wave;russia_ukraine_conflict_2022;israel_palestine_conflict_2023;us_israel_iran_conflict_2025,main_and_gdelt,unknown,csi300_gdelt_english_news;csi300_news,Shanghai Airport;上海机场;Shanghai International Airport;sh.600009,observed_company_universe; observed_company_scope
CSI300:600010,CSI300,600010,包钢股份,包钢股份,SSE/SZSE,CNY,observed_company_universe,,,covid19_first_wave;russia_ukraine_conflict_2022;israel_palestine_conflict_2023;us_israel_iran_conflict_2025,main_and_gdelt,unknown,csi300_gdelt_english_news;csi300_news,包钢股份;Baotou Steel;Inner Mongolia BaoTou Steel Union,observed_company_universe; observed_company_scope
CSI300:600011,CSI300,600011,华能国际,华能国际,SSE/SZSE,CNY,observed_company_universe,,,covid19_first_wave;russia_ukraine_conflict_2022;israel_palestine_conflict_2023;us_israel_iran_conflict_2025,main_and_gdelt,unknown,csi300_gdelt_english_news;csi300_news,华能国际;Huaneng Power;Huaneng Power International,observed_company_universe; observed_company_scope
CSI300:600015,CSI300,600015,华夏银行,华夏银行,SSE/SZSE,CNY,observed_company_universe,,,covid19_first_wave;russia_ukraine_conflict_2022;israel_palestine_conflict_2023;us_israel_iran_conflict_2025,main_and_gdelt,unknown,csi300_gdelt_english_news;csi300_news,华夏银行;Hua Xia Bank;Hua Xia Bank Co,observed_company_universe; observed_company_scope
CSI300:600016,CSI300,600016,民生银行,民生银行,SSE/SZSE,CNY,observed_company_universe,,,covid19_first_wave;russia_ukraine_conflict_2022;israel_palestine_conflict_2023;us_israel_iran_conflict_2025,main_and_gdelt,unknown,csi300_gdelt_english_news;csi300_news,China Minsheng Bank;民生银行;Minsheng Bank;China Minsheng Banking Corp,observed_company_universe; observed_company_scope
CSI300:600018,CSI300,600018,上港集团,上港集团,SSE/SZSE,CNY,observed_company_universe,,,covid19_first_wave;russia_ukraine_conflict_2022;israel_palestine_conflict_2023;us_israel_iran_conflict_2025,main_and_gdelt,unknown,csi300_gdelt_english_news;csi300_news,Shanghai International Port;上港集团;SIPG;上港,observed_company_universe; needs_match_review_low_strength_seen
CSI300:600019,CSI300,600019,宝钢股份,宝钢股份,SSE/SZSE,CNY,observed_company_universe,,,covid19_first_wave;russia_ukraine_conflict_2022;israel_palestine_conflict_2023;us_israel_iran_conflict_2025,main_and_gdelt,unknown,csi300_gdelt_english_news;csi300_news,Baosteel;宝钢股份;宝钢;sh.600019,observed_company_universe; needs_match_review_low_strength_seen
CSI300:600023,CSI300,600023,浙能电力,浙能电力,SSE/SZSE,CNY,observed_company_universe,,,covid19_first_wave;us_israel_iran_conflict_2025,main_and_gdelt,unknown,csi300_gdelt_english_news;csi300_news,浙能电力;Zhejiang Zheneng Electric Power,observed_company_universe; observed_company_scope
CSI300:600025,CSI300,600025,华能水电,华能水电,SSE/SZSE,CNY,observed_company_universe,,,covid19_first_wave;russia_ukraine_conflict_2022;israel_palestine_conflict_2023;us_israel_iran_conflict_2025,main_and_gdelt,unknown,csi300_gdelt_english_news;csi300_news,华能水电;Huaneng Lancang River Hydropower;Huaneng Lancang River Hydropower Inc,observed_company_universe; observed_company_scope
CSI300:600026,CSI300,600026,中远海能,中远海能,SSE/SZSE,CNY,observed_company_universe,,,covid19_first_wave;russia_ukraine_conflict_2022;israel_palestine_conflict_2023;us_israel_iran_conflict_2025,main_and_gdelt,unknown,csi300_gdelt_english_news;csi300_news,COSCO Shipping Energy Transportation;中远海能,observed_company_universe; observed_company_scope
CSI300:600027,CSI300,600027,华电国际,华电国际,SSE/SZSE,CNY,observed_company_universe,,,covid19_first_wave;russia_ukraine_conflict_2022;israel_palestine_conflict_2023;us_israel_iran_conflict_2025,main_and_gdelt,unknown,csi300_gdelt_english_news;csi300_news,华电国际;Huadian Power International;Huadian Power International Corporation Limited,observed_company_universe; observed_company_scope
CSI300:600028,CSI300,600028,中国石化,中国石化,SSE/SZSE,CNY,observed_company_universe,,,covid19_first_wave;russia_ukraine_conflict_2022;israel_palestine_conflict_2023;us_israel_iran_conflict_2025,main_and_gdelt,unknown,csi300_gdelt_english_news;csi300_news,Sinopec;中国石化,observed_company_universe; needs_match_review_low_strength_seen
CSI300:600029,CSI300,600029,南方航空,南方航空,SSE/SZSE,CNY,observed_company_universe,,,covid19_first_wave;russia_ukraine_conflict_2022;israel_palestine_conflict_2023;us_israel_iran_conflict_2025,main_and_gdelt,unknown,csi300_gdelt_english_news;csi300_news,China Southern Airlines;南方航空,observed_company_universe; observed_company_scope
CSI300:600030,CSI300,600030,中信证券,中信证券,SSE/SZSE,CNY,observed_company_universe,,,covid19_first_wave;russia_ukraine_conflict_2022;israel_palestine_conflict_2023;us_israel_iran_conflict_2025,main_and_gdelt,unknown,csi300_gdelt_english_news;csi300_news,CITIC Securities;中信证券,observed_company_universe; observed_company_scope
CSI300:600031,CSI300,600031,三一重工,三一重工,SSE/SZSE,CNY,observed_company_universe,,,covid19_first_wave;russia_ukraine_conflict_2022;israel_palestine_conflict_2023;us_israel_iran_conflict_2025,main_and_gdelt,unknown,csi300_gdelt_english_news;csi300_news,Sany;三一重工,observed_company_universe; needs_match_review_low_strength_seen
CSI300:600036,CSI300,600036,招商银行,招商银行,SSE/SZSE,CNY,observed_company_universe,,,covid19_first_wave;russia_ukraine_conflict_2022;israel_palestine_conflict_2023;us_israel_iran_conflict_2025,main_and_gdelt,unknown,csi300_gdelt_english_news;csi300_news,招商银行;CMB;China Merchants Bank,observed_company_universe; needs_match_review_low_strength_seen
CSI300:600038,CSI300,600038,中直股份,中直股份,SSE/SZSE,CNY,observed_company_universe,,,covid19_first_wave,main_only_or_main_plus_supplement,unknown,csi300_news,中直股份,observed_company_universe; observed_company_scope
CSI300:600039,CSI300,600039,四川路桥,四川路桥,SSE/SZSE,CNY,observed_company_universe,,,israel_palestine_conflict_2023;us_israel_iran_conflict_2025,main_only_or_main_plus_supplement,unknown,csi300_news,四川路桥,observed_company_universe; observed_company_scope
CSI300:600048,CSI300,600048,保利发展,保利发展,SSE/SZSE,CNY,observed_company_universe,,,covid19_first_wave;russia_ukraine_conflict_2022;israel_palestine_conflict_2023;us_israel_iran_conflict_2025,main_and_gdelt,unknown,csi300_gdelt_english_news;csi300_news,Poly Developments;保利发展;保利地产,observed_company_universe; observed_company_scope
CSI300:600050,CSI300,600050,中国联通,中国联通,SSE/SZSE,CNY,observed_company_universe,,,covid19_first_wave;russia_ukraine_conflict_2022;israel_palestine_conflict_2023;us_israel_iran_conflict_2025,main_and_gdelt,unknown,csi300_gdelt_english_news;csi300_news,China Unicom;中国联通,observed_company_universe; observed_company_scope
CSI300:600061,CSI300,600061,国投资本,国投资本,SSE/SZSE,CNY,observed_company_universe,,,covid19_first_wave;russia_ukraine_conflict_2022;israel_palestine_conflict_2023;us_israel_iran_conflict_2025,main_only_or_main_plus_supplement,unknown,csi300_news,国投资本,observed_company_universe; observed_company_scope
CSI300:600066,CSI300,600066,宇通客车,宇通客车,SSE/SZSE,CNY,observed_company_universe,,,covid19_first_wave;russia_ukraine_conflict_2022;israel_palestine_conflict_2023;us_israel_iran_conflict_2025,main_and_gdelt,unknown,csi300_gdelt_english_news;csi300_news,Yutong Bus;宇通客车,observed_company_universe; observed_company_scope
CSI300:600068,CSI300,600068,葛洲坝,葛洲坝,SSE/SZSE,CNY,observed_company_universe,,,covid19_first_wave;russia_ukraine_conflict_2022;israel_palestine_conflict_2023;us_israel_iran_conflict_2025,main_and_gdelt,unknown,csi300_gdelt_english_news;csi300_news,China Gezhouba Group;China Gezhouba Group Company Limited;葛洲坝,observed_company_universe; observed_company_scope
CSI300:600079,CSI300,600079,人福医药,人福医药,SSE/SZSE,CNY,observed_company_universe,,,russia_ukraine_conflict_2022,main_only_or_main_plus_supplement,unknown,csi300_news,人福医药,observed_company_universe; observed_company_scope
CSI300:600085,CSI300,600085,同仁堂,同仁堂,SSE/SZSE,CNY,observed_company_universe,,,covid19_first_wave;russia_ukraine_conflict_2022;israel_palestine_conflict_2023;us_israel_iran_conflict_2025,main_and_gdelt,unknown,csi300_gdelt_english_news;csi300_news,Tong Ren Tang;同仁堂;Beijing Tongrentang,observed_company_universe; observed_company_scope
CSI300:600089,CSI300,600089,特变电工,特变电工,SSE/SZSE,CNY,observed_company_universe,,,covid19_first_wave;russia_ukraine_conflict_2022;israel_palestine_conflict_2023;us_israel_iran_conflict_2025,main_and_gdelt,unknown,csi300_gdelt_english_news;csi300_news,TBEA;特变电工,observed_company_universe; needs_match_review_low_strength_seen
CSI300:600100,CSI300,600100,同方股份,同方股份,SSE/SZSE,CNY,observed_company_universe,,,covid19_first_wave;russia_ukraine_conflict_2022;israel_palestine_conflict_2023,main_and_gdelt,unknown,csi300_gdelt_english_news;csi300_news,Tsinghua Tongfang;同方股份;同方,observed_company_universe; observed_company_scope
CSI300:600104,CSI300,600104,上汽集团,上汽集团,SSE/SZSE,CNY,observed_company_universe,,,covid19_first_wave;russia_ukraine_conflict_2022;israel_palestine_conflict_2023;us_israel_iran_conflict_2025,main_and_gdelt,unknown,csi300_gdelt_english_news;csi300_news,上汽;SAIC Motor;上汽集团,observed_company_universe; observed_company_scope
CSI300:600109,CSI300,600109,国金证券,国金证券,SSE/SZSE,CNY,observed_company_universe,,,covid19_first_wave;russia_ukraine_conflict_2022;israel_palestine_conflict_2023;us_israel_iran_conflict_2025,main_and_gdelt,unknown,csi300_gdelt_english_news;csi300_news,Sinolink Securities;国金证券,observed_company_universe; observed_company_scope
CSI300:600111,CSI300,600111,北方稀土,北方稀土,SSE/SZSE,CNY,observed_company_universe,,,covid19_first_wave;russia_ukraine_conflict_2022;israel_palestine_conflict_2023;us_israel_iran_conflict_2025,main_and_gdelt,unknown,csi300_gdelt_english_news;csi300_news,China Northern Rare Earth;北方稀土;Northern Rare Earth,observed_company_universe; observed_company_scope
CSI300:600115,CSI300,600115,中国东航,中国东航,SSE/SZSE,CNY,observed_company_universe,,,covid19_first_wave;russia_ukraine_conflict_2022;israel_palestine_conflict_2023;us_israel_iran_conflict_2025,main_and_gdelt,unknown,csi300_gdelt_english_news;csi300_news,China Eastern Airlines;中国东航;东方航空,observed_company_universe; observed_company_scope
CSI300:600118,CSI300,600118,中国卫星,中国卫星,SSE/SZSE,CNY,observed_company_universe,,,covid19_first_wave;russia_ukraine_conflict_2022;israel_palestine_conflict_2023;us_israel_iran_conflict_2025,main_and_gdelt,unknown,csi300_gdelt_english_news;csi300_news,China Spacesat;中国卫星,observed_company_universe; observed_company_scope
CSI300:600132,CSI300,600132,重庆啤酒,重庆啤酒,SSE/SZSE,CNY,observed_company_universe,,,covid19_first_wave;russia_ukraine_conflict_2022;israel_palestine_conflict_2023;us_israel_iran_conflict_2025,main_and_gdelt,unknown,csi300_gdelt_english_news;csi300_news,Chongqing Brewery;重庆啤酒,observed_company_universe; observed_company_scope
CSI300:600143,CSI300,600143,金发科技,金发科技,SSE/SZSE,CNY,observed_company_universe,,,russia_ukraine_conflict_2022,main_only_or_main_plus_supplement,unknown,csi300_news,金发科技,observed_company_universe; observed_company_scope
CSI300:600150,CSI300,600150,中国船舶,中国船舶,SSE/SZSE,CNY,observed_company_universe,,,covid19_first_wave;russia_ukraine_conflict_2022;israel_palestine_conflict_2023;us_israel_iran_conflict_2025,main_and_gdelt,unknown,csi300_gdelt_english_news;csi300_news,CSSC;中国船舶;China CSSC Holdings,observed_company_universe; needs_match_review_low_strength_seen
CSI300:600153,CSI300,600153,建发股份,建发股份,SSE/SZSE,CNY,observed_company_universe,,,covid19_first_wave,main_only_or_main_plus_supplement,unknown,csi300_news,建发股份;建发,observed_company_universe; observed_company_scope
CSI300:600160,CSI300,600160,巨化股份,巨化股份,SSE/SZSE,CNY,observed_company_universe,,,covid19_first_wave;russia_ukraine_conflict_2022;israel_palestine_conflict_2023;us_israel_iran_conflict_2025,main_and_gdelt,unknown,csi300_gdelt_english_news;csi300_news,Zhejiang Juhua;巨化股份,observed_company_universe; observed_company_scope
CSI300:600161,CSI300,600161,天坛生物,天坛生物,SSE/SZSE,CNY,observed_company_universe,,,covid19_first_wave;russia_ukraine_conflict_2022;us_israel_iran_conflict_2025,main_and_gdelt,unknown,csi300_gdelt_english_news;csi300_news,天坛生物;Beijing Tiantan Biological Products,observed_company_universe; observed_company_scope
CSI300:600170,CSI300,600170,上海建工,上海建工,SSE/SZSE,CNY,observed_company_universe,,,covid19_first_wave;russia_ukraine_conflict_2022;israel_palestine_conflict_2023;us_israel_iran_conflict_2025,main_and_gdelt,unknown,csi300_gdelt_english_news;csi300_news,Shanghai Construction Group;上海建工,observed_company_universe; observed_company_scope
CSI300:600176,CSI300,600176,中国巨石,中国巨石,SSE/SZSE,CNY,observed_company_universe,,,covid19_first_wave;russia_ukraine_conflict_2022;israel_palestine_conflict_2023;us_israel_iran_conflict_2025,main_and_gdelt,unknown,csi300_gdelt_english_news;csi300_news,China Jushi;中国巨石;sh.600176,observed_company_universe; observed_company_scope
CSI300:600177,CSI300,600177,雅戈尔,雅戈尔,SSE/SZSE,CNY,observed_company_universe,,,covid19_first_wave,main_only_or_main_plus_supplement,unknown,csi300_news,雅戈尔,observed_company_universe; observed_company_scope
CSI300:600183,CSI300,600183,生益科技,生益科技,SSE/SZSE,CNY,observed_company_universe,,,covid19_first_wave;russia_ukraine_conflict_2022;israel_palestine_conflict_2023;us_israel_iran_conflict_2025,main_and_gdelt,unknown,csi300_gdelt_english_news;csi300_news,生益科技;Shengyi Technology,observed_company_universe; observed_company_scope
CSI300:600188,CSI300,600188,兖矿能源,兖矿能源,SSE/SZSE,CNY,observed_company_universe,,,covid19_first_wave;russia_ukraine_conflict_2022;israel_palestine_conflict_2023;us_israel_iran_conflict_2025,main_and_gdelt,unknown,csi300_gdelt_english_news;csi300_news,兖矿能源;Yankuang Energy Group;Yankuang Energy Group Company Limited;兖州煤业,observed_company_universe; observed_company_scope
CSI300:600196,CSI300,600196,复星医药,复星医药,SSE/SZSE,CNY,observed_company_universe,,,covid19_first_wave;russia_ukraine_conflict_2022;israel_palestine_conflict_2023;us_israel_iran_conflict_2025,main_and_gdelt,unknown,csi300_gdelt_english_news;csi300_news,Fosun Pharma;复星医药;Shanghai Fosun Pharmaceutical,observed_company_universe; observed_company_scope
CSI300:600208,CSI300,600208,新湖中宝,新湖中宝,SSE/SZSE,CNY,observed_company_universe,,,covid19_first_wave,main_only_or_main_plus_supplement,unknown,csi300_news,新湖中宝;sh.600208,observed_company_universe; observed_company_scope
CSI300:600219,CSI300,600219,南山铝业,南山铝业,SSE/SZSE,CNY,observed_company_universe,,,covid19_first_wave;russia_ukraine_conflict_2022;israel_palestine_conflict_2023;us_israel_iran_conflict_2025,main_and_gdelt,unknown,csi300_gdelt_english_news;csi300_news,南山铝业;Shandong Nanshan Aluminium;sh.600219,observed_company_universe; observed_company_scope
CSI300:600221,CSI300,600221,海航控股,海航控股,SSE/SZSE,CNY,observed_company_universe,,,covid19_first_wave;russia_ukraine_conflict_2022;israel_palestine_conflict_2023,main_and_gdelt,unknown,csi300_gdelt_english_news;csi300_news,Hainan Airlines Holding;海航控股;sh.600221,observed_company_universe; observed_company_scope
CSI300:600233,CSI300,600233,圆通速递,圆通速递,SSE/SZSE,CNY,observed_company_universe,,,covid19_first_wave;israel_palestine_conflict_2023;us_israel_iran_conflict_2025,main_only_or_main_plus_supplement,unknown,csi300_news,圆通速递,observed_company_universe; observed_company_scope
CSI300:600271,CSI300,600271,航天信息,航天信息,SSE/SZSE,CNY,observed_company_universe,,,covid19_first_wave;russia_ukraine_conflict_2022;israel_palestine_conflict_2023,main_and_gdelt,unknown,csi300_gdelt_english_news;csi300_news,Aisino;航天信息,observed_company_universe; observed_company_scope
CSI300:600276,CSI300,600276,恒瑞医药,恒瑞医药,SSE/SZSE,CNY,observed_company_universe,,,covid19_first_wave;russia_ukraine_conflict_2022;israel_palestine_conflict_2023;us_israel_iran_conflict_2025,main_and_gdelt,unknown,csi300_gdelt_english_news;csi300_news,恒瑞医药;Hengrui Medicine;Jiangsu Hengrui Pharmaceuticals;Jiangsu Hengrui,observed_company_universe; observed_company_scope
CSI300:600297,CSI300,600297,广汇汽车,广汇汽车,SSE/SZSE,CNY,observed_company_universe,,,covid19_first_wave;israel_palestine_conflict_2023,main_and_gdelt,unknown,csi300_gdelt_english_news;csi300_news,China Grand Automotive Services Group,observed_company_universe; observed_company_scope
CSI300:600299,CSI300,600299,安迪苏,安迪苏,SSE/SZSE,CNY,observed_company_universe,,,covid19_first_wave;russia_ukraine_conflict_2022;israel_palestine_conflict_2023,main_and_gdelt,unknown,csi300_gdelt_english_news;csi300_news,Bluestar Adisseo Company;安迪苏,observed_company_universe; observed_company_scope
CSI300:600309,CSI300,600309,万华化学,万华化学,SSE/SZSE,CNY,observed_company_universe,,,covid19_first_wave;russia_ukraine_conflict_2022;israel_palestine_conflict_2023;us_israel_iran_conflict_2025,main_and_gdelt,unknown,csi300_gdelt_english_news;csi300_news,万华化学;Wanhua Chemical;Wanhua Chemical Group,observed_company_universe; observed_company_scope
CSI300:600332,CSI300,600332,白云山,白云山,SSE/SZSE,CNY,observed_company_universe,,,covid19_first_wave;russia_ukraine_conflict_2022;israel_palestine_conflict_2023;us_israel_iran_conflict_2025,main_and_gdelt,unknown,csi300_gdelt_english_news;csi300_news,白云山;Guangzhou Baiyunshan Pharmaceutical Holdings Company Limited;Guangzhou Baiyunshan Pharmaceutical Holdings,observed_company_universe; observed_company_scope
CSI300:600340,CSI300,600340,华夏幸福,华夏幸福,SSE/SZSE,CNY,observed_company_universe,,,covid19_first_wave;russia_ukraine_conflict_2022;israel_palestine_conflict_2023;us_israel_iran_conflict_2025,main_and_gdelt,unknown,csi300_gdelt_english_news;csi300_news,China Fortune Land Development;华夏幸福,observed_company_universe; observed_company_scope
CSI300:600346,CSI300,600346,恒力石化,恒力石化,SSE/SZSE,CNY,observed_company_universe,,,covid19_first_wave;russia_ukraine_conflict_2022;israel_palestine_conflict_2023;us_israel_iran_conflict_2025,main_and_gdelt,unknown,csi300_gdelt_english_news;csi300_news,Hengli Petrochemical;恒力石化,observed_company_universe; observed_company_scope
CSI300:600352,CSI300,600352,浙江龙盛,浙江龙盛,SSE/SZSE,CNY,observed_company_universe,,,covid19_first_wave;russia_ukraine_conflict_2022;israel_palestine_conflict_2023,main_and_gdelt,unknown,csi300_gdelt_english_news;csi300_news,浙江龙盛;Zhejiang Longsheng Group,observed_company_universe; observed_company_scope
CSI300:600362,CSI300,600362,江西铜业,江西铜业,SSE/SZSE,CNY,observed_company_universe,,,covid19_first_wave;russia_ukraine_conflict_2022;israel_palestine_conflict_2023;us_israel_iran_conflict_2025,main_and_gdelt,unknown,csi300_gdelt_english_news;csi300_news,Jiangxi Copper;江西铜业;Jiangxi Copper Company Limited,observed_company_universe; observed_company_scope
CSI300:600369,CSI300,600369,西南证券,西南证券,SSE/SZSE,CNY,observed_company_universe,,,covid19_first_wave;russia_ukraine_conflict_2022;israel_palestine_conflict_2023;us_israel_iran_conflict_2025,main_and_gdelt,unknown,csi300_gdelt_english_news;csi300_news,Southwest Securities;西南证券,observed_company_universe; observed_company_scope
CSI300:600372,CSI300,600372,中航电子,中航电子,SSE/SZSE,CNY,observed_company_universe,,,covid19_first_wave;us_israel_iran_conflict_2025,main_only_or_main_plus_supplement,unknown,csi300_news,中航机载;中航电子,observed_company_universe; observed_company_scope
CSI300:600377,CSI300,600377,宁沪高速,宁沪高速,SSE/SZSE,CNY,observed_company_universe,,,covid19_first_wave;israel_palestine_conflict_2023;us_israel_iran_conflict_2025,main_and_gdelt,unknown,csi300_gdelt_english_news;csi300_news,Jiangsu Expressway;宁沪高速;Jiangsu Expressway Company Limited,observed_company_universe; observed_company_scope
CSI300:600383,CSI300,600383,金地集团,金地集团,SSE/SZSE,CNY,observed_company_universe,,,covid19_first_wave;russia_ukraine_conflict_2022;israel_palestine_conflict_2023;us_israel_iran_conflict_2025,main_and_gdelt,unknown,csi300_gdelt_english_news;csi300_news,Gemdale;金地集团;金地;Gemdale Corporation,observed_company_universe; needs_match_review_low_strength_seen
CSI300:600390,CSI300,600390,五矿资本,五矿资本,SSE/SZSE,CNY,observed_company_universe,,,covid19_first_wave;russia_ukraine_conflict_2022;us_israel_iran_conflict_2025,main_and_gdelt,unknown,csi300_gdelt_english_news;csi300_news,五矿资本;Minmetals Capital;sh.600390,observed_company_universe; observed_company_scope
CSI300:600398,CSI300,600398,海澜之家,海澜之家,SSE/SZSE,CNY,observed_company_universe,,,covid19_first_wave,main_only_or_main_plus_supplement,unknown,csi300_news,海澜之家,observed_company_universe; observed_company_scope
CSI300:600406,CSI300,600406,国电南瑞,国电南瑞,SSE/SZSE,CNY,observed_company_universe,,,covid19_first_wave;russia_ukraine_conflict_2022;israel_palestine_conflict_2023;us_israel_iran_conflict_2025,main_and_gdelt,unknown,csi300_gdelt_english_news;csi300_news,国电南瑞;NARI Technology;sh.600406,observed_company_universe; observed_company_scope
CSI300:600415,CSI300,600415,小商品城,小商品城,SSE/SZSE,CNY,observed_company_universe,,,covid19_first_wave;israel_palestine_conflict_2023;us_israel_iran_conflict_2025,main_and_gdelt,unknown,csi300_gdelt_english_news;csi300_news,小商品城;Zhejiang China Commodities City Group,observed_company_universe; observed_company_scope
CSI300:600426,CSI300,600426,华鲁恒升,华鲁恒升,SSE/SZSE,CNY,observed_company_universe,,,covid19_first_wave;russia_ukraine_conflict_2022;israel_palestine_conflict_2023;us_israel_iran_conflict_2025,main_and_gdelt,unknown,csi300_gdelt_english_news;csi300_news,华鲁恒升;Shandong Hualu-Hengsheng Chemical,observed_company_universe; observed_company_scope
CSI300:600436,CSI300,600436,片仔癀,片仔癀,SSE/SZSE,CNY,observed_company_universe,,,covid19_first_wave;russia_ukraine_conflict_2022;israel_palestine_conflict_2023;us_israel_iran_conflict_2025,main_and_gdelt,unknown,csi300_gdelt_english_news;csi300_news,片仔癀;Pien Tze Huang;Zhangzhou Pientzehuang Pharmaceutical,observed_company_universe; observed_company_scope
CSI300:600438,CSI300,600438,通威股份,通威股份,SSE/SZSE,CNY,observed_company_universe,,,covid19_first_wave;russia_ukraine_conflict_2022;israel_palestine_conflict_2023;us_israel_iran_conflict_2025,main_and_gdelt,unknown,csi300_gdelt_english_news;csi300_news,Tongwei;通威股份;Tongwei Co;通威,observed_company_universe; needs_match_review_low_strength_seen
CSI300:600460,CSI300,600460,士兰微,士兰微,SSE/SZSE,CNY,observed_company_universe,,,covid19_first_wave;russia_ukraine_conflict_2022;israel_palestine_conflict_2023;us_israel_iran_conflict_2025,main_and_gdelt,unknown,csi300_gdelt_english_news;csi300_news,士兰微;Hangzhou Silan Microelectronics,observed_company_universe; observed_company_scope
CSI300:600482,CSI300,600482,中国动力,中国动力,SSE/SZSE,CNY,observed_company_universe,,,covid19_first_wave;us_israel_iran_conflict_2025,main_only_or_main_plus_supplement,unknown,csi300_news,中国动力;sh.600482,observed_company_universe; observed_company_scope
CSI300:600487,CSI300,600487,亨通光电,亨通光电,SSE/SZSE,CNY,observed_company_universe,,,covid19_first_wave;russia_ukraine_conflict_2022;israel_palestine_conflict_2023,main_and_gdelt,unknown,csi300_gdelt_english_news;csi300_news,Hengtong Optic-Electric;亨通光电,observed_company_universe; observed_company_scope
CSI300:600489,CSI300,600489,中金黄金,中金黄金,SSE/SZSE,CNY,observed_company_universe,,,covid19_first_wave;russia_ukraine_conflict_2022;us_israel_iran_conflict_2025,main_and_gdelt,unknown,csi300_gdelt_english_news;csi300_news,中金黄金;Zhongjin Gold Corp,observed_company_universe; observed_company_scope
CSI300:600498,CSI300,600498,烽火通信,烽火通信,SSE/SZSE,CNY,observed_company_universe,,,covid19_first_wave;russia_ukraine_conflict_2022;israel_palestine_conflict_2023;us_israel_iran_conflict_2025,main_and_gdelt,unknown,csi300_gdelt_english_news;csi300_news,Fiberhome Telecommunication Technologies;烽火通信,observed_company_universe; observed_company_scope
CSI300:600515,CSI300,600515,海南机场,海南机场,SSE/SZSE,CNY,observed_company_universe,,,israel_palestine_conflict_2023;us_israel_iran_conflict_2025,main_and_gdelt,unknown,csi300_gdelt_english_news;csi300_news,Hainan Airport Infrastructure;海南机场,observed_company_universe; observed_company_scope
CSI300:600516,CSI300,600516,方大炭素,方大炭素,SSE/SZSE,CNY,observed_company_universe,,,covid19_first_wave;russia_ukraine_conflict_2022,main_and_gdelt,unknown,csi300_gdelt_english_news;csi300_news,Fangda Carbon New Material;方大炭素,observed_company_universe; observed_company_scope
CSI300:600519,CSI300,600519,贵州茅台,贵州茅台,SSE/SZSE,CNY,observed_company_universe,,,covid19_first_wave;russia_ukraine_conflict_2022;israel_palestine_conflict_2023;us_israel_iran_conflict_2025,main_and_gdelt,unknown,csi300_gdelt_english_news;csi300_news,Kweichow Moutai;贵州茅台;Moutai;sh.600519,observed_company_universe; needs_match_review_low_strength_seen
CSI300:600521,CSI300,600521,华海药业,华海药业,SSE/SZSE,CNY,observed_company_universe,,,covid19_first_wave;russia_ukraine_conflict_2022;israel_palestine_conflict_2023;us_israel_iran_conflict_2025,gdelt_only,unknown,csi300_gdelt_english_news,Zhejiang Huahai Pharmaceutical,observed_company_universe; observed_company_scope
CSI300:600522,CSI300,600522,中天科技,中天科技,SSE/SZSE,CNY,observed_company_universe,,,covid19_first_wave;russia_ukraine_conflict_2022;israel_palestine_conflict_2023;us_israel_iran_conflict_2025,main_and_gdelt,unknown,csi300_gdelt_english_news;csi300_news,Jiangsu Zhongtian Technology;中天科技,observed_company_universe; observed_company_scope
CSI300:600535,CSI300,600535,天士力,天士力,SSE/SZSE,CNY,observed_company_universe,,,covid19_first_wave;russia_ukraine_conflict_2022;israel_palestine_conflict_2023;us_israel_iran_conflict_2025,main_and_gdelt,unknown,csi300_gdelt_english_news;csi300_news,Tasly Pharmaceutical Group;天士力,observed_company_universe; observed_company_scope
CSI300:600547,CSI300,600547,山东黄金,山东黄金,SSE/SZSE,CNY,observed_company_universe,,,covid19_first_wave;russia_ukraine_conflict_2022;israel_palestine_conflict_2023;us_israel_iran_conflict_2025,main_and_gdelt,unknown,csi300_gdelt_english_news;csi300_news,山东黄金;Shandong Gold Mining,observed_company_universe; observed_company_scope
CSI300:600566,CSI300,600566,济川药业,济川药业,SSE/SZSE,CNY,observed_company_universe,,,covid19_first_wave,main_and_gdelt,unknown,csi300_gdelt_english_news;csi300_news,济川药业;Hubei Jumpcan Pharmaceutical,observed_company_universe; observed_company_scope
CSI300:600570,CSI300,600570,恒生电子,恒生电子,SSE/SZSE,CNY,observed_company_universe,,,covid19_first_wave;russia_ukraine_conflict_2022;israel_palestine_conflict_2023;us_israel_iran_conflict_2025,main_and_gdelt,unknown,csi300_gdelt_english_news;csi300_news,恒生电子;Hundsun Technologies;Hundsun Technologies Inc;Hundsun,observed_company_universe; observed_company_scope
CSI300:600583,CSI300,600583,海油工程,海油工程,SSE/SZSE,CNY,observed_company_universe,,,covid19_first_wave;russia_ukraine_conflict_2022;israel_palestine_conflict_2023;us_israel_iran_conflict_2025,main_and_gdelt,unknown,csi300_gdelt_english_news;csi300_news,Offshore Oil Engineering;海油工程,observed_company_universe; observed_company_scope
CSI300:600584,CSI300,600584,长电科技,长电科技,SSE/SZSE,CNY,observed_company_universe,,,russia_ukraine_conflict_2022;israel_palestine_conflict_2023;us_israel_iran_conflict_2025,main_and_gdelt,unknown,csi300_gdelt_english_news;csi300_news,长电科技;JCET Group,observed_company_universe; observed_company_scope
CSI300:600585,CSI300,600585,海螺水泥,海螺水泥,SSE/SZSE,CNY,observed_company_universe,,,covid19_first_wave;russia_ukraine_conflict_2022;israel_palestine_conflict_2023;us_israel_iran_conflict_2025,main_and_gdelt,unknown,csi300_gdelt_english_news;csi300_news,海螺水泥;Anhui Conch Cement;Conch Cement;Anhui Conch Cement Company Limited,observed_company_universe; observed_company_scope
CSI300:600588,CSI300,600588,用友网络,用友网络,SSE/SZSE,CNY,observed_company_universe,,,covid19_first_wave;russia_ukraine_conflict_2022;israel_palestine_conflict_2023;us_israel_iran_conflict_2025,main_and_gdelt,unknown,csi300_gdelt_english_news;csi300_news,用友网络;Yonyou;Yonyou Network Technology;Yonyou Network,observed_company_universe; needs_match_review_low_strength_seen
CSI300:600600,CSI300,600600,青岛啤酒,青岛啤酒,SSE/SZSE,CNY,observed_company_universe,,,covid19_first_wave;russia_ukraine_conflict_2022;israel_palestine_conflict_2023;us_israel_iran_conflict_2025,main_and_gdelt,unknown,csi300_gdelt_english_news;csi300_news,Tsingtao Brewery;青岛啤酒;Tsingtao Brewery Company Limited,observed_company_universe; observed_company_scope
CSI300:600606,CSI300,600606,绿地控股,绿地控股,SSE/SZSE,CNY,observed_company_universe,,,covid19_first_wave;russia_ukraine_conflict_2022;israel_palestine_conflict_2023;us_israel_iran_conflict_2025,main_and_gdelt,unknown,csi300_gdelt_english_news;csi300_news,Greenland Holdings;绿地控股,observed_company_universe; observed_company_scope
CSI300:600637,CSI300,600637,东方明珠,东方明珠,SSE/SZSE,CNY,observed_company_universe,,,covid19_first_wave;russia_ukraine_conflict_2022,main_and_gdelt,unknown,csi300_gdelt_english_news;csi300_news,东方明珠;Oriental Pearl Group,observed_company_universe; observed_company_scope
CSI300:600655,CSI300,600655,豫园股份,豫园股份,SSE/SZSE,CNY,observed_company_universe,,,covid19_first_wave;russia_ukraine_conflict_2022,main_only_or_main_plus_supplement,unknown,csi300_news,豫园股份,observed_company_universe; observed_company_scope
CSI300:600660,CSI300,600660,福耀玻璃,福耀玻璃,SSE/SZSE,CNY,observed_company_universe,,,covid19_first_wave;russia_ukraine_conflict_2022;israel_palestine_conflict_2023;us_israel_iran_conflict_2025,main_and_gdelt,unknown,csi300_gdelt_english_news;csi300_news,Fuyao Glass Industry Group;福耀玻璃,observed_company_universe; observed_company_scope
CSI300:600663,CSI300,600663,陆家嘴,陆家嘴,SSE/SZSE,CNY,observed_company_universe,,,covid19_first_wave,main_only_or_main_plus_supplement,unknown,csi300_news,陆家嘴,observed_company_universe; observed_company_scope
CSI300:600674,CSI300,600674,川投能源,川投能源,SSE/SZSE,CNY,observed_company_universe,,,covid19_first_wave;israel_palestine_conflict_2023;us_israel_iran_conflict_2025,main_and_gdelt,unknown,csi300_gdelt_english_news;csi300_news,川投能源;Sichuan Chuantou Energy;sh.600674,observed_company_universe; observed_company_scope
CSI300:600690,CSI300,600690,海尔智家,海尔智家,SSE/SZSE,CNY,observed_company_universe,,,covid19_first_wave;russia_ukraine_conflict_2022;israel_palestine_conflict_2023;us_israel_iran_conflict_2025,main_and_gdelt,unknown,csi300_gdelt_english_news;csi300_news,Haier;海尔智家;Haier Smart Home,observed_company_universe; observed_company_scope
CSI300:600703,CSI300,600703,三安光电,三安光电,SSE/SZSE,CNY,observed_company_universe,,,covid19_first_wave;russia_ukraine_conflict_2022;israel_palestine_conflict_2023;us_israel_iran_conflict_2025,main_and_gdelt,unknown,csi300_gdelt_english_news;csi300_news,Sanan Optoelectronics;三安光电;sh.600703,observed_company_universe; observed_company_scope
CSI300:600705,CSI300,600705,中航资本,中航资本,SSE/SZSE,CNY,observed_company_universe,,,covid19_first_wave,main_only_or_main_plus_supplement,unknown,csi300_news,中航资本,observed_company_universe; observed_company_scope
CSI300:600732,CSI300,600732,爱旭股份,爱旭股份,SSE/SZSE,CNY,observed_company_universe,,,russia_ukraine_conflict_2022;israel_palestine_conflict_2023,main_and_gdelt,unknown,csi300_gdelt_english_news;csi300_news,爱旭股份;Shanghai Aiko Solar Energy,observed_company_universe; observed_company_scope
CSI300:600733,CSI300,600733,北汽蓝谷,北汽蓝谷,SSE/SZSE,CNY,observed_company_universe,,,covid19_first_wave,main_only_or_main_plus_supplement,unknown,csi300_news,北汽蓝谷,observed_company_universe; observed_company_scope
CSI300:600741,CSI300,600741,华域汽车,华域汽车,SSE/SZSE,CNY,observed_company_universe,,,covid19_first_wave;russia_ukraine_conflict_2022;israel_palestine_conflict_2023;us_israel_iran_conflict_2025,main_and_gdelt,unknown,csi300_gdelt_english_news;csi300_news,华域汽车;Huayu Automotive Systems;Huayu Automotive Systems Company Limited,observed_company_universe; observed_company_scope
CSI300:600745,CSI300,600745,闻泰科技,闻泰科技,SSE/SZSE,CNY,observed_company_universe,,,covid19_first_wave;russia_ukraine_conflict_2022;israel_palestine_conflict_2023;us_israel_iran_conflict_2025,main_and_gdelt,unknown,csi300_gdelt_english_news;csi300_news,Wingtech Technology;闻泰科技;sh.600745,observed_company_universe; observed_company_scope
CSI300:600754,CSI300,600754,锦江酒店,锦江酒店,SSE/SZSE,CNY,observed_company_universe,,,covid19_first_wave;russia_ukraine_conflict_2022;israel_palestine_conflict_2023;us_israel_iran_conflict_2025,main_and_gdelt,unknown,csi300_gdelt_english_news;csi300_news,Shanghai Jin Jiang International Hotels;锦江酒店,observed_company_universe; observed_company_scope
CSI300:600760,CSI300,600760,中航沈飞,中航沈飞,SSE/SZSE,CNY,observed_company_universe,,,covid19_first_wave;russia_ukraine_conflict_2022;israel_palestine_conflict_2023;us_israel_iran_conflict_2025,main_only_or_main_plus_supplement,unknown,csi300_news,中航沈飞,observed_company_universe; observed_company_scope
CSI300:600763,CSI300,600763,通策医疗,通策医疗,SSE/SZSE,CNY,observed_company_universe,,,russia_ukraine_conflict_2022;israel_palestine_conflict_2023,main_and_gdelt,unknown,csi300_gdelt_english_news;csi300_news,通策医疗;Topchoice Medical Co,observed_company_universe; observed_company_scope
CSI300:600795,CSI300,600795,国电电力,国电电力,SSE/SZSE,CNY,observed_company_universe,,,covid19_first_wave;russia_ukraine_conflict_2022;israel_palestine_conflict_2023;us_israel_iran_conflict_2025,main_and_gdelt,unknown,csi300_gdelt_english_news;csi300_news,国电电力;GD Power Development;GD Power,observed_company_universe; observed_company_scope
CSI300:600803,CSI300,600803,新奥股份,新奥股份,SSE/SZSE,CNY,observed_company_universe,,,russia_ukraine_conflict_2022;israel_palestine_conflict_2023;us_israel_iran_conflict_2025,main_and_gdelt,unknown,csi300_gdelt_english_news;csi300_news,新奥股份;新奥;ENN Natural Gas,observed_company_universe; observed_company_scope
CSI300:600809,CSI300,600809,山西汾酒,山西汾酒,SSE/SZSE,CNY,observed_company_universe,,,covid19_first_wave;russia_ukraine_conflict_2022;israel_palestine_conflict_2023;us_israel_iran_conflict_2025,main_and_gdelt,unknown,csi300_gdelt_english_news;csi300_news,Fenjiu;山西汾酒;Shanxi Xinghuacun Fen Wine Factory,observed_company_universe; needs_match_review_low_strength_seen
CSI300:600816,CSI300,600816,安信信托,安信信托,SSE/SZSE,CNY,observed_company_universe,,,covid19_first_wave,main_only_or_main_plus_supplement,unknown,csi300_news,安信信托,observed_company_universe; observed_company_scope
CSI300:600837,CSI300,600837,海通证券,海通证券,SSE/SZSE,CNY,observed_company_universe,,,covid19_first_wave;russia_ukraine_conflict_2022;israel_palestine_conflict_2023;us_israel_iran_conflict_2025,main_and_gdelt,unknown,csi300_gdelt_english_news;csi300_news,Haitong Securities;海通证券,observed_company_universe; observed_company_scope
CSI300:600845,CSI300,600845,宝信软件,宝信软件,SSE/SZSE,CNY,observed_company_universe,,,russia_ukraine_conflict_2022;israel_palestine_conflict_2023;us_israel_iran_conflict_2025,main_and_gdelt,unknown,csi300_gdelt_english_news;csi300_news,宝信软件;Shanghai Baosight Software,observed_company_universe; observed_company_scope
CSI300:600848,CSI300,600848,上海临港,上海临港,SSE/SZSE,CNY,observed_company_universe,,,covid19_first_wave;russia_ukraine_conflict_2022,main_and_gdelt,unknown,csi300_gdelt_english_news;csi300_news,上海临港;Shanghai Lingang Holdings,observed_company_universe; observed_company_scope
CSI300:600867,CSI300,600867,通化东宝,通化东宝,SSE/SZSE,CNY,observed_company_universe,,,covid19_first_wave;russia_ukraine_conflict_2022;israel_palestine_conflict_2023;us_israel_iran_conflict_2025,main_and_gdelt,unknown,csi300_gdelt_english_news;csi300_news,Tonghua Dongbao Pharmaceutical;通化东宝,observed_company_universe; observed_company_scope
CSI300:600872,CSI300,600872,中炬高新,中炬高新,SSE/SZSE,CNY,observed_company_universe,,,russia_ukraine_conflict_2022,main_only_or_main_plus_supplement,unknown,csi300_news,中炬高新,observed_company_universe; observed_company_scope
CSI300:600875,CSI300,600875,东方电气,东方电气,SSE/SZSE,CNY,observed_company_universe,,,covid19_first_wave;russia_ukraine_conflict_2022;israel_palestine_conflict_2023;us_israel_iran_conflict_2025,main_and_gdelt,unknown,csi300_gdelt_english_news;csi300_news,Dongfang Electric;东方电气;Dongfang Electric Corporation Limited,observed_company_universe; observed_company_scope
CSI300:600884,CSI300,600884,杉杉股份,杉杉股份,SSE/SZSE,CNY,observed_company_universe,,,covid19_first_wave;russia_ukraine_conflict_2022;israel_palestine_conflict_2023,main_and_gdelt,unknown,csi300_gdelt_english_news;csi300_news,Ningbo Shanshan;杉杉股份,observed_company_universe; observed_company_scope
CSI300:600886,CSI300,600886,国投电力,国投电力,SSE/SZSE,CNY,observed_company_universe,,,covid19_first_wave;russia_ukraine_conflict_2022;israel_palestine_conflict_2023;us_israel_iran_conflict_2025,main_and_gdelt,unknown,csi300_gdelt_english_news;csi300_news,国投电力;SDIC Power Holdings,observed_company_universe; observed_company_scope
CSI300:600887,CSI300,600887,伊利股份,伊利股份,SSE/SZSE,CNY,observed_company_universe,,,covid19_first_wave;russia_ukraine_conflict_2022;israel_palestine_conflict_2023;us_israel_iran_conflict_2025,main_and_gdelt,unknown,csi300_gdelt_english_news;csi300_news,Yili;伊利股份;Inner Mongolia Yili Industrial Group;伊利,observed_company_universe; needs_match_review_low_strength_seen
CSI300:600893,CSI300,600893,航发动力,航发动力,SSE/SZSE,CNY,observed_company_universe,,,covid19_first_wave;russia_ukraine_conflict_2022;israel_palestine_conflict_2023;us_israel_iran_conflict_2025,main_only_or_main_plus_supplement,unknown,csi300_news,航发动力,observed_company_universe; observed_company_scope
CSI300:600900,CSI300,600900,长江电力,长江电力,SSE/SZSE,CNY,observed_company_universe,,,covid19_first_wave;russia_ukraine_conflict_2022;israel_palestine_conflict_2023;us_israel_iran_conflict_2025,main_and_gdelt,unknown,csi300_gdelt_english_news;csi300_news,China Yangtze Power;长江电力,observed_company_universe; observed_company_scope
CSI300:600905,CSI300,600905,三峡能源,三峡能源,SSE/SZSE,CNY,observed_company_universe,,,covid19_first_wave;russia_ukraine_conflict_2022;israel_palestine_conflict_2023;us_israel_iran_conflict_2025,main_and_gdelt,unknown,csi300_gdelt_english_news;csi300_news,China Three Gorges Renewables;三峡能源,observed_company_universe; observed_company_scope
CSI300:600918,CSI300,600918,中泰证券,中泰证券,SSE/SZSE,CNY,observed_company_universe,,,covid19_first_wave;russia_ukraine_conflict_2022;israel_palestine_conflict_2023;us_israel_iran_conflict_2025,main_and_gdelt,unknown,csi300_gdelt_english_news;csi300_news,Zhongtai Securities;中泰证券,observed_company_universe; observed_company_scope
CSI300:600919,CSI300,600919,江苏银行,江苏银行,SSE/SZSE,CNY,observed_company_universe,,,covid19_first_wave;russia_ukraine_conflict_2022;israel_palestine_conflict_2023;us_israel_iran_conflict_2025,main_and_gdelt,unknown,csi300_gdelt_english_news;csi300_news,江苏银行;Bank Of Jiangsu,observed_company_universe; observed_company_scope
CSI300:600926,CSI300,600926,杭州银行,杭州银行,SSE/SZSE,CNY,observed_company_universe,,,covid19_first_wave;russia_ukraine_conflict_2022;israel_palestine_conflict_2023;us_israel_iran_conflict_2025,main_and_gdelt,unknown,csi300_gdelt_english_news;csi300_news,杭州银行;Bank Of Hangzhou,observed_company_universe; observed_company_scope
CSI300:600928,CSI300,600928,西安银行,西安银行,SSE/SZSE,CNY,observed_company_universe,,,covid19_first_wave,main_only_or_main_plus_supplement,unknown,csi300_news,西安银行,observed_company_universe; observed_company_scope
CSI300:600930,CSI300,600930,华电新能,华电新能,SSE/SZSE,CNY,observed_company_universe,,,israel_palestine_conflict_2023,gdelt_only,unknown,csi300_gdelt_english_news,Huadian New Energy Group,observed_company_universe; observed_company_scope
CSI300:600938,CSI300,600938,中国海油,中国海油,SSE/SZSE,CNY,observed_company_universe,,,covid19_first_wave;russia_ukraine_conflict_2022;israel_palestine_conflict_2023;us_israel_iran_conflict_2025,main_and_gdelt,unknown,csi300_gdelt_english_news;csi300_news,CNOOC;中国海油,observed_company_universe; needs_match_review_low_strength_seen
CSI300:600941,CSI300,600941,中国移动,中国移动,SSE/SZSE,CNY,observed_company_universe,,,covid19_first_wave;russia_ukraine_conflict_2022;israel_palestine_conflict_2023;us_israel_iran_conflict_2025,main_and_gdelt,unknown,csi300_gdelt_english_news;csi300_news,China Mobile;中国移动,observed_company_universe; observed_company_scope
CSI300:600958,CSI300,600958,东方证券,东方证券,SSE/SZSE,CNY,observed_company_universe,,,covid19_first_wave;russia_ukraine_conflict_2022;israel_palestine_conflict_2023;us_israel_iran_conflict_2025,main_and_gdelt,unknown,csi300_gdelt_english_news;csi300_news,Orient Securities;东方证券,observed_company_universe; observed_company_scope
CSI300:600968,CSI300,600968,海油发展,海油发展,SSE/SZSE,CNY,observed_company_universe,,,covid19_first_wave,main_only_or_main_plus_supplement,unknown,csi300_news,海油发展,observed_company_universe; observed_company_scope
CSI300:600977,CSI300,600977,中国电影,中国电影,SSE/SZSE,CNY,observed_company_universe,,,covid19_first_wave;russia_ukraine_conflict_2022;israel_palestine_conflict_2023;us_israel_iran_conflict_2025,main_and_gdelt,unknown,csi300_gdelt_english_news;csi300_news,China Film Group;中国电影,observed_company_universe; observed_company_scope
CSI300:600989,CSI300,600989,宝丰能源,宝丰能源,SSE/SZSE,CNY,observed_company_universe,,,covid19_first_wave;russia_ukraine_conflict_2022;israel_palestine_conflict_2023;us_israel_iran_conflict_2025,main_and_gdelt,unknown,csi300_gdelt_english_news;csi300_news,Ningbo Zhoushan Port;宝丰能源;Ningxia Baofeng Energy Group,observed_company_universe; observed_company_scope
CSI300:600998,CSI300,600998,九州通,九州通,SSE/SZSE,CNY,observed_company_universe,,,covid19_first_wave;russia_ukraine_conflict_2022;israel_palestine_conflict_2023;us_israel_iran_conflict_2025,main_and_gdelt,unknown,csi300_gdelt_english_news;csi300_news,Jointown Pharmaceutical Group;九州通,observed_company_universe; observed_company_scope
CSI300:600999,CSI300,600999,招商证券,招商证券,SSE/SZSE,CNY,observed_company_universe,,,covid19_first_wave;russia_ukraine_conflict_2022;israel_palestine_conflict_2023;us_israel_iran_conflict_2025,main_and_gdelt,unknown,csi300_gdelt_english_news;csi300_news,China Merchants Securities;招商证券,observed_company_universe; observed_company_scope
CSI300:601006,CSI300,601006,大秦铁路,大秦铁路,SSE/SZSE,CNY,observed_company_universe,,,covid19_first_wave;russia_ukraine_conflict_2022;israel_palestine_conflict_2023;us_israel_iran_conflict_2025,main_and_gdelt,unknown,csi300_gdelt_english_news;csi300_news,大秦铁路;Daqin Railway,observed_company_universe; observed_company_scope
CSI300:601009,CSI300,601009,南京银行,南京银行,SSE/SZSE,CNY,observed_company_universe,,,covid19_first_wave;russia_ukraine_conflict_2022;israel_palestine_conflict_2023;us_israel_iran_conflict_2025,main_only_or_main_plus_supplement,unknown,csi300_news,南京银行,observed_company_universe; observed_company_scope
CSI300:601012,CSI300,601012,隆基绿能,隆基绿能,SSE/SZSE,CNY,observed_company_universe,,,covid19_first_wave;russia_ukraine_conflict_2022;israel_palestine_conflict_2023;us_israel_iran_conflict_2025,main_and_gdelt,unknown,csi300_gdelt_english_news;csi300_news,LONGi;隆基绿能;隆基股份;sh.601012,observed_company_universe; needs_match_review_low_strength_seen
CSI300:601018,CSI300,601018,宁波港,宁波港,SSE/SZSE,CNY,observed_company_universe,,,covid19_first_wave;russia_ukraine_conflict_2022;israel_palestine_conflict_2023;us_israel_iran_conflict_2025,main_and_gdelt,unknown,csi300_gdelt_english_news;csi300_news,Ningbo Zhoushan Port;宁波港;Ningbo Zhoushan Port Company Limited,observed_company_universe; observed_company_scope
CSI300:601021,CSI300,601021,春秋航空,春秋航空,SSE/SZSE,CNY,observed_company_universe,,,covid19_first_wave;russia_ukraine_conflict_2022;israel_palestine_conflict_2023;us_israel_iran_conflict_2025,main_and_gdelt,unknown,csi300_gdelt_english_news;csi300_news,Spring Airlines;春秋航空,observed_company_universe; observed_company_scope
CSI300:601058,CSI300,601058,赛轮轮胎,赛轮轮胎,SSE/SZSE,CNY,observed_company_universe,,,covid19_first_wave;russia_ukraine_conflict_2022;israel_palestine_conflict_2023;us_israel_iran_conflict_2025,main_and_gdelt,unknown,csi300_gdelt_english_news;csi300_news,Sailun Group;赛轮轮胎,observed_company_universe; observed_company_scope
CSI300:601059,CSI300,601059,信达证券,信达证券,SSE/SZSE,CNY,observed_company_universe,,,covid19_first_wave;russia_ukraine_conflict_2022;israel_palestine_conflict_2023;us_israel_iran_conflict_2025,main_and_gdelt,unknown,csi300_gdelt_english_news;csi300_news,Cinda Securities;信达证券,observed_company_universe; observed_company_scope
CSI300:601066,CSI300,601066,中信建投,中信建投,SSE/SZSE,CNY,observed_company_universe,,,covid19_first_wave;russia_ukraine_conflict_2022;israel_palestine_conflict_2023;us_israel_iran_conflict_2025,main_and_gdelt,unknown,csi300_gdelt_english_news;csi300_news,China Securities;中信建投,observed_company_universe; observed_company_scope
CSI300:601077,CSI300,601077,渝农商行,渝农商行,SSE/SZSE,CNY,observed_company_universe,,,covid19_first_wave;russia_ukraine_conflict_2022;israel_palestine_conflict_2023,gdelt_only,unknown,csi300_gdelt_english_news,Chongqing Rural Commercial Bank,observed_company_universe; observed_company_scope
CSI300:601088,CSI300,601088,中国神华,中国神华,SSE/SZSE,CNY,observed_company_universe,,,covid19_first_wave;russia_ukraine_conflict_2022;israel_palestine_conflict_2023;us_israel_iran_conflict_2025,main_and_gdelt,unknown,csi300_gdelt_english_news;csi300_news,China Shenhua Energy;中国神华;China Shenhua Energy Company Limited;China Shenhua,observed_company_universe; observed_company_scope
CSI300:601100,CSI300,601100,恒立液压,恒立液压,SSE/SZSE,CNY,observed_company_universe,,,covid19_first_wave;russia_ukraine_conflict_2022;israel_palestine_conflict_2023;us_israel_iran_conflict_2025,main_and_gdelt,unknown,csi300_gdelt_english_news;csi300_news,恒立液压;Jiangsu Hengli Hydraulic,observed_company_universe; observed_company_scope
CSI300:601108,CSI300,601108,财通证券,财通证券,SSE/SZSE,CNY,observed_company_universe,,,covid19_first_wave;russia_ukraine_conflict_2022;israel_palestine_conflict_2023;us_israel_iran_conflict_2025,main_and_gdelt,unknown,csi300_gdelt_english_news;csi300_news,Caitong Securities;财通证券,observed_company_universe; observed_company_scope
CSI300:601111,CSI300,601111,中国国航,中国国航,SSE/SZSE,CNY,observed_company_universe,,,covid19_first_wave;russia_ukraine_conflict_2022;israel_palestine_conflict_2023;us_israel_iran_conflict_2025,main_and_gdelt,unknown,csi300_gdelt_english_news;csi300_news,Air China;中国国航;Air China Limited,observed_company_universe; observed_company_scope
CSI300:601117,CSI300,601117,中国化学,中国化学,SSE/SZSE,CNY,observed_company_universe,,,covid19_first_wave;russia_ukraine_conflict_2022;israel_palestine_conflict_2023;us_israel_iran_conflict_2025,main_and_gdelt,unknown,csi300_gdelt_english_news;csi300_news,China National Chemical Engineering;中国化学,observed_company_universe; observed_company_scope
CSI300:601127,CSI300,601127,赛力斯,赛力斯,SSE/SZSE,CNY,observed_company_universe,,,israel_palestine_conflict_2023;us_israel_iran_conflict_2025,main_and_gdelt,unknown,csi300_gdelt_english_news;csi300_news,Seres Group;赛力斯,observed_company_universe; observed_company_scope
CSI300:601136,CSI300,601136,首创证券,首创证券,SSE/SZSE,CNY,observed_company_universe,,,covid19_first_wave;russia_ukraine_conflict_2022;israel_palestine_conflict_2023;us_israel_iran_conflict_2025,main_and_gdelt,unknown,csi300_gdelt_english_news;csi300_news,Capital Securities;首创证券,observed_company_universe; observed_company_scope
CSI300:601138,CSI300,601138,工业富联,工业富联,SSE/SZSE,CNY,observed_company_universe,,,covid19_first_wave;russia_ukraine_conflict_2022;israel_palestine_conflict_2023;us_israel_iran_conflict_2025,main_and_gdelt,unknown,csi300_gdelt_english_news;csi300_news,FII;工业富联;Foxconn Industrial Internet;sh.601138,observed_company_universe; needs_match_review_low_strength_seen
CSI300:601155,CSI300,601155,新城控股,新城控股,SSE/SZSE,CNY,observed_company_universe,,,covid19_first_wave;russia_ukraine_conflict_2022;israel_palestine_conflict_2023;us_israel_iran_conflict_2025,main_and_gdelt,unknown,csi300_gdelt_english_news;csi300_news,新城控股;Seazen Holdings,observed_company_universe; observed_company_scope
CSI300:601162,CSI300,601162,天风证券,天风证券,SSE/SZSE,CNY,observed_company_universe,,,covid19_first_wave;russia_ukraine_conflict_2022;israel_palestine_conflict_2023;us_israel_iran_conflict_2025,main_and_gdelt,unknown,csi300_gdelt_english_news;csi300_news,Tianfeng Securities;天风证券,observed_company_universe; observed_company_scope
CSI300:601166,CSI300,601166,兴业银行,兴业银行,SSE/SZSE,CNY,observed_company_universe,,,covid19_first_wave;russia_ukraine_conflict_2022;israel_palestine_conflict_2023;us_israel_iran_conflict_2025,main_and_gdelt,unknown,csi300_gdelt_english_news;csi300_news,Industrial Bank;兴业银行,observed_company_universe; observed_company_scope
CSI300:601169,CSI300,601169,北京银行,北京银行,SSE/SZSE,CNY,observed_company_universe,,,covid19_first_wave;russia_ukraine_conflict_2022;israel_palestine_conflict_2023;us_israel_iran_conflict_2025,main_only_or_main_plus_supplement,unknown,csi300_news,北京银行,observed_company_universe; observed_company_scope
CSI300:601186,CSI300,601186,中国铁建,中国铁建,SSE/SZSE,CNY,observed_company_universe,,,covid19_first_wave;russia_ukraine_conflict_2022;israel_palestine_conflict_2023;us_israel_iran_conflict_2025,main_and_gdelt,unknown,csi300_gdelt_english_news;csi300_news,China Railway Construction;中国铁建;China Railway Construction Corporation Limited;CRCC,observed_company_universe; needs_match_review_low_strength_seen
CSI300:601198,CSI300,601198,东兴证券,东兴证券,SSE/SZSE,CNY,observed_company_universe,,,covid19_first_wave;russia_ukraine_conflict_2022;israel_palestine_conflict_2023;us_israel_iran_conflict_2025,main_and_gdelt,unknown,csi300_gdelt_english_news;csi300_news,Dongxing Securities;东兴证券,observed_company_universe; observed_company_scope
CSI300:601211,CSI300,601211,国泰海通,国泰海通,SSE/SZSE,CNY,observed_company_universe,,,covid19_first_wave;russia_ukraine_conflict_2022;israel_palestine_conflict_2023;us_israel_iran_conflict_2025,main_and_gdelt,unknown,csi300_gdelt_english_news;csi300_news,Guotai Junan;国泰君安;Guotai Junan Securities;国泰海通;Guotai Haitong Securities,observed_company_universe; observed_company_scope
CSI300:601212,CSI300,601212,白银有色,白银有色,SSE/SZSE,CNY,observed_company_universe,,,covid19_first_wave;israel_palestine_conflict_2023;us_israel_iran_conflict_2025,main_and_gdelt,unknown,csi300_gdelt_english_news;csi300_news,Baiyin Nonferrous Group;白银有色,observed_company_universe; observed_company_scope
CSI300:601216,CSI300,601216,君正集团,君正集团,SSE/SZSE,CNY,observed_company_universe,,,covid19_first_wave;russia_ukraine_conflict_2022;israel_palestine_conflict_2023,main_only_or_main_plus_supplement,unknown,csi300_news,君正集团;君正,observed_company_universe; observed_company_scope
CSI300:601225,CSI300,601225,陕西煤业,陕西煤业,SSE/SZSE,CNY,observed_company_universe,,,covid19_first_wave;russia_ukraine_conflict_2022;israel_palestine_conflict_2023;us_israel_iran_conflict_2025,main_and_gdelt,unknown,csi300_gdelt_english_news;csi300_news,陕西煤业;Shaanxi Coal;Shaanxi Coal Industry;Shaanxi Coal Industry Company Limited,observed_company_universe; observed_company_scope
CSI300:601229,CSI300,601229,上海银行,上海银行,SSE/SZSE,CNY,observed_company_universe,,,covid19_first_wave;russia_ukraine_conflict_2022;israel_palestine_conflict_2023;us_israel_iran_conflict_2025,main_only_or_main_plus_supplement,unknown,csi300_news,上海银行,observed_company_universe; observed_company_scope
CSI300:601231,CSI300,601231,环旭电子,环旭电子,SSE/SZSE,CNY,observed_company_universe,,,russia_ukraine_conflict_2022,main_only_or_main_plus_supplement,unknown,csi300_news,环旭电子,observed_company_universe; observed_company_scope
CSI300:601236,CSI300,601236,红塔证券,红塔证券,SSE/SZSE,CNY,observed_company_universe,,,covid19_first_wave;russia_ukraine_conflict_2022;israel_palestine_conflict_2023;us_israel_iran_conflict_2025,main_and_gdelt,unknown,csi300_gdelt_english_news;csi300_news,红塔证券;Hongta Securities,observed_company_universe; observed_company_scope
CSI300:601238,CSI300,601238,广汽集团,广汽集团,SSE/SZSE,CNY,observed_company_universe,,,covid19_first_wave;russia_ukraine_conflict_2022;israel_palestine_conflict_2023;us_israel_iran_conflict_2025,main_and_gdelt,unknown,csi300_gdelt_english_news;csi300_news,Guangzhou Automobile Group;广汽;广汽集团;Guangzhou Automobile,observed_company_universe; observed_company_scope
CSI300:601288,CSI300,601288,农业银行,农业银行,SSE/SZSE,CNY,observed_company_universe,,,covid19_first_wave;russia_ukraine_conflict_2022;israel_palestine_conflict_2023;us_israel_iran_conflict_2025,main_and_gdelt,unknown,csi300_gdelt_english_news;csi300_news,ABC;农业银行,observed_company_universe; needs_match_review_low_strength_seen
CSI300:601298,CSI300,601298,青岛港,青岛港,SSE/SZSE,CNY,observed_company_universe,,,covid19_first_wave;russia_ukraine_conflict_2022;israel_palestine_conflict_2023;us_israel_iran_conflict_2025,main_and_gdelt,unknown,csi300_gdelt_english_news;csi300_news,Qingdao Port International;青岛港,observed_company_universe; observed_company_scope
CSI300:601318,CSI300,601318,中国平安,中国平安,SSE/SZSE,CNY,observed_company_universe,,,covid19_first_wave;russia_ukraine_conflict_2022;israel_palestine_conflict_2023;us_israel_iran_conflict_2025,main_and_gdelt,unknown,csi300_gdelt_english_news;csi300_news,中国平安;Ping An;Ping An Insurance,observed_company_universe; observed_company_scope
CSI300:601319,CSI300,601319,中国人保,中国人保,SSE/SZSE,CNY,observed_company_universe,,,covid19_first_wave;russia_ukraine_conflict_2022;israel_palestine_conflict_2023;us_israel_iran_conflict_2025,main_and_gdelt,unknown,csi300_gdelt_english_news;csi300_news,PICC;中国人保;sh.601319,observed_company_universe; needs_match_review_low_strength_seen
CSI300:601328,CSI300,601328,交通银行,交通银行,SSE/SZSE,CNY,observed_company_universe,,,covid19_first_wave;russia_ukraine_conflict_2022;israel_palestine_conflict_2023;us_israel_iran_conflict_2025,main_and_gdelt,unknown,csi300_gdelt_english_news;csi300_news,BOCOM;交通银行;sh.601328,observed_company_universe; needs_match_review_low_strength_seen
CSI300:601336,CSI300,601336,新华保险,新华保险,SSE/SZSE,CNY,observed_company_universe,,,covid19_first_wave;russia_ukraine_conflict_2022;israel_palestine_conflict_2023;us_israel_iran_conflict_2025,main_and_gdelt,unknown,csi300_gdelt_english_news;csi300_news,NCI;新华保险,observed_company_universe; needs_match_review_low_strength_seen
CSI300:601360,CSI300,601360,三六零,三六零,SSE/SZSE,CNY,observed_company_universe,,,covid19_first_wave;russia_ukraine_conflict_2022;israel_palestine_conflict_2023;us_israel_iran_conflict_2025,main_only_or_main_plus_supplement,unknown,csi300_news,三六零,observed_company_universe; observed_company_scope
CSI300:601377,CSI300,601377,兴业证券,兴业证券,SSE/SZSE,CNY,observed_company_universe,,,covid19_first_wave;russia_ukraine_conflict_2022;israel_palestine_conflict_2023;us_israel_iran_conflict_2025,main_and_gdelt,unknown,csi300_gdelt_english_news;csi300_news,Industrial Securities;兴业证券,observed_company_universe; observed_company_scope
CSI300:601390,CSI300,601390,中国中铁,中国中铁,SSE/SZSE,CNY,observed_company_universe,,,covid19_first_wave;russia_ukraine_conflict_2022;israel_palestine_conflict_2023;us_israel_iran_conflict_2025,main_and_gdelt,unknown,csi300_gdelt_english_news;csi300_news,CREC;中国中铁;China Railway Group,observed_company_universe; needs_match_review_low_strength_seen
CSI300:601398,CSI300,601398,工商银行,工商银行,SSE/SZSE,CNY,observed_company_universe,,,covid19_first_wave;russia_ukraine_conflict_2022;israel_palestine_conflict_2023;us_israel_iran_conflict_2025,main_and_gdelt,unknown,csi300_gdelt_english_news;csi300_news,ICBC;工商银行,observed_company_universe; needs_match_review_low_strength_seen
CSI300:601456,CSI300,601456,国联民生,国联民生,SSE/SZSE,CNY,observed_company_universe,,,us_israel_iran_conflict_2025,gdelt_only,unknown,csi300_gdelt_english_news,Guolian Minsheng Securities,observed_company_universe; observed_company_scope
CSI300:601555,CSI300,601555,东吴证券,东吴证券,SSE/SZSE,CNY,observed_company_universe,,,covid19_first_wave;russia_ukraine_conflict_2022;israel_palestine_conflict_2023;us_israel_iran_conflict_2025,main_and_gdelt,unknown,csi300_gdelt_english_news;csi300_news,Soochow Securities;东吴证券,observed_company_universe; observed_company_scope
CSI300:601577,CSI300,601577,长沙银行,长沙银行,SSE/SZSE,CNY,observed_company_universe,,,covid19_first_wave,main_only_or_main_plus_supplement,unknown,csi300_news,长沙银行,observed_company_universe; observed_company_scope
CSI300:601600,CSI300,601600,中国铝业,中国铝业,SSE/SZSE,CNY,observed_company_universe,,,covid19_first_wave;russia_ukraine_conflict_2022;israel_palestine_conflict_2023;us_israel_iran_conflict_2025,main_and_gdelt,unknown,csi300_gdelt_english_news;csi300_news,Chalco;中国铝业;Aluminum Corporation of China,observed_company_universe; needs_match_review_low_strength_seen
CSI300:601601,CSI300,601601,中国太保,中国太保,SSE/SZSE,CNY,observed_company_universe,,,covid19_first_wave;russia_ukraine_conflict_2022;israel_palestine_conflict_2023;us_israel_iran_conflict_2025,main_and_gdelt,unknown,csi300_gdelt_english_news;csi300_news,中国太保;China Pacific Insurance;CPIC,observed_company_universe; needs_match_review_low_strength_seen
CSI300:601607,CSI300,601607,上海医药,上海医药,SSE/SZSE,CNY,observed_company_universe,,,covid19_first_wave;russia_ukraine_conflict_2022;israel_palestine_conflict_2023;us_israel_iran_conflict_2025,main_and_gdelt,unknown,csi300_gdelt_english_news;csi300_news,Shanghai Pharmaceuticals;上海医药;Shanghai Pharmaceuticals Holding,observed_company_universe; observed_company_scope
CSI300:601615,CSI300,601615,明阳智能,明阳智能,SSE/SZSE,CNY,observed_company_universe,,,covid19_first_wave;russia_ukraine_conflict_2022;israel_palestine_conflict_2023;us_israel_iran_conflict_2025,main_and_gdelt,unknown,csi300_gdelt_english_news;csi300_news,Ming Yang Smart Energy Group;Ming Yang Smart Energy Group Limited;明阳智能,observed_company_universe; observed_company_scope
CSI300:601618,CSI300,601618,中国中冶,中国中冶,SSE/SZSE,CNY,observed_company_universe,,,covid19_first_wave;russia_ukraine_conflict_2022;israel_palestine_conflict_2023;us_israel_iran_conflict_2025,main_and_gdelt,unknown,csi300_gdelt_english_news;csi300_news,MCC;中国中冶,observed_company_universe; needs_match_review_low_strength_seen
CSI300:601628,CSI300,601628,中国人寿,中国人寿,SSE/SZSE,CNY,observed_company_universe,,,covid19_first_wave;russia_ukraine_conflict_2022;israel_palestine_conflict_2023;us_israel_iran_conflict_2025,main_and_gdelt,unknown,csi300_gdelt_english_news;csi300_news,China Life Insurance;中国人寿;China Life;China Life Insurance Company Limited,observed_company_universe; observed_company_scope
CSI300:601633,CSI300,601633,长城汽车,长城汽车,SSE/SZSE,CNY,observed_company_universe,,,covid19_first_wave;russia_ukraine_conflict_2022;israel_palestine_conflict_2023;us_israel_iran_conflict_2025,main_and_gdelt,unknown,csi300_gdelt_english_news;csi300_news,Great Wall Motor;长城汽车;Great Wall Motor Company Limited,observed_company_universe; observed_company_scope
CSI300:601658,CSI300,601658,邮储银行,邮储银行,SSE/SZSE,CNY,observed_company_universe,,,covid19_first_wave;russia_ukraine_conflict_2022;israel_palestine_conflict_2023;us_israel_iran_conflict_2025,main_and_gdelt,unknown,csi300_gdelt_english_news;csi300_news,邮储银行;Postal Savings Bank Of China;sh.601658,observed_company_universe; observed_company_scope
CSI300:601668,CSI300,601668,中国建筑,中国建筑,SSE/SZSE,CNY,observed_company_universe,,,covid19_first_wave;russia_ukraine_conflict_2022;israel_palestine_conflict_2023;us_israel_iran_conflict_2025,main_and_gdelt,unknown,csi300_gdelt_english_news;csi300_news,中国建筑;China State Construction Engineering;China State Construction;CSCEC,observed_company_universe; needs_match_review_low_strength_seen
CSI300:601669,CSI300,601669,中国电建,中国电建,SSE/SZSE,CNY,observed_company_universe,,,covid19_first_wave;russia_ukraine_conflict_2022;israel_palestine_conflict_2023;us_israel_iran_conflict_2025,main_and_gdelt,unknown,csi300_gdelt_english_news;csi300_news,PowerChina;中国电建;Power Construction Corporation of China,observed_company_universe; needs_match_review_low_strength_seen
CSI300:601688,CSI300,601688,华泰证券,华泰证券,SSE/SZSE,CNY,observed_company_universe,,,covid19_first_wave;russia_ukraine_conflict_2022;israel_palestine_conflict_2023;us_israel_iran_conflict_2025,main_and_gdelt,unknown,csi300_gdelt_english_news;csi300_news,Huatai Securities;华泰证券,observed_company_universe; observed_company_scope
CSI300:601689,CSI300,601689,拓普集团,拓普集团,SSE/SZSE,CNY,observed_company_universe,,,covid19_first_wave;russia_ukraine_conflict_2022;israel_palestine_conflict_2023;us_israel_iran_conflict_2025,main_and_gdelt,unknown,csi300_gdelt_english_news;csi300_news,Ningbo Tuopu Group;拓普集团;拓普,observed_company_universe; observed_company_scope
CSI300:601696,CSI300,601696,中银证券,中银证券,SSE/SZSE,CNY,observed_company_universe,,,russia_ukraine_conflict_2022,main_only_or_main_plus_supplement,unknown,csi300_news,中银证券,observed_company_universe; observed_company_scope
CSI300:601698,CSI300,601698,中国卫通,中国卫通,SSE/SZSE,CNY,observed_company_universe,,,covid19_first_wave;russia_ukraine_conflict_2022;israel_palestine_conflict_2023;us_israel_iran_conflict_2025,main_and_gdelt,unknown,csi300_gdelt_english_news;csi300_news,中国卫通;China Satellite Communications,observed_company_universe; observed_company_scope
CSI300:601699,CSI300,601699,潞安环能,潞安环能,SSE/SZSE,CNY,observed_company_universe,,,israel_palestine_conflict_2023;us_israel_iran_conflict_2025,main_only_or_main_plus_supplement,unknown,csi300_news,潞安环能,observed_company_universe; observed_company_scope
CSI300:601727,CSI300,601727,上海电气,上海电气,SSE/SZSE,CNY,observed_company_universe,,,covid19_first_wave;russia_ukraine_conflict_2022;israel_palestine_conflict_2023;us_israel_iran_conflict_2025,main_and_gdelt,unknown,csi300_gdelt_english_news;csi300_news,Shanghai Electric Group;上海电气;Shanghai Electric Group Company Limited,observed_company_universe; observed_company_scope
CSI300:601728,CSI300,601728,中国电信,中国电信,SSE/SZSE,CNY,observed_company_universe,,,covid19_first_wave;russia_ukraine_conflict_2022;israel_palestine_conflict_2023;us_israel_iran_conflict_2025,main_and_gdelt,unknown,csi300_gdelt_english_news;csi300_news,China Telecom;中国电信;China Telecom Corporation Limited,observed_company_universe; observed_company_scope
CSI300:601766,CSI300,601766,中国中车,中国中车,SSE/SZSE,CNY,observed_company_universe,,,covid19_first_wave;russia_ukraine_conflict_2022;israel_palestine_conflict_2023;us_israel_iran_conflict_2025,main_and_gdelt,unknown,csi300_gdelt_english_news;csi300_news,CRRC;中国中车,observed_company_universe; needs_match_review_low_strength_seen
CSI300:601788,CSI300,601788,光大证券,光大证券,SSE/SZSE,CNY,observed_company_universe,,,covid19_first_wave;russia_ukraine_conflict_2022;israel_palestine_conflict_2023;us_israel_iran_conflict_2025,main_and_gdelt,unknown,csi300_gdelt_english_news;csi300_news,Everbright Securities;光大证券,observed_company_universe; observed_company_scope
CSI300:601799,CSI300,601799,星宇股份,星宇股份,SSE/SZSE,CNY,observed_company_universe,,,covid19_first_wave;russia_ukraine_conflict_2022;israel_palestine_conflict_2023;us_israel_iran_conflict_2025,main_and_gdelt,unknown,csi300_gdelt_english_news;csi300_news,星宇股份;Changzhou Xingyu Automotive Lighting Systems,observed_company_universe; observed_company_scope
CSI300:601800,CSI300,601800,中国交建,中国交建,SSE/SZSE,CNY,observed_company_universe,,,covid19_first_wave;russia_ukraine_conflict_2022;israel_palestine_conflict_2023;us_israel_iran_conflict_2025,main_and_gdelt,unknown,csi300_gdelt_english_news;csi300_news,CCCC;中国交建;China Communications Construction,observed_company_universe; needs_match_review_low_strength_seen
CSI300:601808,CSI300,601808,中海油服,中海油服,SSE/SZSE,CNY,observed_company_universe,,,covid19_first_wave;russia_ukraine_conflict_2022;israel_palestine_conflict_2023;us_israel_iran_conflict_2025,main_and_gdelt,unknown,csi300_gdelt_english_news;csi300_news,China Oilfield Services;中海油服;China Oilfield Services Limited,observed_company_universe; observed_company_scope
CSI300:601816,CSI300,601816,京沪高铁,京沪高铁,SSE/SZSE,CNY,observed_company_universe,,,covid19_first_wave;russia_ukraine_conflict_2022;israel_palestine_conflict_2023;us_israel_iran_conflict_2025,main_and_gdelt,unknown,csi300_gdelt_english_news;csi300_news,京沪高铁;Beijing-Shanghai High Speed Railway,observed_company_universe; observed_company_scope
CSI300:601818,CSI300,601818,光大银行,光大银行,SSE/SZSE,CNY,observed_company_universe,,,covid19_first_wave;russia_ukraine_conflict_2022;israel_palestine_conflict_2023;us_israel_iran_conflict_2025,main_and_gdelt,unknown,csi300_gdelt_english_news;csi300_news,China Everbright Bank;光大银行,observed_company_universe; observed_company_scope
CSI300:601825,CSI300,601825,沪农商行,沪农商行,SSE/SZSE,CNY,observed_company_universe,,,covid19_first_wave;russia_ukraine_conflict_2022,gdelt_only,unknown,csi300_gdelt_english_news,Shanghai Rural Commercial Bank,observed_company_universe; observed_company_scope
CSI300:601828,CSI300,601828,美凯龙,美凯龙,SSE/SZSE,CNY,observed_company_universe,,,covid19_first_wave;russia_ukraine_conflict_2022;israel_palestine_conflict_2023;us_israel_iran_conflict_2025,main_and_gdelt,unknown,csi300_gdelt_english_news;csi300_news,Red Star Macalline Group;Red Star Macalline Group Corporation Ltd;美凯龙,observed_company_universe; observed_company_scope
CSI300:601838,CSI300,601838,成都银行,成都银行,SSE/SZSE,CNY,observed_company_universe,,,covid19_first_wave;russia_ukraine_conflict_2022;israel_palestine_conflict_2023;us_israel_iran_conflict_2025,main_only_or_main_plus_supplement,unknown,csi300_news,成都银行;sh.601838,observed_company_universe; observed_company_scope
CSI300:601857,CSI300,601857,中国石油,中国石油,SSE/SZSE,CNY,observed_company_universe,,,covid19_first_wave;russia_ukraine_conflict_2022;israel_palestine_conflict_2023;us_israel_iran_conflict_2025,main_and_gdelt,unknown,csi300_gdelt_english_news;csi300_news,PetroChina;中国石油;PetroChina Company Limited,observed_company_universe; observed_company_scope
CSI300:601865,CSI300,601865,福莱特,福莱特,SSE/SZSE,CNY,observed_company_universe,,,covid19_first_wave;russia_ukraine_conflict_2022;israel_palestine_conflict_2023;us_israel_iran_conflict_2025,main_and_gdelt,unknown,csi300_gdelt_english_news;csi300_news,福莱特;Flat Glass Group,observed_company_universe; observed_company_scope
CSI300:601868,CSI300,601868,中国能建,中国能建,SSE/SZSE,CNY,observed_company_universe,,,covid19_first_wave;russia_ukraine_conflict_2022;israel_palestine_conflict_2023;us_israel_iran_conflict_2025,main_and_gdelt,unknown,csi300_gdelt_english_news;csi300_news,China Energy Engineering;中国能建;Energy China,observed_company_universe; observed_company_scope
CSI300:601872,CSI300,601872,招商轮船,招商轮船,SSE/SZSE,CNY,observed_company_universe,,,covid19_first_wave;russia_ukraine_conflict_2022;israel_palestine_conflict_2023;us_israel_iran_conflict_2025,main_and_gdelt,unknown,csi300_gdelt_english_news;csi300_news,China Merchants Energy Shipping;招商轮船,observed_company_universe; observed_company_scope
CSI300:601877,CSI300,601877,正泰电器,正泰电器,SSE/SZSE,CNY,observed_company_universe,,,covid19_first_wave;russia_ukraine_conflict_2022;israel_palestine_conflict_2023;us_israel_iran_conflict_2025,main_and_gdelt,unknown,csi300_gdelt_english_news;csi300_news,Chint;正泰电器;sh.601877,observed_company_universe; needs_match_review_low_strength_seen
CSI300:601878,CSI300,601878,浙商证券,浙商证券,SSE/SZSE,CNY,observed_company_universe,,,covid19_first_wave;russia_ukraine_conflict_2022;israel_palestine_conflict_2023;us_israel_iran_conflict_2025,main_and_gdelt,unknown,csi300_gdelt_english_news;csi300_news,Zheshang Securities;浙商证券,observed_company_universe; observed_company_scope
CSI300:601881,CSI300,601881,中国银河,中国银河,SSE/SZSE,CNY,observed_company_universe,,,covid19_first_wave;russia_ukraine_conflict_2022;israel_palestine_conflict_2023;us_israel_iran_conflict_2025,main_and_gdelt,unknown,csi300_gdelt_english_news;csi300_news,China Galaxy Securities;中国银河,observed_company_universe; observed_company_scope
CSI300:601888,CSI300,601888,中国中免,中国中免,SSE/SZSE,CNY,observed_company_universe,,,covid19_first_wave;russia_ukraine_conflict_2022;israel_palestine_conflict_2023;us_israel_iran_conflict_2025,main_and_gdelt,unknown,csi300_gdelt_english_news;csi300_news,中国中免;China Tourism Group Duty Free;中国国旅;China Tourism Group Duty Free Corporation Limited,observed_company_universe; observed_company_scope
CSI300:601898,CSI300,601898,中煤能源,中煤能源,SSE/SZSE,CNY,observed_company_universe,,,covid19_first_wave;russia_ukraine_conflict_2022;israel_palestine_conflict_2023;us_israel_iran_conflict_2025,main_and_gdelt,unknown,csi300_gdelt_english_news;csi300_news,China Coal Energy;中煤能源;China Coal Energy Company Limited,observed_company_universe; observed_company_scope
CSI300:601899,CSI300,601899,紫金矿业,紫金矿业,SSE/SZSE,CNY,observed_company_universe,,,covid19_first_wave;russia_ukraine_conflict_2022;israel_palestine_conflict_2023;us_israel_iran_conflict_2025,main_and_gdelt,unknown,csi300_gdelt_english_news;csi300_news,紫金矿业;Zijin Mining;Zijin Mining Group;Zijin Mining Group Company Limited,observed_company_universe; observed_company_scope
CSI300:601901,CSI300,601901,方正证券,方正证券,SSE/SZSE,CNY,observed_company_universe,,,covid19_first_wave;russia_ukraine_conflict_2022;israel_palestine_conflict_2023;us_israel_iran_conflict_2025,main_and_gdelt,unknown,csi300_gdelt_english_news;csi300_news,Founder Securities;方正证券,observed_company_universe; observed_company_scope
CSI300:601916,CSI300,601916,浙商银行,浙商银行,SSE/SZSE,CNY,observed_company_universe,,,covid19_first_wave;russia_ukraine_conflict_2022;israel_palestine_conflict_2023;us_israel_iran_conflict_2025,main_and_gdelt,unknown,csi300_gdelt_english_news;csi300_news,China Zheshang Bank;浙商银行,observed_company_universe; observed_company_scope
CSI300:601919,CSI300,601919,中远海控,中远海控,SSE/SZSE,CNY,observed_company_universe,,,covid19_first_wave;russia_ukraine_conflict_2022;israel_palestine_conflict_2023;us_israel_iran_conflict_2025,main_and_gdelt,unknown,csi300_gdelt_english_news;csi300_news,COSCO Shipping Holdings;中远海控;sh.601919,observed_company_universe; observed_company_scope
CSI300:601933,CSI300,601933,永辉超市,永辉超市,SSE/SZSE,CNY,observed_company_universe,,,covid19_first_wave;russia_ukraine_conflict_2022;israel_palestine_conflict_2023;us_israel_iran_conflict_2025,main_and_gdelt,unknown,csi300_gdelt_english_news;csi300_news,Yonghui Superstores;永辉超市;sh.601933,observed_company_universe; observed_company_scope
CSI300:601939,CSI300,601939,建设银行,建设银行,SSE/SZSE,CNY,observed_company_universe,,,covid19_first_wave;russia_ukraine_conflict_2022;israel_palestine_conflict_2023;us_israel_iran_conflict_2025,main_and_gdelt,unknown,csi300_gdelt_english_news;csi300_news,CCB;建设银行;China Construction Bank,observed_company_universe; needs_match_review_low_strength_seen
CSI300:601966,CSI300,601966,玲珑轮胎,玲珑轮胎,SSE/SZSE,CNY,observed_company_universe,,,covid19_first_wave;russia_ukraine_conflict_2022;israel_palestine_conflict_2023;us_israel_iran_conflict_2025,main_and_gdelt,unknown,csi300_gdelt_english_news;csi300_news,Shandong Linglong Tyre;玲珑轮胎,observed_company_universe; observed_company_scope
CSI300:601985,CSI300,601985,中国核电,中国核电,SSE/SZSE,CNY,observed_company_universe,,,covid19_first_wave;russia_ukraine_conflict_2022;israel_palestine_conflict_2023;us_israel_iran_conflict_2025,main_and_gdelt,unknown,csi300_gdelt_english_news;csi300_news,CNNP;中国核电,observed_company_universe; needs_match_review_low_strength_seen
CSI300:601988,CSI300,601988,中国银行,中国银行,SSE/SZSE,CNY,observed_company_universe,,,covid19_first_wave;russia_ukraine_conflict_2022;israel_palestine_conflict_2023;us_israel_iran_conflict_2025,main_and_gdelt,unknown,csi300_gdelt_english_news;csi300_news,BOC;中国银行,observed_company_universe; needs_match_review_low_strength_seen
CSI300:601989,CSI300,601989,中国重工,中国重工,SSE/SZSE,CNY,observed_company_universe,,,covid19_first_wave;russia_ukraine_conflict_2022;israel_palestine_conflict_2023;us_israel_iran_conflict_2025,main_and_gdelt,unknown,csi300_gdelt_english_news;csi300_news,China Shipbuilding Industry;中国重工,observed_company_universe; observed_company_scope
CSI300:601990,CSI300,601990,南京证券,南京证券,SSE/SZSE,CNY,observed_company_universe,,,covid19_first_wave;russia_ukraine_conflict_2022;israel_palestine_conflict_2023,main_and_gdelt,unknown,csi300_gdelt_english_news;csi300_news,Nanjing Securities;南京证券,observed_company_universe; observed_company_scope
CSI300:601992,CSI300,601992,金隅集团,金隅集团,SSE/SZSE,CNY,observed_company_universe,,,covid19_first_wave;russia_ukraine_conflict_2022;israel_palestine_conflict_2023;us_israel_iran_conflict_2025,main_and_gdelt,unknown,csi300_gdelt_english_news;csi300_news,BBMG;金隅集团;金隅,observed_company_universe; needs_match_review_low_strength_seen
CSI300:601995,CSI300,601995,中金公司,中金公司,SSE/SZSE,CNY,observed_company_universe,,,covid19_first_wave;russia_ukraine_conflict_2022;israel_palestine_conflict_2023;us_israel_iran_conflict_2025,main_and_gdelt,unknown,csi300_gdelt_english_news;csi300_news,CICC;中金公司;China International Capital;China International Capital Corporation Limited,observed_company_universe; needs_match_review_low_strength_seen
CSI300:601997,CSI300,601997,贵阳银行,贵阳银行,SSE/SZSE,CNY,observed_company_universe,,,covid19_first_wave,main_only_or_main_plus_supplement,unknown,csi300_news,贵阳银行,observed_company_universe; observed_company_scope
CSI300:601998,CSI300,601998,中信银行,中信银行,SSE/SZSE,CNY,observed_company_universe,,,covid19_first_wave;russia_ukraine_conflict_2022;israel_palestine_conflict_2023;us_israel_iran_conflict_2025,main_and_gdelt,unknown,csi300_gdelt_english_news;csi300_news,中信银行;China CITIC Bank;CITIC Bank,observed_company_universe; observed_company_scope
CSI300:603019,CSI300,603019,中科曙光,中科曙光,SSE/SZSE,CNY,observed_company_universe,,,covid19_first_wave;russia_ukraine_conflict_2022;israel_palestine_conflict_2023;us_israel_iran_conflict_2025,main_and_gdelt,unknown,csi300_gdelt_english_news;csi300_news,中科曙光;Dawning Information Industry;Sugon,observed_company_universe; needs_match_review_low_strength_seen
CSI300:603087,CSI300,603087,甘李药业,甘李药业,SSE/SZSE,CNY,observed_company_universe,,,russia_ukraine_conflict_2022,main_only_or_main_plus_supplement,unknown,csi300_news,甘李药业,observed_company_universe; observed_company_scope
CSI300:603156,CSI300,603156,养元饮品,养元饮品,SSE/SZSE,CNY,observed_company_universe,,,covid19_first_wave;us_israel_iran_conflict_2025,main_and_gdelt,unknown,csi300_gdelt_english_news;csi300_news,养元饮品;Hebei Yangyuan Zhihui Beverage,observed_company_universe; observed_company_scope
CSI300:603160,CSI300,603160,汇顶科技,汇顶科技,SSE/SZSE,CNY,observed_company_universe,,,covid19_first_wave;russia_ukraine_conflict_2022;israel_palestine_conflict_2023;us_israel_iran_conflict_2025,main_and_gdelt,unknown,csi300_gdelt_english_news;csi300_news,Shenzhen Goodix Technology;汇顶科技,observed_company_universe; observed_company_scope
CSI300:603185,CSI300,603185,弘元绿能,弘元绿能,SSE/SZSE,CNY,observed_company_universe,,,israel_palestine_conflict_2023,main_only_or_main_plus_supplement,unknown,csi300_news,弘元绿能,observed_company_universe; observed_company_scope
CSI300:603195,CSI300,603195,公牛集团,公牛集团,SSE/SZSE,CNY,observed_company_universe,,,covid19_first_wave;russia_ukraine_conflict_2022;israel_palestine_conflict_2023;us_israel_iran_conflict_2025,main_and_gdelt,unknown,csi300_gdelt_english_news;csi300_news,Bull Group;公牛;公牛集团;Gongniu Group,observed_company_universe; observed_company_scope
CSI300:603233,CSI300,603233,大参林,大参林,SSE/SZSE,CNY,observed_company_universe,,,russia_ukraine_conflict_2022,main_and_gdelt,unknown,csi300_gdelt_english_news;csi300_news,DaShenLin Pharmaceutical Group;大参林,observed_company_universe; observed_company_scope
CSI300:603259,CSI300,603259,药明康德,药明康德,SSE/SZSE,CNY,observed_company_universe,,,covid19_first_wave;russia_ukraine_conflict_2022;israel_palestine_conflict_2023;us_israel_iran_conflict_2025,main_and_gdelt,unknown,csi300_gdelt_english_news;csi300_news,WuXi AppTec;药明康德,observed_company_universe; observed_company_scope
CSI300:603260,CSI300,603260,合盛硅业,合盛硅业,SSE/SZSE,CNY,observed_company_universe,,,covid19_first_wave;russia_ukraine_conflict_2022;israel_palestine_conflict_2023;us_israel_iran_conflict_2025,main_and_gdelt,unknown,csi300_gdelt_english_news;csi300_news,合盛硅业;Hoshine Silicon Industry;Hoshine Silicon,observed_company_universe; observed_company_scope
CSI300:603288,CSI300,603288,海天味业,海天味业,SSE/SZSE,CNY,observed_company_universe,,,covid19_first_wave;russia_ukraine_conflict_2022;israel_palestine_conflict_2023;us_israel_iran_conflict_2025,main_and_gdelt,unknown,csi300_gdelt_english_news;csi300_news,海天味业;Foshan Haitian Flavouring;Haitian Flavouring,observed_company_universe; observed_company_scope
CSI300:603290,CSI300,603290,斯达半导,斯达半导,SSE/SZSE,CNY,observed_company_universe,,,covid19_first_wave;russia_ukraine_conflict_2022;israel_palestine_conflict_2023;us_israel_iran_conflict_2025,main_and_gdelt,unknown,csi300_gdelt_english_news;csi300_news,StarPower Semiconductor;StarPower Semiconductor Ltd;斯达半导,observed_company_universe; observed_company_scope
CSI300:603296,CSI300,603296,华勤技术,华勤技术,SSE/SZSE,CNY,observed_company_universe,,,covid19_first_wave;russia_ukraine_conflict_2022;israel_palestine_conflict_2023;us_israel_iran_conflict_2025,main_and_gdelt,unknown,csi300_gdelt_english_news;csi300_news,Huaqin;华勤技术,observed_company_universe; needs_match_review_low_strength_seen
CSI300:603338,CSI300,603338,浙江鼎力,浙江鼎力,SSE/SZSE,CNY,observed_company_universe,,,covid19_first_wave;russia_ukraine_conflict_2022;israel_palestine_conflict_2023;us_israel_iran_conflict_2025,main_and_gdelt,unknown,csi300_gdelt_english_news;csi300_news,浙江鼎力;Zhejiang Dingli Machinery,observed_company_universe; observed_company_scope
CSI300:603369,CSI300,603369,今世缘,今世缘,SSE/SZSE,CNY,observed_company_universe,,,russia_ukraine_conflict_2022;israel_palestine_conflict_2023;us_israel_iran_conflict_2025,main_only_or_main_plus_supplement,unknown,csi300_news,今世缘,observed_company_universe; observed_company_scope
CSI300:603392,CSI300,603392,万泰生物,万泰生物,SSE/SZSE,CNY,observed_company_universe,,,covid19_first_wave;russia_ukraine_conflict_2022;israel_palestine_conflict_2023;us_israel_iran_conflict_2025,main_and_gdelt,unknown,csi300_gdelt_english_news;csi300_news,万泰生物;Beijing Wantai;Wantai BioPharm;Beijing Wantai Biological Pharmacy Enterprise,observed_company_universe; observed_company_scope
CSI300:603486,CSI300,603486,科沃斯,科沃斯,SSE/SZSE,CNY,observed_company_universe,,,covid19_first_wave;russia_ukraine_conflict_2022;israel_palestine_conflict_2023;us_israel_iran_conflict_2025,main_and_gdelt,unknown,csi300_gdelt_english_news;csi300_news,Ecovacs Robotics;科沃斯,observed_company_universe; observed_company_scope
CSI300:603501,CSI300,603501,韦尔股份,韦尔股份,SSE/SZSE,CNY,observed_company_universe,,,covid19_first_wave;russia_ukraine_conflict_2022;israel_palestine_conflict_2023;us_israel_iran_conflict_2025,main_and_gdelt,unknown,csi300_gdelt_english_news;csi300_news,Will Semiconductor;韦尔股份;豪威;OmniVision Integrated Circuits Group,observed_company_universe; observed_company_scope
CSI300:603517,CSI300,603517,绝味食品,绝味食品,SSE/SZSE,CNY,observed_company_universe,,,covid19_first_wave;russia_ukraine_conflict_2022,main_and_gdelt,unknown,csi300_gdelt_english_news;csi300_news,Juewei Food;绝味食品,observed_company_universe; observed_company_scope
CSI300:603658,CSI300,603658,安图生物,安图生物,SSE/SZSE,CNY,observed_company_universe,,,covid19_first_wave;russia_ukraine_conflict_2022,main_and_gdelt,unknown,csi300_gdelt_english_news;csi300_news,Autobio Diagnostics;安图生物,observed_company_universe; observed_company_scope
CSI300:603659,CSI300,603659,璞泰来,璞泰来,SSE/SZSE,CNY,observed_company_universe,,,covid19_first_wave;russia_ukraine_conflict_2022;israel_palestine_conflict_2023;us_israel_iran_conflict_2025,main_and_gdelt,unknown,csi300_gdelt_english_news;csi300_news,璞泰来;Shanghai Putailai;Putailai,observed_company_universe; observed_company_scope
CSI300:603799,CSI300,603799,华友钴业,华友钴业,SSE/SZSE,CNY,observed_company_universe,,,covid19_first_wave;russia_ukraine_conflict_2022;israel_palestine_conflict_2023;us_israel_iran_conflict_2025,main_and_gdelt,unknown,csi300_gdelt_english_news;csi300_news,华友钴业;Zhejiang Huayou Cobalt;Huayou Cobalt,observed_company_universe; observed_company_scope
CSI300:603806,CSI300,603806,福斯特,福斯特,SSE/SZSE,CNY,observed_company_universe,,,covid19_first_wave;russia_ukraine_conflict_2022;israel_palestine_conflict_2023;us_israel_iran_conflict_2025,main_and_gdelt,unknown,csi300_gdelt_english_news;csi300_news,福斯特;Hangzhou First Applied Material;First Applied Material;sh.603806,observed_company_universe; observed_company_scope
CSI300:603833,CSI300,603833,欧派家居,欧派家居,SSE/SZSE,CNY,observed_company_universe,,,covid19_first_wave;russia_ukraine_conflict_2022;israel_palestine_conflict_2023;us_israel_iran_conflict_2025,main_and_gdelt,unknown,csi300_gdelt_english_news;csi300_news,欧派家居;Oppein Home Group;Oppein Home Group Inc,observed_company_universe; observed_company_scope
CSI300:603882,CSI300,603882,金域医学,金域医学,SSE/SZSE,CNY,observed_company_universe,,,covid19_first_wave;russia_ukraine_conflict_2022;israel_palestine_conflict_2023,main_and_gdelt,unknown,csi300_gdelt_english_news;csi300_news,Guangzhou Kingmed Diagnostics Group;金域医学,observed_company_universe; observed_company_scope
CSI300:603893,CSI300,603893,瑞芯微,瑞芯微,SSE/SZSE,CNY,observed_company_universe,,,covid19_first_wave;russia_ukraine_conflict_2022;us_israel_iran_conflict_2025,gdelt_only,unknown,csi300_gdelt_english_news,Rockchip Electronics,observed_company_universe; observed_company_scope
CSI300:603899,CSI300,603899,晨光文具,晨光文具,SSE/SZSE,CNY,observed_company_universe,,,covid19_first_wave;russia_ukraine_conflict_2022;israel_palestine_conflict_2023,main_only_or_main_plus_supplement,unknown,csi300_news,晨光文具;晨光股份;晨光,observed_company_universe; observed_company_scope
CSI300:603939,CSI300,603939,益丰药房,益丰药房,SSE/SZSE,CNY,observed_company_universe,,,russia_ukraine_conflict_2022,main_only_or_main_plus_supplement,unknown,csi300_news,益丰药房,observed_company_universe; observed_company_scope
CSI300:603986,CSI300,603986,兆易创新,兆易创新,SSE/SZSE,CNY,observed_company_universe,,,covid19_first_wave;russia_ukraine_conflict_2022;israel_palestine_conflict_2023;us_israel_iran_conflict_2025,main_and_gdelt,unknown,csi300_gdelt_english_news;csi300_news,兆易创新;GigaDevice Semiconductor;GigaDevice;GigaDevice Semiconductor Inc,observed_company_universe; needs_match_review_low_strength_seen
CSI300:603993,CSI300,603993,洛阳钼业,洛阳钼业,SSE/SZSE,CNY,observed_company_universe,,,covid19_first_wave;russia_ukraine_conflict_2022;israel_palestine_conflict_2023;us_israel_iran_conflict_2025,main_and_gdelt,unknown,csi300_gdelt_english_news;csi300_news,洛阳钼业;China Molybdenum;CMOC;CMOC Group,observed_company_universe; needs_match_review_low_strength_seen
CSI300:605117,CSI300,605117,德业股份,德业股份,SSE/SZSE,CNY,observed_company_universe,,,israel_palestine_conflict_2023;us_israel_iran_conflict_2025,main_and_gdelt,unknown,csi300_gdelt_english_news;csi300_news,德业股份;Ningbo Deye Technology,observed_company_universe; observed_company_scope
CSI300:605499,CSI300,605499,东鹏饮料,东鹏饮料,SSE/SZSE,CNY,observed_company_universe,,,russia_ukraine_conflict_2022;israel_palestine_conflict_2023;us_israel_iran_conflict_2025,main_only_or_main_plus_supplement,unknown,csi300_news,东鹏饮料,observed_company_universe; observed_company_scope
CSI300:688005,CSI300,688005,容百科技,容百科技,SSE/SZSE,CNY,observed_company_universe,,,covid19_first_wave;russia_ukraine_conflict_2022;israel_palestine_conflict_2023,main_and_gdelt,unknown,csi300_gdelt_english_news;csi300_news,Ningbo Ronbay New Energy Technology;容百科技,observed_company_universe; observed_company_scope
CSI300:688008,CSI300,688008,澜起科技,澜起科技,SSE/SZSE,CNY,observed_company_universe,,,covid19_first_wave;russia_ukraine_conflict_2022;israel_palestine_conflict_2023;us_israel_iran_conflict_2025,main_and_gdelt,unknown,csi300_gdelt_english_news;csi300_news,Montage Technology;澜起科技,observed_company_universe; observed_company_scope
CSI300:688009,CSI300,688009,中国通号,中国通号,SSE/SZSE,CNY,observed_company_universe,,,russia_ukraine_conflict_2022;us_israel_iran_conflict_2025,main_only_or_main_plus_supplement,unknown,csi300_news,中国通号,observed_company_universe; observed_company_scope
CSI300:688012,CSI300,688012,中微公司,中微公司,SSE/SZSE,CNY,observed_company_universe,,,covid19_first_wave;russia_ukraine_conflict_2022;israel_palestine_conflict_2023;us_israel_iran_conflict_2025,main_and_gdelt,unknown,csi300_gdelt_english_news;csi300_news,AMEC;中微公司;中微,observed_company_universe; needs_match_review_low_strength_seen
CSI300:688036,CSI300,688036,传音控股,传音控股,SSE/SZSE,CNY,observed_company_universe,,,covid19_first_wave;russia_ukraine_conflict_2022;israel_palestine_conflict_2023;us_israel_iran_conflict_2025,main_and_gdelt,unknown,csi300_gdelt_english_news;csi300_news,Transsion Holdings;传音控股;Transsion;Shenzhen Transsion Holdings,observed_company_universe; needs_match_review_low_strength_seen
CSI300:688041,CSI300,688041,海光信息,海光信息,SSE/SZSE,CNY,observed_company_universe,,,israel_palestine_conflict_2023;us_israel_iran_conflict_2025,main_and_gdelt,unknown,csi300_gdelt_english_news;csi300_news,Hygon Information Technology;海光信息,observed_company_universe; observed_company_scope
CSI300:688047,CSI300,688047,龙芯中科,龙芯中科,SSE/SZSE,CNY,observed_company_universe,,,covid19_first_wave;russia_ukraine_conflict_2022;israel_palestine_conflict_2023;us_israel_iran_conflict_2025,gdelt_only,unknown,csi300_gdelt_english_news,Loongson Technology;Loongson Technology Corporation Limited,observed_company_universe; observed_company_scope
CSI300:688065,CSI300,688065,凯赛生物,凯赛生物,SSE/SZSE,CNY,observed_company_universe,,,covid19_first_wave;russia_ukraine_conflict_2022;israel_palestine_conflict_2023;us_israel_iran_conflict_2025,main_and_gdelt,unknown,csi300_gdelt_english_news;csi300_news,凯赛生物;Cathay Biotech;Cathay Biotech Inc,observed_company_universe; observed_company_scope
CSI300:688082,CSI300,688082,盛美上海,盛美上海,SSE/SZSE,CNY,observed_company_universe,,,us_israel_iran_conflict_2025,main_only_or_main_plus_supplement,unknown,csi300_news,盛美上海;sh.688082,observed_company_universe; observed_company_scope
CSI300:688111,CSI300,688111,金山办公,金山办公,SSE/SZSE,CNY,observed_company_universe,,,covid19_first_wave;russia_ukraine_conflict_2022;israel_palestine_conflict_2023;us_israel_iran_conflict_2025,main_and_gdelt,unknown,csi300_gdelt_english_news;csi300_news,Kingsoft Office;金山办公;WPS Office,observed_company_universe; observed_company_scope
CSI300:688126,CSI300,688126,沪硅产业,沪硅产业,SSE/SZSE,CNY,observed_company_universe,,,covid19_first_wave;russia_ukraine_conflict_2022;israel_palestine_conflict_2023;us_israel_iran_conflict_2025,main_and_gdelt,unknown,csi300_gdelt_english_news;csi300_news,沪硅产业;National Silicon Industry Group,observed_company_universe; observed_company_scope
CSI300:688169,CSI300,688169,石头科技,石头科技,SSE/SZSE,CNY,observed_company_universe,,,covid19_first_wave;russia_ukraine_conflict_2022;israel_palestine_conflict_2023;us_israel_iran_conflict_2025,main_and_gdelt,unknown,csi300_gdelt_english_news;csi300_news,Roborock;石头科技,observed_company_universe; needs_match_review_low_strength_seen
CSI300:688187,CSI300,688187,时代电气,时代电气,SSE/SZSE,CNY,observed_company_universe,,,covid19_first_wave;russia_ukraine_conflict_2022;israel_palestine_conflict_2023;us_israel_iran_conflict_2025,main_and_gdelt,unknown,csi300_gdelt_english_news;csi300_news,时代电气;Times Electric;Zhuzhou CRRC Times Electric,observed_company_universe; observed_company_scope
CSI300:688223,CSI300,688223,晶科能源,晶科能源,SSE/SZSE,CNY,observed_company_universe,,,covid19_first_wave;russia_ukraine_conflict_2022;israel_palestine_conflict_2023;us_israel_iran_conflict_2025,main_and_gdelt,unknown,csi300_gdelt_english_news;csi300_news,Jinko Solar;晶科能源,observed_company_universe; observed_company_scope
CSI300:688256,CSI300,688256,寒武纪,寒武纪,SSE/SZSE,CNY,observed_company_universe,,,covid19_first_wave;russia_ukraine_conflict_2022;israel_palestine_conflict_2023;us_israel_iran_conflict_2025,main_and_gdelt,unknown,csi300_gdelt_english_news;csi300_news,Cambricon Technologies;寒武纪;Cambricon,observed_company_universe; needs_match_review_low_strength_seen
CSI300:688271,CSI300,688271,联影医疗,联影医疗,SSE/SZSE,CNY,observed_company_universe,,,covid19_first_wave;russia_ukraine_conflict_2022;israel_palestine_conflict_2023;us_israel_iran_conflict_2025,main_and_gdelt,unknown,csi300_gdelt_english_news;csi300_news,United Imaging Healthcare;Shanghai United Imaging Healthcare;联影医疗,observed_company_universe; observed_company_scope
CSI300:688303,CSI300,688303,大全能源,大全能源,SSE/SZSE,CNY,observed_company_universe,,,russia_ukraine_conflict_2022;israel_palestine_conflict_2023;us_israel_iran_conflict_2025,main_and_gdelt,unknown,csi300_gdelt_english_news;csi300_news,Xinjiang Daqo New Energy;大全能源,observed_company_universe; observed_company_scope
CSI300:688363,CSI300,688363,华熙生物,华熙生物,SSE/SZSE,CNY,observed_company_universe,,,covid19_first_wave;russia_ukraine_conflict_2022;israel_palestine_conflict_2023;us_israel_iran_conflict_2025,main_and_gdelt,unknown,csi300_gdelt_english_news;csi300_news,Bloomage Biotechnology;华熙生物,observed_company_universe; observed_company_scope
CSI300:688396,CSI300,688396,华润微,华润微,SSE/SZSE,CNY,observed_company_universe,,,covid19_first_wave;russia_ukraine_conflict_2022;israel_palestine_conflict_2023;us_israel_iran_conflict_2025,main_and_gdelt,unknown,csi300_gdelt_english_news;csi300_news,华润微;China Resources Microelectronics;CR Micro;China Resources Microelectronics Limited,observed_company_universe; observed_company_scope
CSI300:688472,CSI300,688472,阿特斯,阿特斯,SSE/SZSE,CNY,observed_company_universe,,,israel_palestine_conflict_2023;us_israel_iran_conflict_2025,main_and_gdelt,unknown,csi300_gdelt_english_news;csi300_news,阿特斯;CSI Solar,observed_company_universe; observed_company_scope
CSI300:688506,CSI300,688506,百利天恒,百利天恒,SSE/SZSE,CNY,observed_company_universe,,,israel_palestine_conflict_2023;us_israel_iran_conflict_2025,main_and_gdelt,unknown,csi300_gdelt_english_news;csi300_news,百利天恒;Sichuan Biokin Pharmaceutical,observed_company_universe; observed_company_scope
CSI300:688561,CSI300,688561,奇安信,奇安信,SSE/SZSE,CNY,observed_company_universe,,,russia_ukraine_conflict_2022;israel_palestine_conflict_2023,main_only_or_main_plus_supplement,unknown,csi300_news,奇安信,observed_company_universe; observed_company_scope
CSI300:688599,CSI300,688599,天合光能,天合光能,SSE/SZSE,CNY,observed_company_universe,,,covid19_first_wave;russia_ukraine_conflict_2022;israel_palestine_conflict_2023;us_israel_iran_conflict_2025,main_and_gdelt,unknown,csi300_gdelt_english_news;csi300_news,Trina Solar;天合光能;sh.688599,observed_company_universe; observed_company_scope
CSI300:688981,CSI300,688981,中芯国际,中芯国际,SSE/SZSE,CNY,observed_company_universe,,,covid19_first_wave;russia_ukraine_conflict_2022;israel_palestine_conflict_2023;us_israel_iran_conflict_2025,main_and_gdelt,unknown,csi300_gdelt_english_news;csi300_news,SMIC;中芯国际;Semiconductor Manufacturing International Corporation,observed_company_universe; needs_match_review_low_strength_seen
HSTECH:00020,HSTECH,00020,SenseTime Group Inc.,SenseTime Group Inc.,HKEX,HKD,observed_company_universe,,,covid19_first_wave;russia_ukraine_conflict_2022;israel_palestine_conflict_2023;us_israel_iran_conflict_2025,gdelt_and_supplement,unknown,hstech_gdelt_english_news;hstech_tushare_news,SenseTime;SenseTime Group,observed_company_universe; needs_match_review_low_strength_seen
HSTECH:00136,HSTECH,00136,China Ruyi Holdings Limited,China Ruyi Holdings Limited,HKEX,HKD,observed_company_universe,,,covid19_first_wave;russia_ukraine_conflict_2022;israel_palestine_conflict_2023;us_israel_iran_conflict_2025,gdelt_and_supplement,unknown,hstech_gdelt_english_news;hstech_tushare_news,China Ruyi,observed_company_universe; observed_company_scope
HSTECH:00241,HSTECH,00241,Alibaba Health Information Technology Limited,Alibaba Health Information Technology Limited,HKEX,HKD,observed_company_universe,,,covid19_first_wave;russia_ukraine_conflict_2022;israel_palestine_conflict_2023;us_israel_iran_conflict_2025,gdelt_and_supplement,unknown,hstech_gdelt_english_news;hstech_tushare_news,Alibaba Health;Alibaba Health Information Technology Limited;AliHealth,observed_company_universe; observed_company_scope
HSTECH:00268,HSTECH,00268,Kingdee International Software Group Company Limited,Kingdee International Software Group Company Limited,HKEX,HKD,observed_company_universe,,,covid19_first_wave;russia_ukraine_conflict_2022;israel_palestine_conflict_2023;us_israel_iran_conflict_2025,gdelt_and_supplement,unknown,hstech_gdelt_english_news;hstech_tushare_news,Kingdee;Kingdee International Software Group Company Limited,observed_company_universe; needs_match_review_low_strength_seen
HSTECH:00285,HSTECH,00285,BYD Electronic (International) Company Limited,BYD Electronic (International) Company Limited,HKEX,HKD,observed_company_universe,,,covid19_first_wave;russia_ukraine_conflict_2022;israel_palestine_conflict_2023;us_israel_iran_conflict_2025,gdelt_and_supplement,unknown,hstech_gdelt_english_news;hstech_tushare_news,BYD Electronic,observed_company_universe; needs_match_review_low_strength_seen
HSTECH:00300,HSTECH,00300,"Midea Group Co., Ltd.","Midea Group Co., Ltd.",HKEX,HKD,observed_company_universe,,,covid19_first_wave;russia_ukraine_conflict_2022;israel_palestine_conflict_2023;us_israel_iran_conflict_2025,gdelt_and_supplement,unknown,hstech_gdelt_english_news;hstech_tushare_news,Midea;Midea Group,observed_company_universe; needs_match_review_low_strength_seen
HSTECH:00522,HSTECH,00522,ASMPT Limited,ASMPT Limited,HKEX,HKD,observed_company_universe,,,covid19_first_wave;russia_ukraine_conflict_2022;israel_palestine_conflict_2023;us_israel_iran_conflict_2025,gdelt_and_supplement,unknown,hstech_gdelt_english_news;hstech_tushare_news,ASMPT;ASMPT Limited;ASM Pacific,observed_company_universe; needs_match_review_low_strength_seen
HSTECH:00700,HSTECH,00700,Tencent Holdings Limited,Tencent Holdings Limited,HKEX,HKD,observed_company_universe,,,covid19_first_wave;russia_ukraine_conflict_2022;israel_palestine_conflict_2023;us_israel_iran_conflict_2025,gdelt_and_supplement,unknown,hstech_gdelt_english_news;hstech_tushare_news,Tencent;Tencent Holdings;Tencent Holdings Limited,observed_company_universe; needs_match_review_low_strength_seen
HSTECH:00763,HSTECH,00763,ZTE Corporation,ZTE Corporation,HKEX,HKD,observed_company_universe,,,covid19_first_wave;russia_ukraine_conflict_2022;israel_palestine_conflict_2023;us_israel_iran_conflict_2025,gdelt_and_supplement,unknown,hstech_gdelt_english_news;hstech_tushare_news,ZTE,observed_company_universe; needs_match_review_low_strength_seen
HSTECH:00772,HSTECH,00772,China Literature Limited,China Literature Limited,HKEX,HKD,observed_company_universe,,,covid19_first_wave;russia_ukraine_conflict_2022;israel_palestine_conflict_2023;us_israel_iran_conflict_2025,gdelt_and_supplement,unknown,hstech_gdelt_english_news;hstech_tushare_news,China Literature;China Literature Limited,observed_company_universe; observed_company_scope
HSTECH:00777,HSTECH,00777,NetDragon Websoft Holdings Limited,NetDragon Websoft Holdings Limited,HKEX,HKD,observed_company_universe,,,covid19_first_wave;russia_ukraine_conflict_2022;israel_palestine_conflict_2023;us_israel_iran_conflict_2025,gdelt_and_supplement,unknown,hstech_gdelt_english_news;hstech_tushare_news,NetDragon Websoft Holdings Limited;NetDragon,observed_company_universe; needs_match_review_low_strength_seen
HSTECH:00780,HSTECH,00780,Tongcheng Travel Holdings Limited,Tongcheng Travel Holdings Limited,HKEX,HKD,observed_company_universe,,,covid19_first_wave;russia_ukraine_conflict_2022;israel_palestine_conflict_2023;us_israel_iran_conflict_2025,gdelt_and_supplement,unknown,hstech_gdelt_english_news;hstech_tushare_news,Tongcheng Travel;Tongcheng Travel Holdings Limited,observed_company_universe; observed_company_scope
HSTECH:00909,HSTECH,00909,Ming Yuan Cloud Group Holdings Limited,Ming Yuan Cloud Group Holdings Limited,HKEX,HKD,observed_company_universe,,,covid19_first_wave;russia_ukraine_conflict_2022;us_israel_iran_conflict_2025,gdelt_and_supplement,unknown,hstech_gdelt_english_news;hstech_tushare_news,Ming Yuan Cloud,observed_company_universe; needs_match_review_low_strength_seen
HSTECH:00981,HSTECH,00981,Semiconductor Manufacturing International Corporation,Semiconductor Manufacturing International Corporation,HKEX,HKD,observed_company_universe,,,covid19_first_wave;russia_ukraine_conflict_2022;israel_palestine_conflict_2023;us_israel_iran_conflict_2025,gdelt_and_supplement,unknown,hstech_gdelt_english_news;hstech_tushare_news,SMIC;Semiconductor Manufacturing International Corporation,observed_company_universe; needs_match_review_low_strength_seen
HSTECH:00992,HSTECH,00992,Lenovo Group Limited,Lenovo Group Limited,HKEX,HKD,observed_company_universe,,,covid19_first_wave;russia_ukraine_conflict_2022;israel_palestine_conflict_2023;us_israel_iran_conflict_2025,gdelt_and_supplement,unknown,hstech_gdelt_english_news;hstech_tushare_news,Lenovo,observed_company_universe; needs_match_review_low_strength_seen
HSTECH:01024,HSTECH,01024,Kuaishou Technology,Kuaishou Technology,HKEX,HKD,observed_company_universe,,,covid19_first_wave;russia_ukraine_conflict_2022;israel_palestine_conflict_2023;us_israel_iran_conflict_2025,gdelt_and_supplement,unknown,hstech_gdelt_english_news;hstech_tushare_news,Kuaishou;Kuaishou Technology,observed_company_universe; needs_match_review_low_strength_seen
HSTECH:01211,HSTECH,01211,BYD Company Limited,BYD Company Limited,HKEX,HKD,observed_company_universe,,,covid19_first_wave;russia_ukraine_conflict_2022;israel_palestine_conflict_2023;us_israel_iran_conflict_2025,gdelt_and_supplement,unknown,hstech_gdelt_english_news;hstech_tushare_news,BYD,observed_company_universe; needs_match_review_low_strength_seen
HSTECH:01347,HSTECH,01347,Hua Hong Semiconductor Limited,Hua Hong Semiconductor Limited,HKEX,HKD,observed_company_universe,,,covid19_first_wave;russia_ukraine_conflict_2022;israel_palestine_conflict_2023;us_israel_iran_conflict_2025,gdelt_and_supplement,unknown,hstech_gdelt_english_news;hstech_tushare_news,Hua Hong Semiconductor;Hua Hong;Hua Hong Semiconductor Limited,observed_company_universe; needs_match_review_low_strength_seen
HSTECH:01478,HSTECH,01478,Q Technology (Group) Company Limited,Q Technology (Group) Company Limited,HKEX,HKD,observed_company_universe,,,covid19_first_wave;russia_ukraine_conflict_2022;israel_palestine_conflict_2023;us_israel_iran_conflict_2025,gdelt_and_supplement,unknown,hstech_gdelt_english_news;hstech_tushare_news,Q Technology,observed_company_universe; observed_company_scope
HSTECH:01698,HSTECH,01698,Tencent Music Entertainment Group,Tencent Music Entertainment Group,HKEX,HKD,observed_company_universe,,,covid19_first_wave;russia_ukraine_conflict_2022;israel_palestine_conflict_2023;us_israel_iran_conflict_2025,gdelt_and_supplement,unknown,hstech_gdelt_english_news;hstech_tushare_news,Tencent Music;Tencent Music Entertainment Group,observed_company_universe; observed_company_scope
HSTECH:01797,HSTECH,01797,East Buy Holding Limited,East Buy Holding Limited,HKEX,HKD,observed_company_universe,,,covid19_first_wave;russia_ukraine_conflict_2022;israel_palestine_conflict_2023;us_israel_iran_conflict_2025,gdelt_and_supplement,unknown,hstech_gdelt_english_news;hstech_tushare_news,East Buy;East Buy Holding Limited,observed_company_universe; observed_company_scope
HSTECH:01810,HSTECH,01810,Xiaomi Corporation,Xiaomi Corporation,HKEX,HKD,observed_company_universe,,,covid19_first_wave;russia_ukraine_conflict_2022;israel_palestine_conflict_2023;us_israel_iran_conflict_2025,gdelt_and_supplement,unknown,hstech_gdelt_english_news;hstech_tushare_news,Xiaomi;Xiaomi Corporation;Xiaomi Group,observed_company_universe; needs_match_review_low_strength_seen
HSTECH:01833,HSTECH,01833,Ping An Healthcare and Technology Company Limited,Ping An Healthcare and Technology Company Limited,HKEX,HKD,observed_company_universe,,,covid19_first_wave;russia_ukraine_conflict_2022;israel_palestine_conflict_2023;us_israel_iran_conflict_2025,gdelt_and_supplement,unknown,hstech_gdelt_english_news;hstech_tushare_news,Ping An Healthcare,observed_company_universe; needs_match_review_low_strength_seen
HSTECH:01896,HSTECH,01896,Maoyan Entertainment,Maoyan Entertainment,HKEX,HKD,observed_company_universe,,,covid19_first_wave;russia_ukraine_conflict_2022;israel_palestine_conflict_2023;us_israel_iran_conflict_2025,gdelt_and_supplement,unknown,hstech_gdelt_english_news;hstech_tushare_news,Maoyan;Maoyan Entertainment,observed_company_universe; observed_company_scope
HSTECH:02013,HSTECH,02013,Weimob Inc.,Weimob Inc.,HKEX,HKD,observed_company_universe,,,covid19_first_wave;russia_ukraine_conflict_2022;israel_palestine_conflict_2023;us_israel_iran_conflict_2025,gdelt_and_supplement,unknown,hstech_gdelt_english_news;hstech_tushare_news,Weimob,observed_company_universe; needs_match_review_low_strength_seen
HSTECH:02015,HSTECH,02015,Li Auto Inc.,Li Auto Inc.,HKEX,HKD,observed_company_universe,,,covid19_first_wave;russia_ukraine_conflict_2022;israel_palestine_conflict_2023;us_israel_iran_conflict_2025,gdelt_and_supplement,unknown,hstech_gdelt_english_news;hstech_tushare_news,Li Auto,observed_company_universe; needs_match_review_low_strength_seen
HSTECH:02018,HSTECH,02018,AAC Technologies Holdings Inc.,AAC Technologies Holdings Inc.,HKEX,HKD,observed_company_universe,,,covid19_first_wave;russia_ukraine_conflict_2022;israel_palestine_conflict_2023;us_israel_iran_conflict_2025,gdelt_and_supplement,unknown,hstech_gdelt_english_news;hstech_tushare_news,AAC Technologies,observed_company_universe; observed_company_scope
HSTECH:02382,HSTECH,02382,Sunny Optical Technology (Group) Company Limited,Sunny Optical Technology (Group) Company Limited,HKEX,HKD,observed_company_universe,,,covid19_first_wave;russia_ukraine_conflict_2022;israel_palestine_conflict_2023;us_israel_iran_conflict_2025,gdelt_and_supplement,unknown,hstech_gdelt_english_news;hstech_tushare_news,Sunny Optical;Sunny Optical Technology,observed_company_universe; observed_company_scope
HSTECH:02400,HSTECH,02400,XD Inc.,XD Inc.,HKEX,HKD,observed_company_universe,,,covid19_first_wave;russia_ukraine_conflict_2022;israel_palestine_conflict_2023;us_israel_iran_conflict_2025,gdelt_and_supplement,unknown,hstech_gdelt_english_news;hstech_tushare_news,XD Inc;XD,observed_company_universe; needs_match_review_low_strength_seen
HSTECH:02518,HSTECH,02518,Autohome Inc.,Autohome Inc.,HKEX,HKD,observed_company_universe,,,covid19_first_wave;russia_ukraine_conflict_2022;israel_palestine_conflict_2023;us_israel_iran_conflict_2025,gdelt_and_supplement,unknown,hstech_gdelt_english_news;hstech_tushare_news,Autohome,observed_company_universe; needs_match_review_low_strength_seen
HSTECH:02858,HSTECH,02858,Yixin Group Limited,Yixin Group Limited,HKEX,HKD,observed_company_universe,,,covid19_first_wave;russia_ukraine_conflict_2022;israel_palestine_conflict_2023;us_israel_iran_conflict_2025,gdelt_and_supplement,unknown,hstech_gdelt_english_news;hstech_tushare_news,Yixin;Yixin Group Limited,observed_company_universe; observed_company_scope
HSTECH:03690,HSTECH,03690,Meituan,Meituan,HKEX,HKD,observed_company_universe,,,covid19_first_wave;russia_ukraine_conflict_2022;israel_palestine_conflict_2023;us_israel_iran_conflict_2025,gdelt_and_supplement,unknown,hstech_gdelt_english_news;hstech_tushare_news,Meituan;Meituan Dianping,observed_company_universe; needs_match_review_low_strength_seen
HSTECH:03888,HSTECH,03888,Kingsoft Corporation Limited,Kingsoft Corporation Limited,HKEX,HKD,observed_company_universe,,,covid19_first_wave;russia_ukraine_conflict_2022;israel_palestine_conflict_2023;us_israel_iran_conflict_2025,gdelt_and_supplement,unknown,hstech_gdelt_english_news;hstech_tushare_news,Kingsoft;Kingsoft Corporation Limited,observed_company_universe; needs_match_review_low_strength_seen
HSTECH:06060,HSTECH,06060,"ZhongAn Online P & C Insurance Co., Ltd.","ZhongAn Online P & C Insurance Co., Ltd.",HKEX,HKD,observed_company_universe,,,covid19_first_wave;russia_ukraine_conflict_2022;israel_palestine_conflict_2023;us_israel_iran_conflict_2025,gdelt_and_supplement,unknown,hstech_gdelt_english_news;hstech_tushare_news,ZhongAn Online;ZhongAn;ZA Online,observed_company_universe; needs_match_review_low_strength_seen
HSTECH:06088,HSTECH,06088,FIT Hon Teng Limited,FIT Hon Teng Limited,HKEX,HKD,observed_company_universe,,,covid19_first_wave,supplement_only,unknown,hstech_tushare_news,FIT Hon Teng,observed_company_universe; observed_company_scope
HSTECH:06618,HSTECH,06618,JD Health International Inc.,JD Health International Inc.,HKEX,HKD,observed_company_universe,,,covid19_first_wave;russia_ukraine_conflict_2022;israel_palestine_conflict_2023;us_israel_iran_conflict_2025,gdelt_and_supplement,unknown,hstech_gdelt_english_news;hstech_tushare_news,JD Health,observed_company_universe; observed_company_scope
HSTECH:06690,HSTECH,06690,"Haier Smart Home Co., Ltd.","Haier Smart Home Co., Ltd.",HKEX,HKD,observed_company_universe,,,covid19_first_wave;russia_ukraine_conflict_2022;israel_palestine_conflict_2023;us_israel_iran_conflict_2025,gdelt_and_supplement,unknown,hstech_gdelt_english_news;hstech_tushare_news,Haier Smart Home,observed_company_universe; observed_company_scope
HSTECH:09618,HSTECH,09618,"JD.com, Inc.","JD.com, Inc.",HKEX,HKD,observed_company_universe,,,covid19_first_wave;russia_ukraine_conflict_2022;israel_palestine_conflict_2023;us_israel_iran_conflict_2025,gdelt_and_supplement,unknown,hstech_gdelt_english_news;hstech_tushare_news,JD.com;JD Group,observed_company_universe; needs_match_review_low_strength_seen
HSTECH:09626,HSTECH,09626,Bilibili Inc.,Bilibili Inc.,HKEX,HKD,observed_company_universe,,,covid19_first_wave;russia_ukraine_conflict_2022;israel_palestine_conflict_2023;us_israel_iran_conflict_2025,gdelt_and_supplement,unknown,hstech_gdelt_english_news;hstech_tushare_news,Bilibili,observed_company_universe; needs_match_review_low_strength_seen
HSTECH:09660,HSTECH,09660,Horizon Robotics,Horizon Robotics,HKEX,HKD,observed_company_universe,,,covid19_first_wave;russia_ukraine_conflict_2022;israel_palestine_conflict_2023;us_israel_iran_conflict_2025,gdelt_and_supplement,unknown,hstech_gdelt_english_news;hstech_tushare_news,Horizon Robotics,observed_company_universe; needs_match_review_low_strength_seen
HSTECH:09698,HSTECH,09698,GDS Holdings Limited,GDS Holdings Limited,HKEX,HKD,observed_company_universe,,,covid19_first_wave;russia_ukraine_conflict_2022;israel_palestine_conflict_2023;us_israel_iran_conflict_2025,gdelt_and_supplement,unknown,hstech_gdelt_english_news;hstech_tushare_news,GDS;GDS Holdings Limited,observed_company_universe; needs_match_review_low_strength_seen
HSTECH:09863,HSTECH,09863,"Zhejiang Leapmotor Technology Co., Ltd.","Zhejiang Leapmotor Technology Co., Ltd.",HKEX,HKD,observed_company_universe,,,covid19_first_wave;russia_ukraine_conflict_2022;israel_palestine_conflict_2023;us_israel_iran_conflict_2025,gdelt_and_supplement,unknown,hstech_gdelt_english_news;hstech_tushare_news,Leapmotor,observed_company_universe; needs_match_review_low_strength_seen
HSTECH:09866,HSTECH,09866,NIO Inc.,NIO Inc.,HKEX,HKD,observed_company_universe,,,covid19_first_wave;russia_ukraine_conflict_2022;israel_palestine_conflict_2023;us_israel_iran_conflict_2025,gdelt_and_supplement,unknown,hstech_gdelt_english_news;hstech_tushare_news,NIO,observed_company_universe; needs_match_review_low_strength_seen
HSTECH:09868,HSTECH,09868,XPeng Inc.,XPeng Inc.,HKEX,HKD,observed_company_universe,,,covid19_first_wave;russia_ukraine_conflict_2022;israel_palestine_conflict_2023;us_israel_iran_conflict_2025,gdelt_and_supplement,unknown,hstech_gdelt_english_news;hstech_tushare_news,XPeng,observed_company_universe; needs_match_review_low_strength_seen
HSTECH:09888,HSTECH,09888,"Baidu, Inc.","Baidu, Inc.",HKEX,HKD,observed_company_universe,,,covid19_first_wave;russia_ukraine_conflict_2022;israel_palestine_conflict_2023;us_israel_iran_conflict_2025,gdelt_and_supplement,unknown,hstech_gdelt_english_news;hstech_tushare_news,Baidu,observed_company_universe; needs_match_review_low_strength_seen
HSTECH:09898,HSTECH,09898,Weibo Corporation,Weibo Corporation,HKEX,HKD,observed_company_universe,,,covid19_first_wave;russia_ukraine_conflict_2022;israel_palestine_conflict_2023;us_israel_iran_conflict_2025,gdelt_and_supplement,unknown,hstech_gdelt_english_news;hstech_tushare_news,Weibo;Weibo Corporation,observed_company_universe; needs_match_review_low_strength_seen
HSTECH:09961,HSTECH,09961,Trip.com Group Limited,Trip.com Group Limited,HKEX,HKD,observed_company_universe,,,covid19_first_wave;russia_ukraine_conflict_2022;israel_palestine_conflict_2023;us_israel_iran_conflict_2025,gdelt_and_supplement,unknown,hstech_gdelt_english_news;hstech_tushare_news,Trip.com;Ctrip,observed_company_universe; needs_match_review_low_strength_seen
HSTECH:09988,HSTECH,09988,Alibaba Group Holding Limited,Alibaba Group Holding Limited,HKEX,HKD,observed_company_universe,,,covid19_first_wave;russia_ukraine_conflict_2022;israel_palestine_conflict_2023;us_israel_iran_conflict_2025,gdelt_and_supplement,unknown,hstech_gdelt_english_news;hstech_tushare_news,Alibaba;BABA;Alibaba Group,observed_company_universe; needs_match_review_low_strength_seen
HSTECH:09990,HSTECH,09990,Archosaur Games Inc.,Archosaur Games Inc.,HKEX,HKD,observed_company_universe,,,covid19_first_wave;russia_ukraine_conflict_2022;israel_palestine_conflict_2023,gdelt_and_supplement,unknown,hstech_gdelt_english_news;hstech_tushare_news,Archosaur Games,observed_company_universe; observed_company_scope
HSTECH:09999,HSTECH,09999,"NetEase, Inc.","NetEase, Inc.",HKEX,HKD,observed_company_universe,,,covid19_first_wave;russia_ukraine_conflict_2022;israel_palestine_conflict_2023;us_israel_iran_conflict_2025,gdelt_and_supplement,unknown,hstech_gdelt_english_news;hstech_tushare_news,NetEase,observed_company_universe; needs_match_review_low_strength_seen
Nikkei225:1332,Nikkei225,1332,"Nippon Suisan Kaisha, Ltd","Nippon Suisan Kaisha, Ltd",TSE,JPY,observed_company_universe,,,covid19_first_wave;russia_ukraine_conflict_2022;israel_palestine_conflict_2023;us_israel_iran_conflict_2025,main_and_gdelt,unknown,nikkei225_gdelt_english_news;nikkei225_news,Nippon Suisan;1332.T,observed_company_universe; needs_match_review_low_strength_seen
Nikkei225:1333,Nikkei225,1333,"Maruha Nichiro Holdings, Inc","Maruha Nichiro Holdings, Inc",TSE,JPY,observed_company_universe,,,covid19_first_wave;russia_ukraine_conflict_2022;israel_palestine_conflict_2023;us_israel_iran_conflict_2025,main_and_gdelt,unknown,nikkei225_gdelt_english_news;nikkei225_news,Maruha Nichiro;1333.T,observed_company_universe; needs_match_review_low_strength_seen
Nikkei225:1605,Nikkei225,1605,Inpex Corp,Inpex Corp,TSE,JPY,observed_company_universe,,,covid19_first_wave;russia_ukraine_conflict_2022;israel_palestine_conflict_2023;us_israel_iran_conflict_2025,main_and_gdelt,unknown,nikkei225_gdelt_english_news;nikkei225_news,Inpex,observed_company_universe; needs_match_review_low_strength_seen
Nikkei225:1721,Nikkei225,1721,Comsys Holdings Corp,Comsys Holdings Corp,TSE,JPY,observed_company_universe,,,covid19_first_wave;russia_ukraine_conflict_2022;israel_palestine_conflict_2023;us_israel_iran_conflict_2025,main_and_gdelt,unknown,nikkei225_gdelt_english_news;nikkei225_news,Comsys;1721.T,observed_company_universe; needs_match_review_low_strength_seen
Nikkei225:1801,Nikkei225,1801,Taisei Corp,Taisei Corp,TSE,JPY,observed_company_universe,,,covid19_first_wave;russia_ukraine_conflict_2022;israel_palestine_conflict_2023;us_israel_iran_conflict_2025,main_and_gdelt,unknown,nikkei225_gdelt_english_news;nikkei225_news,Taisei;1801.T,observed_company_universe; needs_match_review_low_strength_seen
Nikkei225:1802,Nikkei225,1802,Obayashi Corp,Obayashi Corp,TSE,JPY,observed_company_universe,,,covid19_first_wave;russia_ukraine_conflict_2022;israel_palestine_conflict_2023;us_israel_iran_conflict_2025,main_and_gdelt,unknown,nikkei225_gdelt_english_news;nikkei225_news,Obayashi,observed_company_universe; needs_match_review_low_strength_seen
Nikkei225:1803,Nikkei225,1803,Shimizu Corp,Shimizu Corp,TSE,JPY,observed_company_universe,,,covid19_first_wave;russia_ukraine_conflict_2022;israel_palestine_conflict_2023;us_israel_iran_conflict_2025,main_and_gdelt,unknown,nikkei225_gdelt_english_news;nikkei225_news,Shimizu,observed_company_universe; observed_company_scope
Nikkei225:1808,Nikkei225,1808,Haseko Corp,Haseko Corp,TSE,JPY,observed_company_universe,,,covid19_first_wave;russia_ukraine_conflict_2022;israel_palestine_conflict_2023;us_israel_iran_conflict_2025,main_and_gdelt,unknown,nikkei225_gdelt_english_news;nikkei225_news,Haseko;1808.T,observed_company_universe; needs_match_review_low_strength_seen
Nikkei225:1812,Nikkei225,1812,Kajima Corp,Kajima Corp,TSE,JPY,observed_company_universe,,,covid19_first_wave;russia_ukraine_conflict_2022;israel_palestine_conflict_2023;us_israel_iran_conflict_2025,main_and_gdelt,unknown,nikkei225_gdelt_english_news;nikkei225_news,Kajima,observed_company_universe; observed_company_scope
Nikkei225:1925,Nikkei225,1925,"Daiwa House Industry Co., Ltd","Daiwa House Industry Co., Ltd",TSE,JPY,observed_company_universe,,,covid19_first_wave;russia_ukraine_conflict_2022;israel_palestine_conflict_2023;us_israel_iran_conflict_2025,main_and_gdelt,unknown,nikkei225_gdelt_english_news;nikkei225_news,Daiwa House Industry;1925.T,observed_company_universe; needs_match_review_low_strength_seen
Nikkei225:1928,Nikkei225,1928,"Sekisui House, Ltd","Sekisui House, Ltd",TSE,JPY,observed_company_universe,,,covid19_first_wave;russia_ukraine_conflict_2022;israel_palestine_conflict_2023;us_israel_iran_conflict_2025,main_and_gdelt,unknown,nikkei225_gdelt_english_news;nikkei225_news,Sekisui House;1928.T,observed_company_universe; needs_match_review_low_strength_seen
Nikkei225:1963,Nikkei225,1963,JGC Corporation,JGC Corporation,TSE,JPY,observed_company_universe,,,covid19_first_wave;russia_ukraine_conflict_2022;israel_palestine_conflict_2023;us_israel_iran_conflict_2025,main_and_gdelt,unknown,nikkei225_gdelt_english_news;nikkei225_news,1963.T,observed_company_universe; needs_match_review_low_strength_seen
Nikkei225:2002,Nikkei225,2002,Nisshin Seifun Group Inc,Nisshin Seifun Group Inc,TSE,JPY,observed_company_universe,,,covid19_first_wave;russia_ukraine_conflict_2022;israel_palestine_conflict_2023;us_israel_iran_conflict_2025,main_and_gdelt,unknown,nikkei225_gdelt_english_news;nikkei225_news,Nisshin Seifun;2002.T,observed_company_universe; needs_match_review_low_strength_seen
Nikkei225:2269,Nikkei225,2269,"Meiji Holdings Company, Limited","Meiji Holdings Company, Limited",TSE,JPY,observed_company_universe,,,covid19_first_wave;russia_ukraine_conflict_2022;israel_palestine_conflict_2023;us_israel_iran_conflict_2025,main_and_gdelt,unknown,nikkei225_gdelt_english_news;nikkei225_news;nikkei225_tushare_news,Meiji;Limited,observed_company_universe; needs_match_review_low_strength_seen
Nikkei225:2282,Nikkei225,2282,"Nippon Meat Packers, Inc","Nippon Meat Packers, Inc",TSE,JPY,observed_company_universe,,,covid19_first_wave;russia_ukraine_conflict_2022;israel_palestine_conflict_2023;us_israel_iran_conflict_2025,main_and_gdelt,unknown,nikkei225_gdelt_english_news;nikkei225_news,2282.T;Nippon Meat Packers,observed_company_universe; needs_match_review_low_strength_seen
Nikkei225:2432,Nikkei225,2432,"Dena Co., Ltd","Dena Co., Ltd",TSE,JPY,observed_company_universe,,,covid19_first_wave;russia_ukraine_conflict_2022;israel_palestine_conflict_2023;us_israel_iran_conflict_2025,main_and_gdelt,unknown,nikkei225_gdelt_english_news;nikkei225_news,Dena,observed_company_universe; needs_match_review_low_strength_seen
Nikkei225:2501,Nikkei225,2501,Sapporo Holdings Ltd,Sapporo Holdings Ltd,TSE,JPY,observed_company_universe,,,covid19_first_wave;russia_ukraine_conflict_2022;israel_palestine_conflict_2023;us_israel_iran_conflict_2025,main_and_gdelt,unknown,nikkei225_gdelt_english_news;nikkei225_news,Sapporo,observed_company_universe; needs_match_review_low_strength_seen
Nikkei225:2502,Nikkei225,2502,"Asahi Breweries, Ltd","Asahi Breweries, Ltd",TSE,JPY,observed_company_universe,,,covid19_first_wave;russia_ukraine_conflict_2022;israel_palestine_conflict_2023;us_israel_iran_conflict_2025,main_and_gdelt,unknown,nikkei225_gdelt_english_news;nikkei225_news,Asahi Breweries;2502.T,observed_company_universe; needs_match_review_low_strength_seen
Nikkei225:2503,Nikkei225,2503,"Kirin Brewery Co., Ltd","Kirin Brewery Co., Ltd",TSE,JPY,observed_company_universe,,,covid19_first_wave;russia_ukraine_conflict_2022;israel_palestine_conflict_2023;us_israel_iran_conflict_2025,main_and_gdelt,unknown,nikkei225_gdelt_english_news;nikkei225_news,Kirin Brewery;2503.T,observed_company_universe; needs_match_review_low_strength_seen
Nikkei225:2531,Nikkei225,2531,Takara Holdings Inc,Takara Holdings Inc,TSE,JPY,observed_company_universe,,,covid19_first_wave;russia_ukraine_conflict_2022;israel_palestine_conflict_2023;us_israel_iran_conflict_2025,main_and_gdelt,unknown,nikkei225_gdelt_english_news;nikkei225_news,Takara,observed_company_universe; needs_match_review_low_strength_seen
Nikkei225:2768,Nikkei225,2768,Sojitz Corp,Sojitz Corp,TSE,JPY,observed_company_universe,,,covid19_first_wave;russia_ukraine_conflict_2022;israel_palestine_conflict_2023;us_israel_iran_conflict_2025,main_and_gdelt,unknown,nikkei225_gdelt_english_news;nikkei225_news,Sojitz;2768.T,observed_company_universe; needs_match_review_low_strength_seen
Nikkei225:2801,Nikkei225,2801,Kikkoman Corp,Kikkoman Corp,TSE,JPY,observed_company_universe,,,covid19_first_wave;russia_ukraine_conflict_2022;israel_palestine_conflict_2023;us_israel_iran_conflict_2025,main_and_gdelt,unknown,nikkei225_gdelt_english_news;nikkei225_news,Kikkoman;2801.T,observed_company_universe; needs_match_review_low_strength_seen
Nikkei225:2802,Nikkei225,2802,"Ajinomoto Co., Inc","Ajinomoto Co., Inc",TSE,JPY,observed_company_universe,,,covid19_first_wave;russia_ukraine_conflict_2022;israel_palestine_conflict_2023;us_israel_iran_conflict_2025,main_and_gdelt,unknown,nikkei225_gdelt_english_news;nikkei225_news,Ajinomoto,observed_company_universe; needs_match_review_low_strength_seen
Nikkei225:2871,Nikkei225,2871,Nichirei Corp,Nichirei Corp,TSE,JPY,observed_company_universe,,,covid19_first_wave;russia_ukraine_conflict_2022;israel_palestine_conflict_2023;us_israel_iran_conflict_2025,main_and_gdelt,unknown,nikkei225_gdelt_english_news;nikkei225_news,Nichirei;2871.T,observed_company_universe; needs_match_review_low_strength_seen
Nikkei225:2914,Nikkei225,2914,Japan Tobacco Inc,Japan Tobacco Inc,TSE,JPY,observed_company_universe,,,covid19_first_wave;russia_ukraine_conflict_2022;israel_palestine_conflict_2023;us_israel_iran_conflict_2025,main_and_gdelt,unknown,nikkei225_gdelt_english_news;nikkei225_news,Japan Tobacco,observed_company_universe; observed_company_scope
Nikkei225:3086,Nikkei225,3086,"J. Front Retailing Co., Ltd","J. Front Retailing Co., Ltd",TSE,JPY,observed_company_universe,,,covid19_first_wave;russia_ukraine_conflict_2022;israel_palestine_conflict_2023;us_israel_iran_conflict_2025,main_and_gdelt,unknown,nikkei225_gdelt_english_news;nikkei225_news,3086.T,observed_company_universe; needs_match_review_low_strength_seen
Nikkei225:3099,Nikkei225,3099,Isetan Mitsukoshi Holdings Ltd,Isetan Mitsukoshi Holdings Ltd,TSE,JPY,observed_company_universe,,,covid19_first_wave;russia_ukraine_conflict_2022;israel_palestine_conflict_2023;us_israel_iran_conflict_2025,main_and_gdelt,unknown,nikkei225_gdelt_english_news;nikkei225_news,Isetan Mitsukoshi,observed_company_universe; observed_company_scope
Nikkei225:3101,Nikkei225,3101,"Toyobo Co., Ltd","Toyobo Co., Ltd",TSE,JPY,observed_company_universe,,,covid19_first_wave;russia_ukraine_conflict_2022;israel_palestine_conflict_2023;us_israel_iran_conflict_2025,main_and_gdelt,unknown,nikkei225_gdelt_english_news;nikkei225_news,Toyobo;3101.T,observed_company_universe; needs_match_review_low_strength_seen
Nikkei225:3103,Nikkei225,3103,"Unitika, Ltd","Unitika, Ltd",TSE,JPY,observed_company_universe,,,covid19_first_wave;russia_ukraine_conflict_2022;israel_palestine_conflict_2023;us_israel_iran_conflict_2025,main_and_gdelt,unknown,nikkei225_gdelt_english_news;nikkei225_news,Unitika;3103.T,observed_company_universe; needs_match_review_low_strength_seen
Nikkei225:3105,Nikkei225,3105,Nisshinbo Holdings Inc,Nisshinbo Holdings Inc,TSE,JPY,observed_company_universe,,,covid19_first_wave;russia_ukraine_conflict_2022;israel_palestine_conflict_2023;us_israel_iran_conflict_2025,main_and_gdelt,unknown,nikkei225_gdelt_english_news;nikkei225_news,Nisshinbo;3105.T,observed_company_universe; needs_match_review_low_strength_seen
Nikkei225:3289,Nikkei225,3289,Tokyu Land Corp,Tokyu Land Corp,TSE,JPY,observed_company_universe,,,covid19_first_wave;russia_ukraine_conflict_2022;israel_palestine_conflict_2023;us_israel_iran_conflict_2025,main_and_gdelt,unknown,nikkei225_gdelt_english_news;nikkei225_news,Tokyu Land;3289.T,observed_company_universe; needs_match_review_low_strength_seen
Nikkei225:3382,Nikkei225,3382,"Seven & I Holdings Co., Ltd","Seven & I Holdings Co., Ltd",TSE,JPY,observed_company_universe,,,covid19_first_wave;russia_ukraine_conflict_2022;israel_palestine_conflict_2023;us_israel_iran_conflict_2025,main_and_gdelt,unknown,nikkei225_gdelt_english_news;nikkei225_news,3382.T,observed_company_universe; needs_match_review_low_strength_seen
Nikkei225:3401,Nikkei225,3401,Teijin Ltd,Teijin Ltd,TSE,JPY,observed_company_universe,,,covid19_first_wave;russia_ukraine_conflict_2022;israel_palestine_conflict_2023;us_israel_iran_conflict_2025,main_and_gdelt,unknown,nikkei225_gdelt_english_news;nikkei225_news,Teijin;3401.T,observed_company_universe; needs_match_review_low_strength_seen
Nikkei225:3402,Nikkei225,3402,"Toray Industries, Inc","Toray Industries, Inc",TSE,JPY,observed_company_universe,,,covid19_first_wave;russia_ukraine_conflict_2022;israel_palestine_conflict_2023;us_israel_iran_conflict_2025,main_and_gdelt,unknown,nikkei225_gdelt_english_news;nikkei225_news,Toray Industries;3402.T,observed_company_universe; needs_match_review_low_strength_seen
Nikkei225:3405,Nikkei225,3405,"Kuraray Co., Ltd","Kuraray Co., Ltd",TSE,JPY,observed_company_universe,,,covid19_first_wave;russia_ukraine_conflict_2022;israel_palestine_conflict_2023;us_israel_iran_conflict_2025,main_and_gdelt,unknown,nikkei225_gdelt_english_news;nikkei225_news,Kuraray;3405.T,observed_company_universe; needs_match_review_low_strength_seen
Nikkei225:3407,Nikkei225,3407,Asahi Kasei Corp,Asahi Kasei Corp,TSE,JPY,observed_company_universe,,,covid19_first_wave;russia_ukraine_conflict_2022;israel_palestine_conflict_2023;us_israel_iran_conflict_2025,main_and_gdelt,unknown,nikkei225_gdelt_english_news;nikkei225_news;nikkei225_tushare_news,Asahi Kasei;3407.T,observed_company_universe; needs_match_review_low_strength_seen
Nikkei225:3436,Nikkei225,3436,SUMCO Corp,SUMCO Corp,TSE,JPY,observed_company_universe,,,covid19_first_wave;russia_ukraine_conflict_2022;israel_palestine_conflict_2023;us_israel_iran_conflict_2025,main_and_gdelt,unknown,nikkei225_gdelt_english_news;nikkei225_news;nikkei225_tushare_news,SUMCO;3436.T,observed_company_universe; needs_match_review_low_strength_seen
Nikkei225:3861,Nikkei225,3861,"Oji Paper Co., Ltd","Oji Paper Co., Ltd",TSE,JPY,observed_company_universe,,,covid19_first_wave;russia_ukraine_conflict_2022;israel_palestine_conflict_2023;us_israel_iran_conflict_2025,main_and_gdelt,unknown,nikkei225_gdelt_english_news;nikkei225_news,Oji Paper;3861.T,observed_company_universe; needs_match_review_low_strength_seen
Nikkei225:3863,Nikkei225,3863,"Nippon Paper Group, Inc","Nippon Paper Group, Inc",TSE,JPY,observed_company_universe,,,covid19_first_wave;russia_ukraine_conflict_2022;israel_palestine_conflict_2023;us_israel_iran_conflict_2025,main_and_gdelt,unknown,nikkei225_gdelt_english_news;nikkei225_news;nikkei225_tushare_news,Nippon Paper;3863.T,observed_company_universe; needs_match_review_low_strength_seen
Nikkei225:4004,Nikkei225,4004,Showa Denko K.K,Showa Denko K.K,TSE,JPY,observed_company_universe,,,covid19_first_wave;russia_ukraine_conflict_2022;israel_palestine_conflict_2023;us_israel_iran_conflict_2025,main_and_gdelt,unknown,nikkei225_gdelt_english_news;nikkei225_news,4004.T,observed_company_universe; needs_match_review_low_strength_seen
Nikkei225:4005,Nikkei225,4005,"Sumitomo Chemical Co., Ltd","Sumitomo Chemical Co., Ltd",TSE,JPY,observed_company_universe,,,covid19_first_wave;russia_ukraine_conflict_2022;israel_palestine_conflict_2023;us_israel_iran_conflict_2025,main_and_gdelt,unknown,nikkei225_gdelt_english_news;nikkei225_news,Sumitomo Chemical,observed_company_universe; observed_company_scope
Nikkei225:4021,Nikkei225,4021,"Nissan Chemical Industries, Ltd","Nissan Chemical Industries, Ltd",TSE,JPY,observed_company_universe,,,covid19_first_wave;russia_ukraine_conflict_2022;israel_palestine_conflict_2023;us_israel_iran_conflict_2025,main_and_gdelt,unknown,nikkei225_gdelt_english_news;nikkei225_news,Nissan Chemical Industries;4021.T,observed_company_universe; needs_match_review_low_strength_seen
Nikkei225:4042,Nikkei225,4042,Tosoh Corp,Tosoh Corp,TSE,JPY,observed_company_universe,,,covid19_first_wave;russia_ukraine_conflict_2022;israel_palestine_conflict_2023;us_israel_iran_conflict_2025,main_and_gdelt,unknown,nikkei225_gdelt_english_news;nikkei225_news,Tosoh;4042.T,observed_company_universe; needs_match_review_low_strength_seen
Nikkei225:4043,Nikkei225,4043,Tokuyama Corporation,Tokuyama Corporation,TSE,JPY,observed_company_universe,,,covid19_first_wave;russia_ukraine_conflict_2022;israel_palestine_conflict_2023;us_israel_iran_conflict_2025,main_and_gdelt,unknown,nikkei225_gdelt_english_news;nikkei225_news,Tokuyama;4043.T,observed_company_universe; needs_match_review_low_strength_seen
Nikkei225:4061,Nikkei225,4061,Denki Kagaku Kogyo K.K,Denki Kagaku Kogyo K.K,TSE,JPY,observed_company_universe,,,covid19_first_wave;russia_ukraine_conflict_2022;israel_palestine_conflict_2023;us_israel_iran_conflict_2025,main_and_gdelt,unknown,nikkei225_gdelt_english_news;nikkei225_news,4061.T,observed_company_universe; needs_match_review_low_strength_seen
Nikkei225:4063,Nikkei225,4063,"Shin-Etsu Chemical Co., Ltd","Shin-Etsu Chemical Co., Ltd",TSE,JPY,observed_company_universe,,,covid19_first_wave;russia_ukraine_conflict_2022;israel_palestine_conflict_2023;us_israel_iran_conflict_2025,main_and_gdelt,unknown,nikkei225_gdelt_english_news;nikkei225_news;nikkei225_tushare_news,Shin-Etsu Chemical;信越化学;4063.T,observed_company_universe; needs_match_review_low_strength_seen
Nikkei225:4151,Nikkei225,4151,"Kyowa Hakko Kirin Co., Ltd","Kyowa Hakko Kirin Co., Ltd",TSE,JPY,observed_company_universe,,,covid19_first_wave;russia_ukraine_conflict_2022;israel_palestine_conflict_2023;us_israel_iran_conflict_2025,main_and_gdelt,unknown,nikkei225_gdelt_english_news;nikkei225_news,Kyowa Hakko Kirin;4151.T,observed_company_universe; needs_match_review_low_strength_seen
Nikkei225:4183,Nikkei225,4183,"Mitsui Chemicals, Inc","Mitsui Chemicals, Inc",TSE,JPY,observed_company_universe,,,covid19_first_wave;russia_ukraine_conflict_2022;israel_palestine_conflict_2023;us_israel_iran_conflict_2025,main_and_gdelt,unknown,nikkei225_gdelt_english_news;nikkei225_news,Mitsui Chemicals;4183.T,observed_company_universe; needs_match_review_low_strength_seen
Nikkei225:4188,Nikkei225,4188,Mitsubishi Chemical Holdings Corp,Mitsubishi Chemical Holdings Corp,TSE,JPY,observed_company_universe,,,covid19_first_wave;russia_ukraine_conflict_2022;israel_palestine_conflict_2023;us_israel_iran_conflict_2025,main_and_gdelt,unknown,nikkei225_gdelt_english_news;nikkei225_news,Mitsubishi Chemical,observed_company_universe; observed_company_scope
Nikkei225:4208,Nikkei225,4208,"Ube Industries, Ltd","Ube Industries, Ltd",TSE,JPY,observed_company_universe,,,covid19_first_wave;russia_ukraine_conflict_2022;israel_palestine_conflict_2023;us_israel_iran_conflict_2025,main_and_gdelt,unknown,nikkei225_gdelt_english_news;nikkei225_news,Ube Industries;4208.T,observed_company_universe; needs_match_review_low_strength_seen
Nikkei225:4272,Nikkei225,4272,"Nippon Kayaku Co., Ltd","Nippon Kayaku Co., Ltd",TSE,JPY,observed_company_universe,,,covid19_first_wave;russia_ukraine_conflict_2022;israel_palestine_conflict_2023;us_israel_iran_conflict_2025,main_and_gdelt,unknown,nikkei225_gdelt_english_news;nikkei225_news,Nippon Kayaku;4272.T,observed_company_universe; needs_match_review_low_strength_seen
Nikkei225:4324,Nikkei225,4324,Dentsu Inc,Dentsu Inc,TSE,JPY,observed_company_universe,,,covid19_first_wave;russia_ukraine_conflict_2022;israel_palestine_conflict_2023;us_israel_iran_conflict_2025,main_and_gdelt,unknown,nikkei225_gdelt_english_news;nikkei225_news,Dentsu,observed_company_universe; needs_match_review_low_strength_seen
Nikkei225:4452,Nikkei225,4452,Kao Corp,Kao Corp,TSE,JPY,observed_company_universe,,,covid19_first_wave;russia_ukraine_conflict_2022;israel_palestine_conflict_2023;us_israel_iran_conflict_2025,main_and_gdelt,unknown,nikkei225_gdelt_english_news;nikkei225_news,Kao Corp,observed_company_universe; observed_company_scope
Nikkei225:4502,Nikkei225,4502,"Takeda Pharmaceutical Company, Ltd","Takeda Pharmaceutical Company, Ltd",TSE,JPY,observed_company_universe,,,covid19_first_wave;russia_ukraine_conflict_2022;israel_palestine_conflict_2023;us_israel_iran_conflict_2025,main_and_gdelt,unknown,nikkei225_gdelt_english_news;nikkei225_news;nikkei225_tushare_news,Takeda Pharmaceutical;Takeda;武田制药;4502.T,observed_company_universe; needs_match_review_low_strength_seen
Nikkei225:4503,Nikkei225,4503,Astellas Pharma Inc,Astellas Pharma Inc,TSE,JPY,observed_company_universe,,,covid19_first_wave;russia_ukraine_conflict_2022;israel_palestine_conflict_2023;us_israel_iran_conflict_2025,main_and_gdelt,unknown,nikkei225_gdelt_english_news;nikkei225_news;nikkei225_tushare_news,Astellas Pharma;安斯泰来;4503.T,observed_company_universe; needs_match_review_low_strength_seen
Nikkei225:4506,Nikkei225,4506,"Sumitomo Dainippon Pharma Co., Ltd","Sumitomo Dainippon Pharma Co., Ltd",TSE,JPY,observed_company_universe,,,covid19_first_wave;russia_ukraine_conflict_2022;israel_palestine_conflict_2023;us_israel_iran_conflict_2025,main_and_gdelt,unknown,nikkei225_gdelt_english_news;nikkei225_news,Sumitomo Dainippon Pharma;4506.T,observed_company_universe; needs_match_review_low_strength_seen
Nikkei225:4507,Nikkei225,4507,"Shionogi & Co., Ltd","Shionogi & Co., Ltd",TSE,JPY,observed_company_universe,,,covid19_first_wave;russia_ukraine_conflict_2022;israel_palestine_conflict_2023;us_israel_iran_conflict_2025,main_and_gdelt,unknown,nikkei225_gdelt_english_news;nikkei225_news,4507.T,observed_company_universe; needs_match_review_low_strength_seen
Nikkei225:4519,Nikkei225,4519,"Chugai Pharmaceutical Co., Ltd","Chugai Pharmaceutical Co., Ltd",TSE,JPY,observed_company_universe,,,covid19_first_wave;russia_ukraine_conflict_2022;israel_palestine_conflict_2023;us_israel_iran_conflict_2025,main_and_gdelt,unknown,nikkei225_gdelt_english_news;nikkei225_news;nikkei225_tushare_news,Chugai Pharmaceutical;中外制药,observed_company_universe; observed_company_scope
Nikkei225:4523,Nikkei225,4523,"Eisai Co., Ltd","Eisai Co., Ltd",TSE,JPY,observed_company_universe,,,covid19_first_wave;russia_ukraine_conflict_2022;israel_palestine_conflict_2023;us_israel_iran_conflict_2025,main_and_gdelt,unknown,nikkei225_gdelt_english_news;nikkei225_news,Eisai,observed_company_universe; needs_match_review_low_strength_seen
Nikkei225:4543,Nikkei225,4543,Terumo Corp,Terumo Corp,TSE,JPY,observed_company_universe,,,covid19_first_wave;russia_ukraine_conflict_2022;israel_palestine_conflict_2023;us_israel_iran_conflict_2025,main_and_gdelt,unknown,nikkei225_gdelt_english_news;nikkei225_news,Terumo;4543.T,observed_company_universe; needs_match_review_low_strength_seen
Nikkei225:4568,Nikkei225,4568,"Daiichi Sankyo Co., Ltd","Daiichi Sankyo Co., Ltd",TSE,JPY,observed_company_universe,,,covid19_first_wave;russia_ukraine_conflict_2022;israel_palestine_conflict_2023;us_israel_iran_conflict_2025,main_and_gdelt,unknown,nikkei225_gdelt_english_news;nikkei225_news;nikkei225_tushare_news,Daiichi Sankyo;第一三共;4568.T,observed_company_universe; needs_match_review_low_strength_seen
Nikkei225:4578,Nikkei225,4578,"Otsuka Holdings Co. Co., Ltd","Otsuka Holdings Co. Co., Ltd",TSE,JPY,observed_company_universe,,,covid19_first_wave;russia_ukraine_conflict_2022;israel_palestine_conflict_2023;us_israel_iran_conflict_2025,main_and_gdelt,unknown,nikkei225_gdelt_english_news;nikkei225_news;nikkei225_tushare_news,Otsuka,observed_company_universe; needs_match_review_low_strength_seen
Nikkei225:4631,Nikkei225,4631,DIC Corporation,DIC Corporation,TSE,JPY,observed_company_universe,,,covid19_first_wave;russia_ukraine_conflict_2022;israel_palestine_conflict_2023;us_israel_iran_conflict_2025,main_and_gdelt,unknown,nikkei225_gdelt_english_news;nikkei225_news,DIC Corporation;4631.T,observed_company_universe; needs_match_review_low_strength_seen
Nikkei225:4689,Nikkei225,4689,Yahoo Japan Corp,Yahoo Japan Corp,TSE,JPY,observed_company_universe,,,covid19_first_wave;russia_ukraine_conflict_2022;israel_palestine_conflict_2023;us_israel_iran_conflict_2025,main_and_gdelt,unknown,nikkei225_gdelt_english_news;nikkei225_news,Yahoo Japan;4689.T,observed_company_universe; needs_match_review_low_strength_seen
Nikkei225:4704,Nikkei225,4704,Trend Micro Inc,Trend Micro Inc,TSE,JPY,observed_company_universe,,,covid19_first_wave;russia_ukraine_conflict_2022;israel_palestine_conflict_2023;us_israel_iran_conflict_2025,main_and_gdelt,unknown,nikkei225_gdelt_english_news;nikkei225_news,Trend Micro,observed_company_universe; observed_company_scope
Nikkei225:4755,Nikkei225,4755,Rakuten Inc,Rakuten Inc,TSE,JPY,observed_company_universe,,,covid19_first_wave;russia_ukraine_conflict_2022;israel_palestine_conflict_2023;us_israel_iran_conflict_2025,main_and_gdelt,unknown,nikkei225_gdelt_english_news;nikkei225_news,Rakuten,observed_company_universe; needs_match_review_low_strength_seen
Nikkei225:4901,Nikkei225,4901,Fujifilm Holdings Corp,Fujifilm Holdings Corp,TSE,JPY,observed_company_universe,,,covid19_first_wave;russia_ukraine_conflict_2022;israel_palestine_conflict_2023;us_israel_iran_conflict_2025,main_and_gdelt,unknown,nikkei225_gdelt_english_news;nikkei225_news,Fujifilm,observed_company_universe; observed_company_scope
Nikkei225:4902,Nikkei225,4902,"Konica Minolta Holdings, Inc","Konica Minolta Holdings, Inc",TSE,JPY,observed_company_universe,,,covid19_first_wave;russia_ukraine_conflict_2022;israel_palestine_conflict_2023;us_israel_iran_conflict_2025,main_and_gdelt,unknown,nikkei225_gdelt_english_news;nikkei225_news,Konica Minolta,observed_company_universe; observed_company_scope
Nikkei225:4911,Nikkei225,4911,"Shiseido Co., Ltd","Shiseido Co., Ltd",TSE,JPY,observed_company_universe,,,covid19_first_wave;russia_ukraine_conflict_2022;israel_palestine_conflict_2023;us_israel_iran_conflict_2025,main_and_gdelt,unknown,nikkei225_gdelt_english_news;nikkei225_news,Shiseido;4911.T,observed_company_universe; needs_match_review_low_strength_seen
Nikkei225:5020,Nikkei225,5020,JXTG Holdings,JXTG Holdings,TSE,JPY,observed_company_universe,,,covid19_first_wave;russia_ukraine_conflict_2022;israel_palestine_conflict_2023;us_israel_iran_conflict_2025,main_and_gdelt,unknown,nikkei225_gdelt_english_news;nikkei225_news,JXTG;5020.T,observed_company_universe; needs_match_review_low_strength_seen
Nikkei225:5101,Nikkei225,5101,"The Yokohama Rubber Co., Ltd","The Yokohama Rubber Co., Ltd",TSE,JPY,observed_company_universe,,,covid19_first_wave;russia_ukraine_conflict_2022;israel_palestine_conflict_2023;us_israel_iran_conflict_2025,main_and_gdelt,unknown,nikkei225_gdelt_english_news;nikkei225_news,5101.T,observed_company_universe; needs_match_review_low_strength_seen
Nikkei225:5108,Nikkei225,5108,Bridgestone Corp,Bridgestone Corp,TSE,JPY,observed_company_universe,,,covid19_first_wave;russia_ukraine_conflict_2022;israel_palestine_conflict_2023;us_israel_iran_conflict_2025,main_and_gdelt,unknown,nikkei225_gdelt_english_news;nikkei225_news,Bridgestone,observed_company_universe; needs_match_review_low_strength_seen
Nikkei225:5201,Nikkei225,5201,AGC Inc,AGC Inc,TSE,JPY,observed_company_universe,,,covid19_first_wave;russia_ukraine_conflict_2022;israel_palestine_conflict_2023;us_israel_iran_conflict_2025,main_and_gdelt,unknown,nikkei225_gdelt_english_news;nikkei225_news,AGC Inc;5201.T,observed_company_universe; needs_match_review_low_strength_seen
Nikkei225:5202,Nikkei225,5202,"Nippon Sheet Glass Co., Ltd","Nippon Sheet Glass Co., Ltd",TSE,JPY,observed_company_universe,,,covid19_first_wave;russia_ukraine_conflict_2022;israel_palestine_conflict_2023;us_israel_iran_conflict_2025,main_and_gdelt,unknown,nikkei225_gdelt_english_news;nikkei225_news,Nippon Sheet Glass;5202.T,observed_company_universe; needs_match_review_low_strength_seen
Nikkei225:5214,Nikkei225,5214,"Nippon Electric Glass Co., Ltd","Nippon Electric Glass Co., Ltd",TSE,JPY,observed_company_universe,,,covid19_first_wave;russia_ukraine_conflict_2022;israel_palestine_conflict_2023;us_israel_iran_conflict_2025,main_and_gdelt,unknown,nikkei225_gdelt_english_news;nikkei225_news,Nippon Electric Glass;5214.T,observed_company_universe; needs_match_review_low_strength_seen
Nikkei225:5232,Nikkei225,5232,"Sumitomo Osaka Cement Co., Ltd","Sumitomo Osaka Cement Co., Ltd",TSE,JPY,observed_company_universe,,,covid19_first_wave;russia_ukraine_conflict_2022;israel_palestine_conflict_2023;us_israel_iran_conflict_2025,main_and_gdelt,unknown,nikkei225_gdelt_english_news;nikkei225_news,Sumitomo Osaka Cement;5232.T,observed_company_universe; needs_match_review_low_strength_seen
Nikkei225:5233,Nikkei225,5233,Taiheiyo Cement Corp,Taiheiyo Cement Corp,TSE,JPY,observed_company_universe,,,covid19_first_wave;russia_ukraine_conflict_2022;israel_palestine_conflict_2023;us_israel_iran_conflict_2025,main_and_gdelt,unknown,nikkei225_gdelt_english_news;nikkei225_news,Taiheiyo Cement;5233.T,observed_company_universe; needs_match_review_low_strength_seen
Nikkei225:5301,Nikkei225,5301,"Tokai Carbon Co., Ltd","Tokai Carbon Co., Ltd",TSE,JPY,observed_company_universe,,,covid19_first_wave;russia_ukraine_conflict_2022;israel_palestine_conflict_2023;us_israel_iran_conflict_2025,main_and_gdelt,unknown,nikkei225_gdelt_english_news;nikkei225_news;nikkei225_tushare_news,Tokai Carbon;5301.T,observed_company_universe; needs_match_review_low_strength_seen
Nikkei225:5332,Nikkei225,5332,Toto Ltd,Toto Ltd,TSE,JPY,observed_company_universe,,,covid19_first_wave;russia_ukraine_conflict_2022;israel_palestine_conflict_2023;us_israel_iran_conflict_2025,main_and_gdelt,unknown,nikkei225_gdelt_english_news;nikkei225_news,Toto,observed_company_universe; needs_match_review_low_strength_seen
Nikkei225:5333,Nikkei225,5333,"NGK Insulators, Ltd","NGK Insulators, Ltd",TSE,JPY,observed_company_universe,,,covid19_first_wave;russia_ukraine_conflict_2022;israel_palestine_conflict_2023;us_israel_iran_conflict_2025,main_and_gdelt,unknown,nikkei225_gdelt_english_news;nikkei225_news,NGK Insulators;5333.T,observed_company_universe; needs_match_review_low_strength_seen
Nikkei225:5401,Nikkei225,5401,Nippon Steel Corp,Nippon Steel Corp,TSE,JPY,observed_company_universe,,,covid19_first_wave;russia_ukraine_conflict_2022;israel_palestine_conflict_2023;us_israel_iran_conflict_2025,main_and_gdelt,unknown,nikkei225_gdelt_english_news;nikkei225_news;nikkei225_tushare_news,Nippon Steel,observed_company_universe; observed_company_scope
Nikkei225:5406,Nikkei225,5406,"Kobe Steel, Ltd","Kobe Steel, Ltd",TSE,JPY,observed_company_universe,,,covid19_first_wave;russia_ukraine_conflict_2022;israel_palestine_conflict_2023;us_israel_iran_conflict_2025,main_and_gdelt,unknown,nikkei225_gdelt_english_news;nikkei225_news,Kobe Steel;5406.T,observed_company_universe; needs_match_review_low_strength_seen
Nikkei225:5411,Nikkei225,5411,"JFE Holdings, Inc","JFE Holdings, Inc",TSE,JPY,observed_company_universe,,,covid19_first_wave;russia_ukraine_conflict_2022;israel_palestine_conflict_2023;us_israel_iran_conflict_2025,main_and_gdelt,unknown,nikkei225_gdelt_english_news;nikkei225_news,5411.T,observed_company_universe; needs_match_review_low_strength_seen
Nikkei225:5541,Nikkei225,5541,"Pacific Metals Co., Ltd","Pacific Metals Co., Ltd",TSE,JPY,observed_company_universe,,,covid19_first_wave;russia_ukraine_conflict_2022;israel_palestine_conflict_2023;us_israel_iran_conflict_2025,main_and_gdelt,unknown,nikkei225_gdelt_english_news;nikkei225_news,Pacific Metals,observed_company_universe; observed_company_scope
Nikkei225:5631,Nikkei225,5631,"The Japan Steel Works, Ltd","The Japan Steel Works, Ltd",TSE,JPY,observed_company_universe,,,covid19_first_wave;russia_ukraine_conflict_2022;israel_palestine_conflict_2023;us_israel_iran_conflict_2025,main_and_gdelt,unknown,nikkei225_gdelt_english_news;nikkei225_news,5631.T,observed_company_universe; needs_match_review_low_strength_seen
Nikkei225:5703,Nikkei225,5703,"Nippon Light Metal Co., Ltd","Nippon Light Metal Co., Ltd",TSE,JPY,observed_company_universe,,,covid19_first_wave;russia_ukraine_conflict_2022;israel_palestine_conflict_2023;us_israel_iran_conflict_2025,main_and_gdelt,unknown,nikkei225_gdelt_english_news;nikkei225_news,Nippon Light Metal;5703.T,observed_company_universe; needs_match_review_low_strength_seen
Nikkei225:5706,Nikkei225,5706,"Mitsui Mining & Smelting Co., Ltd","Mitsui Mining & Smelting Co., Ltd",TSE,JPY,observed_company_universe,,,covid19_first_wave;russia_ukraine_conflict_2022;israel_palestine_conflict_2023;us_israel_iran_conflict_2025,main_and_gdelt,unknown,nikkei225_gdelt_english_news;nikkei225_news,5706.T,observed_company_universe; needs_match_review_low_strength_seen
Nikkei225:5707,Nikkei225,5707,"Toho Zinc Co., Ltd","Toho Zinc Co., Ltd",TSE,JPY,observed_company_universe,,,covid19_first_wave;russia_ukraine_conflict_2022;israel_palestine_conflict_2023;us_israel_iran_conflict_2025,main_and_gdelt,unknown,nikkei225_gdelt_english_news;nikkei225_news,Toho Zinc;5707.T,observed_company_universe; needs_match_review_low_strength_seen
Nikkei225:5711,Nikkei225,5711,Mitsubishi Materials Corp,Mitsubishi Materials Corp,TSE,JPY,observed_company_universe,,,covid19_first_wave;russia_ukraine_conflict_2022;israel_palestine_conflict_2023;us_israel_iran_conflict_2025,main_and_gdelt,unknown,nikkei225_gdelt_english_news;nikkei225_news,Mitsubishi Materials;5711.T,observed_company_universe; needs_match_review_low_strength_seen
Nikkei225:5713,Nikkei225,5713,"Sumitomo Metal Mining Co., Ltd","Sumitomo Metal Mining Co., Ltd",TSE,JPY,observed_company_universe,,,covid19_first_wave;russia_ukraine_conflict_2022;israel_palestine_conflict_2023;us_israel_iran_conflict_2025,main_and_gdelt,unknown,nikkei225_gdelt_english_news;nikkei225_news,Sumitomo Metal Mining;5713.T,observed_company_universe; needs_match_review_low_strength_seen
Nikkei225:5714,Nikkei225,5714,"Dowa Holdings Co., Ltd","Dowa Holdings Co., Ltd",TSE,JPY,observed_company_universe,,,covid19_first_wave;russia_ukraine_conflict_2022;israel_palestine_conflict_2023;us_israel_iran_conflict_2025,main_and_gdelt,unknown,nikkei225_gdelt_english_news;nikkei225_news,Dowa,observed_company_universe; needs_match_review_low_strength_seen
Nikkei225:5715,Nikkei225,5715,"Furukawa Co., Ltd","Furukawa Co., Ltd",TSE,JPY,observed_company_universe,,,covid19_first_wave;russia_ukraine_conflict_2022;israel_palestine_conflict_2023;us_israel_iran_conflict_2025,main_and_gdelt,unknown,nikkei225_gdelt_english_news;nikkei225_news,Furukawa,observed_company_universe; observed_company_scope
Nikkei225:5801,Nikkei225,5801,"The Furukawa Electric Co., Ltd","The Furukawa Electric Co., Ltd",TSE,JPY,observed_company_universe,,,covid19_first_wave;russia_ukraine_conflict_2022;israel_palestine_conflict_2023;us_israel_iran_conflict_2025,main_and_gdelt,unknown,nikkei225_gdelt_english_news;nikkei225_news,5801.T,observed_company_universe; needs_match_review_low_strength_seen
Nikkei225:5802,Nikkei225,5802,"Sumitomo Electric Industries, Ltd","Sumitomo Electric Industries, Ltd",TSE,JPY,observed_company_universe,,,covid19_first_wave;russia_ukraine_conflict_2022;israel_palestine_conflict_2023;us_israel_iran_conflict_2025,main_and_gdelt,unknown,nikkei225_gdelt_english_news;nikkei225_news,Sumitomo Electric Industries;5802.T,observed_company_universe; needs_match_review_low_strength_seen
Nikkei225:5803,Nikkei225,5803,Fujikura Ltd,Fujikura Ltd,TSE,JPY,observed_company_universe,,,covid19_first_wave;russia_ukraine_conflict_2022;israel_palestine_conflict_2023;us_israel_iran_conflict_2025,main_and_gdelt,unknown,nikkei225_gdelt_english_news;nikkei225_news,Fujikura,observed_company_universe; needs_match_review_low_strength_seen
Nikkei225:5901,Nikkei225,5901,"Toyo Seikan Kaisha, Ltd","Toyo Seikan Kaisha, Ltd",TSE,JPY,observed_company_universe,,,covid19_first_wave;russia_ukraine_conflict_2022;israel_palestine_conflict_2023;us_israel_iran_conflict_2025,main_and_gdelt,unknown,nikkei225_gdelt_english_news;nikkei225_news,Toyo Seikan;5901.T,observed_company_universe; needs_match_review_low_strength_seen
Nikkei225:6098,Nikkei225,6098,"Recruit Holdings Co., Ltd","Recruit Holdings Co., Ltd",TSE,JPY,observed_company_universe,,,covid19_first_wave;russia_ukraine_conflict_2022;israel_palestine_conflict_2023;us_israel_iran_conflict_2025,main_and_gdelt,unknown,nikkei225_gdelt_english_news;nikkei225_news;nikkei225_tushare_news,Recruit;瑞可利,observed_company_universe; needs_match_review_low_strength_seen
Nikkei225:6103,Nikkei225,6103,"Okuma Holdings, Inc","Okuma Holdings, Inc",TSE,JPY,observed_company_universe,,,covid19_first_wave;russia_ukraine_conflict_2022;israel_palestine_conflict_2023;us_israel_iran_conflict_2025,main_and_gdelt,unknown,nikkei225_gdelt_english_news;nikkei225_news,Okuma;6103.T,observed_company_universe; needs_match_review_low_strength_seen
Nikkei225:6113,Nikkei225,6113,Amada Co. Ltd,Amada Co. Ltd,TSE,JPY,observed_company_universe,,,covid19_first_wave;russia_ukraine_conflict_2022;israel_palestine_conflict_2023;us_israel_iran_conflict_2025,main_and_gdelt,unknown,nikkei225_gdelt_english_news;nikkei225_news,Amada,observed_company_universe; needs_match_review_low_strength_seen
Nikkei225:6178,Nikkei225,6178,"Japan Post Holdings Co., Ltd","Japan Post Holdings Co., Ltd",TSE,JPY,observed_company_universe,,,covid19_first_wave;russia_ukraine_conflict_2022;israel_palestine_conflict_2023;us_israel_iran_conflict_2025,main_and_gdelt,unknown,nikkei225_gdelt_english_news;nikkei225_news,Japan Post;6178.T,observed_company_universe; needs_match_review_low_strength_seen
Nikkei225:6301,Nikkei225,6301,Komatsu Ltd,Komatsu Ltd,TSE,JPY,observed_company_universe,,,covid19_first_wave;russia_ukraine_conflict_2022;israel_palestine_conflict_2023;us_israel_iran_conflict_2025,main_and_gdelt,unknown,nikkei225_gdelt_english_news;nikkei225_news,Komatsu,observed_company_universe; needs_match_review_low_strength_seen
Nikkei225:6302,Nikkei225,6302,"Sumitomo Heavy Industries, Ltd","Sumitomo Heavy Industries, Ltd",TSE,JPY,observed_company_universe,,,covid19_first_wave;russia_ukraine_conflict_2022;israel_palestine_conflict_2023;us_israel_iran_conflict_2025,main_and_gdelt,unknown,nikkei225_gdelt_english_news;nikkei225_news,Sumitomo Heavy Industries;6302.T,observed_company_universe; needs_match_review_low_strength_seen
Nikkei225:6305,Nikkei225,6305,"Hitachi Construction Machinery Co., Ltd","Hitachi Construction Machinery Co., Ltd",TSE,JPY,observed_company_universe,,,covid19_first_wave;russia_ukraine_conflict_2022;israel_palestine_conflict_2023;us_israel_iran_conflict_2025,main_and_gdelt,unknown,nikkei225_gdelt_english_news;nikkei225_news,Hitachi Construction Machinery,observed_company_universe; observed_company_scope
Nikkei225:6326,Nikkei225,6326,Kubota Corp,Kubota Corp,TSE,JPY,observed_company_universe,,,covid19_first_wave;russia_ukraine_conflict_2022;israel_palestine_conflict_2023;us_israel_iran_conflict_2025,main_and_gdelt,unknown,nikkei225_gdelt_english_news;nikkei225_news,Kubota,observed_company_universe; needs_match_review_low_strength_seen
Nikkei225:6361,Nikkei225,6361,Ebara Corp,Ebara Corp,TSE,JPY,observed_company_universe,,,covid19_first_wave;russia_ukraine_conflict_2022;israel_palestine_conflict_2023;us_israel_iran_conflict_2025,main_and_gdelt,unknown,nikkei225_gdelt_english_news;nikkei225_news,Ebara,observed_company_universe; needs_match_review_low_strength_seen
Nikkei225:6366,Nikkei225,6366,Chiyoda Corp,Chiyoda Corp,TSE,JPY,observed_company_universe,,,covid19_first_wave;russia_ukraine_conflict_2022;israel_palestine_conflict_2023;us_israel_iran_conflict_2025,main_and_gdelt,unknown,nikkei225_gdelt_english_news;nikkei225_news,Chiyoda;6366.T,observed_company_universe; needs_match_review_low_strength_seen
Nikkei225:6367,Nikkei225,6367,"Daikin Industries, Ltd","Daikin Industries, Ltd",TSE,JPY,observed_company_universe,,,covid19_first_wave;russia_ukraine_conflict_2022;israel_palestine_conflict_2023;us_israel_iran_conflict_2025,main_and_gdelt,unknown,nikkei225_gdelt_english_news;nikkei225_news,Daikin Industries,observed_company_universe; observed_company_scope
Nikkei225:6471,Nikkei225,6471,NSK Ltd,NSK Ltd,TSE,JPY,observed_company_universe,,,covid19_first_wave;russia_ukraine_conflict_2022;israel_palestine_conflict_2023;us_israel_iran_conflict_2025,main_and_gdelt,unknown,nikkei225_gdelt_english_news;nikkei225_news,6471.T;NSK Ltd,observed_company_universe; needs_match_review_low_strength_seen
Nikkei225:6472,Nikkei225,6472,NTN Corp,NTN Corp,TSE,JPY,observed_company_universe,,,covid19_first_wave;russia_ukraine_conflict_2022;israel_palestine_conflict_2023;us_israel_iran_conflict_2025,main_and_gdelt,unknown,nikkei225_gdelt_english_news;nikkei225_news,6472.T;NTN Corp,observed_company_universe; needs_match_review_low_strength_seen
Nikkei225:6473,Nikkei225,6473,JTEKT Corp,JTEKT Corp,TSE,JPY,observed_company_universe,,,covid19_first_wave;russia_ukraine_conflict_2022;israel_palestine_conflict_2023;us_israel_iran_conflict_2025,main_and_gdelt,unknown,nikkei225_gdelt_english_news;nikkei225_news,JTEKT;6473.T,observed_company_universe; needs_match_review_low_strength_seen
Nikkei225:6479,Nikkei225,6479,"Minebea Co., Ltd","Minebea Co., Ltd",TSE,JPY,observed_company_universe,,,covid19_first_wave;russia_ukraine_conflict_2022;israel_palestine_conflict_2023;us_israel_iran_conflict_2025,main_and_gdelt,unknown,nikkei225_gdelt_english_news;nikkei225_news,Minebea,observed_company_universe; needs_match_review_low_strength_seen
Nikkei225:6501,Nikkei225,6501,"Hitachi, Ltd","Hitachi, Ltd",TSE,JPY,observed_company_universe,,,covid19_first_wave;russia_ukraine_conflict_2022;israel_palestine_conflict_2023;us_israel_iran_conflict_2025,main_and_gdelt,unknown,nikkei225_gdelt_english_news;nikkei225_news;nikkei225_tushare_news,日立;Hitachi,observed_company_universe; observed_company_scope
Nikkei225:6503,Nikkei225,6503,Mitsubishi Electric Corp,Mitsubishi Electric Corp,TSE,JPY,observed_company_universe,,,covid19_first_wave;russia_ukraine_conflict_2022;israel_palestine_conflict_2023;us_israel_iran_conflict_2025,main_and_gdelt,unknown,nikkei225_gdelt_english_news;nikkei225_news,Mitsubishi Electric,observed_company_universe; observed_company_scope
Nikkei225:6504,Nikkei225,6504,"Fuji Electric Holdings Co., Ltd","Fuji Electric Holdings Co., Ltd",TSE,JPY,observed_company_universe,,,covid19_first_wave;russia_ukraine_conflict_2022;israel_palestine_conflict_2023;us_israel_iran_conflict_2025,main_and_gdelt,unknown,nikkei225_gdelt_english_news;nikkei225_news,Fuji Electric,observed_company_universe; observed_company_scope
Nikkei225:6506,Nikkei225,6506,"Yaskawa Electric Corporation, Limited","Yaskawa Electric Corporation, Limited",TSE,JPY,observed_company_universe,,,covid19_first_wave;russia_ukraine_conflict_2022;israel_palestine_conflict_2023;us_israel_iran_conflict_2025,main_and_gdelt,unknown,nikkei225_gdelt_english_news;nikkei225_news;nikkei225_tushare_news,Limited;Yaskawa Electric;6506.T,observed_company_universe; needs_match_review_low_strength_seen
Nikkei225:6674,Nikkei225,6674,GS Yuasa Corp,GS Yuasa Corp,TSE,JPY,observed_company_universe,,,covid19_first_wave;russia_ukraine_conflict_2022;israel_palestine_conflict_2023;us_israel_iran_conflict_2025,main_and_gdelt,unknown,nikkei225_gdelt_english_news;nikkei225_news,GS Yuasa;6674.T,observed_company_universe; needs_match_review_low_strength_seen
Nikkei225:6701,Nikkei225,6701,NEC Corp,NEC Corp,TSE,JPY,observed_company_universe,,,covid19_first_wave;russia_ukraine_conflict_2022;israel_palestine_conflict_2023;us_israel_iran_conflict_2025,main_and_gdelt,unknown,nikkei225_gdelt_english_news;nikkei225_news,NEC Corp;6701.T,observed_company_universe; needs_match_review_low_strength_seen
Nikkei225:6702,Nikkei225,6702,Fujitsu Ltd,Fujitsu Ltd,TSE,JPY,observed_company_universe,,,covid19_first_wave;russia_ukraine_conflict_2022;israel_palestine_conflict_2023;us_israel_iran_conflict_2025,main_and_gdelt,unknown,nikkei225_gdelt_english_news;nikkei225_news,Fujitsu,observed_company_universe; observed_company_scope
Nikkei225:6703,Nikkei225,6703,"Oki Electric Industry Co., Ltd","Oki Electric Industry Co., Ltd",TSE,JPY,observed_company_universe,,,covid19_first_wave;russia_ukraine_conflict_2022;israel_palestine_conflict_2023;us_israel_iran_conflict_2025,main_and_gdelt,unknown,nikkei225_gdelt_english_news;nikkei225_news,Oki Electric Industry;6703.T,observed_company_universe; needs_match_review_low_strength_seen
Nikkei225:6724,Nikkei225,6724,Seiko Epson Corp,Seiko Epson Corp,TSE,JPY,observed_company_universe,,,covid19_first_wave;russia_ukraine_conflict_2022;israel_palestine_conflict_2023;us_israel_iran_conflict_2025,main_and_gdelt,unknown,nikkei225_gdelt_english_news;nikkei225_news,Seiko Epson;6724.T,observed_company_universe; needs_match_review_low_strength_seen
Nikkei225:6752,Nikkei225,6752,Panasonic Corp,Panasonic Corp,TSE,JPY,observed_company_universe,,,covid19_first_wave;russia_ukraine_conflict_2022;israel_palestine_conflict_2023;us_israel_iran_conflict_2025,main_and_gdelt,unknown,nikkei225_gdelt_english_news;nikkei225_news,Panasonic,observed_company_universe; needs_match_review_low_strength_seen
Nikkei225:6758,Nikkei225,6758,Sony Corp,Sony Corp,TSE,JPY,observed_company_universe,,,covid19_first_wave;russia_ukraine_conflict_2022;israel_palestine_conflict_2023;us_israel_iran_conflict_2025,main_and_gdelt,unknown,nikkei225_gdelt_english_news;nikkei225_news;nikkei225_tushare_news,索尼;Sony;索尼集团,observed_company_universe; observed_company_scope
Nikkei225:6762,Nikkei225,6762,TDK Corp,TDK Corp,TSE,JPY,observed_company_universe,,,covid19_first_wave;russia_ukraine_conflict_2022;israel_palestine_conflict_2023;us_israel_iran_conflict_2025,main_and_gdelt,unknown,nikkei225_gdelt_english_news;nikkei225_news,TDK Corp;6762.T,observed_company_universe; needs_match_review_low_strength_seen
Nikkei225:6770,Nikkei225,6770,"Alps Electric Co., Ltd","Alps Electric Co., Ltd",TSE,JPY,observed_company_universe,,,covid19_first_wave;russia_ukraine_conflict_2022;israel_palestine_conflict_2023;us_israel_iran_conflict_2025,main_and_gdelt,unknown,nikkei225_gdelt_english_news;nikkei225_news,Alps Electric;6770.T,observed_company_universe; needs_match_review_low_strength_seen
Nikkei225:6841,Nikkei225,6841,Yokogawa Electric Corp,Yokogawa Electric Corp,TSE,JPY,observed_company_universe,,,covid19_first_wave;russia_ukraine_conflict_2022;israel_palestine_conflict_2023;us_israel_iran_conflict_2025,main_and_gdelt,unknown,nikkei225_gdelt_english_news;nikkei225_news,Yokogawa Electric;6841.T,observed_company_universe; needs_match_review_low_strength_seen
Nikkei225:6857,Nikkei225,6857,Advantest Corp,Advantest Corp,TSE,JPY,observed_company_universe,,,covid19_first_wave;russia_ukraine_conflict_2022;israel_palestine_conflict_2023;us_israel_iran_conflict_2025,main_and_gdelt,unknown,nikkei225_gdelt_english_news;nikkei225_news,Advantest,observed_company_universe; needs_match_review_low_strength_seen
Nikkei225:6861,Nikkei225,6861,6861,6861,TSE,JPY,observed_company_universe,,,us_israel_iran_conflict_2025,supplement_only,unknown,nikkei225_tushare_news,基恩士,observed_company_universe; observed_company_scope
Nikkei225:6902,Nikkei225,6902,Denso Corp,Denso Corp,TSE,JPY,observed_company_universe,,,covid19_first_wave;russia_ukraine_conflict_2022;israel_palestine_conflict_2023;us_israel_iran_conflict_2025,main_and_gdelt,unknown,nikkei225_gdelt_english_news;nikkei225_news;nikkei225_tushare_news,电装;Denso,observed_company_universe; needs_match_review_low_strength_seen
Nikkei225:6952,Nikkei225,6952,"Casio Computer Co., Ltd","Casio Computer Co., Ltd",TSE,JPY,observed_company_universe,,,covid19_first_wave;russia_ukraine_conflict_2022;israel_palestine_conflict_2023;us_israel_iran_conflict_2025,main_and_gdelt,unknown,nikkei225_gdelt_english_news;nikkei225_news,Casio Computer;6952.T,observed_company_universe; needs_match_review_low_strength_seen
Nikkei225:6954,Nikkei225,6954,FANUC Corp,FANUC Corp,TSE,JPY,observed_company_universe,,,covid19_first_wave;russia_ukraine_conflict_2022;israel_palestine_conflict_2023;us_israel_iran_conflict_2025,main_and_gdelt,unknown,nikkei225_gdelt_english_news;nikkei225_news;nikkei225_tushare_news,FANUC;发那科;6954.T,observed_company_universe; needs_match_review_low_strength_seen
Nikkei225:6971,Nikkei225,6971,Kyocera Corp,Kyocera Corp,TSE,JPY,observed_company_universe,,,covid19_first_wave;russia_ukraine_conflict_2022;israel_palestine_conflict_2023;us_israel_iran_conflict_2025,main_and_gdelt,unknown,nikkei225_gdelt_english_news;nikkei225_news,Kyocera,observed_company_universe; observed_company_scope
Nikkei225:6976,Nikkei225,6976,"Taiyo Yuden Co., Ltd","Taiyo Yuden Co., Ltd",TSE,JPY,observed_company_universe,,,covid19_first_wave;russia_ukraine_conflict_2022;israel_palestine_conflict_2023;us_israel_iran_conflict_2025,main_and_gdelt,unknown,nikkei225_gdelt_english_news;nikkei225_news,Taiyo Yuden;6976.T,observed_company_universe; needs_match_review_low_strength_seen
Nikkei225:6988,Nikkei225,6988,Nitto Denko,Nitto Denko,TSE,JPY,observed_company_universe,,,covid19_first_wave;russia_ukraine_conflict_2022;israel_palestine_conflict_2023;us_israel_iran_conflict_2025,main_and_gdelt,unknown,nikkei225_gdelt_english_news;nikkei225_news,Nitto Denko,observed_company_universe; observed_company_scope
Nikkei225:7003,Nikkei225,7003,"Mitsui Engineering & Shipbuilding Co., Ltd","Mitsui Engineering & Shipbuilding Co., Ltd",TSE,JPY,observed_company_universe,,,covid19_first_wave;russia_ukraine_conflict_2022;israel_palestine_conflict_2023;us_israel_iran_conflict_2025,main_and_gdelt,unknown,nikkei225_gdelt_english_news;nikkei225_news,7003.T,observed_company_universe; needs_match_review_low_strength_seen
Nikkei225:7004,Nikkei225,7004,Hitachi Zōsen Corporation,Hitachi Zōsen Corporation,TSE,JPY,observed_company_universe,,,covid19_first_wave;russia_ukraine_conflict_2022;israel_palestine_conflict_2023;us_israel_iran_conflict_2025,main_and_gdelt,unknown,nikkei225_gdelt_english_news;nikkei225_news,7004.T,observed_company_universe; needs_match_review_low_strength_seen
Nikkei225:7011,Nikkei225,7011,"Mitsubishi Heavy Industries, Ltd","Mitsubishi Heavy Industries, Ltd",TSE,JPY,observed_company_universe,,,covid19_first_wave;russia_ukraine_conflict_2022;israel_palestine_conflict_2023;us_israel_iran_conflict_2025,main_and_gdelt,unknown,nikkei225_gdelt_english_news;nikkei225_news,Mitsubishi Heavy Industries,observed_company_universe; observed_company_scope
Nikkei225:7012,Nikkei225,7012,"Kawasaki Heavy Industries, Ltd","Kawasaki Heavy Industries, Ltd",TSE,JPY,observed_company_universe,,,covid19_first_wave;russia_ukraine_conflict_2022;israel_palestine_conflict_2023;us_israel_iran_conflict_2025,main_and_gdelt,unknown,nikkei225_gdelt_english_news;nikkei225_news,Kawasaki Heavy Industries,observed_company_universe; observed_company_scope
Nikkei225:7013,Nikkei225,7013,IHI Corp,IHI Corp,TSE,JPY,observed_company_universe,,,covid19_first_wave;russia_ukraine_conflict_2022;israel_palestine_conflict_2023;us_israel_iran_conflict_2025,main_and_gdelt,unknown,nikkei225_gdelt_english_news;nikkei225_news,IHI Corp;7013.T,observed_company_universe; needs_match_review_low_strength_seen
Nikkei225:7186,Nikkei225,7186,"Concordia Financial Group, Inc","Concordia Financial Group, Inc",TSE,JPY,observed_company_universe,,,covid19_first_wave;russia_ukraine_conflict_2022;israel_palestine_conflict_2023;us_israel_iran_conflict_2025,main_and_gdelt,unknown,nikkei225_gdelt_english_news;nikkei225_news,Concordia Financial;7186.T,observed_company_universe; needs_match_review_low_strength_seen
Nikkei225:7201,Nikkei225,7201,"Nissan Motor Co., Ltd","Nissan Motor Co., Ltd",TSE,JPY,observed_company_universe,,,covid19_first_wave;russia_ukraine_conflict_2022;israel_palestine_conflict_2023;us_israel_iran_conflict_2025,main_and_gdelt,unknown,nikkei225_gdelt_english_news;nikkei225_news,Nissan Motor,observed_company_universe; observed_company_scope
Nikkei225:7202,Nikkei225,7202,Isuzu Motors Ltd,Isuzu Motors Ltd,TSE,JPY,observed_company_universe,,,covid19_first_wave;russia_ukraine_conflict_2022;israel_palestine_conflict_2023;us_israel_iran_conflict_2025,main_and_gdelt,unknown,nikkei225_gdelt_english_news;nikkei225_news,Isuzu Motors,observed_company_universe; observed_company_scope
Nikkei225:7203,Nikkei225,7203,Toyota Motor Corp,Toyota Motor Corp,TSE,JPY,observed_company_universe,,,covid19_first_wave;russia_ukraine_conflict_2022;israel_palestine_conflict_2023;us_israel_iran_conflict_2025,main_and_gdelt,unknown,nikkei225_gdelt_english_news;nikkei225_news;nikkei225_tushare_news,丰田;Toyota;丰田汽车;Toyota Motor,observed_company_universe; observed_company_scope
Nikkei225:7205,Nikkei225,7205,"Hino Motors, Ltd","Hino Motors, Ltd",TSE,JPY,observed_company_universe,,,covid19_first_wave;russia_ukraine_conflict_2022;israel_palestine_conflict_2023;us_israel_iran_conflict_2025,main_and_gdelt,unknown,nikkei225_gdelt_english_news;nikkei225_news,Hino Motors,observed_company_universe; observed_company_scope
Nikkei225:7211,Nikkei225,7211,Mitsubishi Motors Corp,Mitsubishi Motors Corp,TSE,JPY,observed_company_universe,,,covid19_first_wave;russia_ukraine_conflict_2022;israel_palestine_conflict_2023;us_israel_iran_conflict_2025,main_and_gdelt,unknown,nikkei225_gdelt_english_news;nikkei225_news,Mitsubishi Motors,observed_company_universe; observed_company_scope
Nikkei225:7261,Nikkei225,7261,Mazda Motor Corp,Mazda Motor Corp,TSE,JPY,observed_company_universe,,,covid19_first_wave;russia_ukraine_conflict_2022;israel_palestine_conflict_2023;us_israel_iran_conflict_2025,main_and_gdelt,unknown,nikkei225_gdelt_english_news;nikkei225_news,Mazda Motor,observed_company_universe; observed_company_scope
Nikkei225:7267,Nikkei225,7267,"Honda Motor Co., Ltd","Honda Motor Co., Ltd",TSE,JPY,observed_company_universe,,,covid19_first_wave;russia_ukraine_conflict_2022;israel_palestine_conflict_2023;us_israel_iran_conflict_2025,main_and_gdelt,unknown,nikkei225_gdelt_english_news;nikkei225_news;nikkei225_tushare_news,本田;Honda Motor;本田汽车,observed_company_universe; observed_company_scope
Nikkei225:7269,Nikkei225,7269,Suzuki Motor Corp,Suzuki Motor Corp,TSE,JPY,observed_company_universe,,,covid19_first_wave;russia_ukraine_conflict_2022;israel_palestine_conflict_2023;us_israel_iran_conflict_2025,main_and_gdelt,unknown,nikkei225_gdelt_english_news;nikkei225_news,Suzuki Motor,observed_company_universe; observed_company_scope
Nikkei225:7270,Nikkei225,7270,Subaru Corp,Subaru Corp,TSE,JPY,observed_company_universe,,,covid19_first_wave;russia_ukraine_conflict_2022;israel_palestine_conflict_2023;us_israel_iran_conflict_2025,main_and_gdelt,unknown,nikkei225_gdelt_english_news;nikkei225_news,Subaru,observed_company_universe; needs_match_review_low_strength_seen
Nikkei225:7272,Nikkei225,7272,Yamaha Motor Corp,Yamaha Motor Corp,TSE,JPY,observed_company_universe,,,covid19_first_wave;russia_ukraine_conflict_2022;israel_palestine_conflict_2023;us_israel_iran_conflict_2025,main_and_gdelt,unknown,nikkei225_gdelt_english_news;nikkei225_news,Yamaha Motor,observed_company_universe; observed_company_scope
Nikkei225:7731,Nikkei225,7731,Nikon Corp,Nikon Corp,TSE,JPY,observed_company_universe,,,covid19_first_wave;russia_ukraine_conflict_2022;israel_palestine_conflict_2023;us_israel_iran_conflict_2025,main_and_gdelt,unknown,nikkei225_gdelt_english_news;nikkei225_news,Nikon,observed_company_universe; needs_match_review_low_strength_seen
Nikkei225:7733,Nikkei225,7733,Olympus Corp,Olympus Corp,TSE,JPY,observed_company_universe,,,covid19_first_wave;russia_ukraine_conflict_2022;israel_palestine_conflict_2023;us_israel_iran_conflict_2025,main_and_gdelt,unknown,nikkei225_gdelt_english_news;nikkei225_news,Olympus,observed_company_universe; needs_match_review_low_strength_seen
Nikkei225:7735,Nikkei225,7735,"Dainippon Screen Mfg. Co., Ltd","Dainippon Screen Mfg. Co., Ltd",TSE,JPY,observed_company_universe,,,covid19_first_wave;russia_ukraine_conflict_2022;israel_palestine_conflict_2023;us_israel_iran_conflict_2025,main_and_gdelt,unknown,nikkei225_gdelt_english_news;nikkei225_news,7735.T,observed_company_universe; needs_match_review_low_strength_seen
Nikkei225:7751,Nikkei225,7751,Canon Inc,Canon Inc,TSE,JPY,observed_company_universe,,,covid19_first_wave;russia_ukraine_conflict_2022;israel_palestine_conflict_2023;us_israel_iran_conflict_2025,main_and_gdelt,unknown,nikkei225_gdelt_english_news;nikkei225_news;nikkei225_tushare_news,佳能;Canon,observed_company_universe; needs_match_review_low_strength_seen
Nikkei225:7752,Nikkei225,7752,Ricoh,Ricoh,TSE,JPY,observed_company_universe,,,covid19_first_wave;russia_ukraine_conflict_2022;israel_palestine_conflict_2023;us_israel_iran_conflict_2025,main_and_gdelt,unknown,nikkei225_gdelt_english_news;nikkei225_news,Ricoh,observed_company_universe; needs_match_review_low_strength_seen
Nikkei225:7762,Nikkei225,7762,"Citizen Holdings Co., Ltd","Citizen Holdings Co., Ltd",TSE,JPY,observed_company_universe,,,covid19_first_wave;russia_ukraine_conflict_2022;israel_palestine_conflict_2023;us_israel_iran_conflict_2025,main_and_gdelt,unknown,nikkei225_gdelt_english_news;nikkei225_news,Citizen,observed_company_universe; needs_match_review_low_strength_seen
Nikkei225:7911,Nikkei225,7911,"Toppan Printing Co., Ltd","Toppan Printing Co., Ltd",TSE,JPY,observed_company_universe,,,covid19_first_wave;russia_ukraine_conflict_2022;israel_palestine_conflict_2023;us_israel_iran_conflict_2025,main_and_gdelt,unknown,nikkei225_gdelt_english_news;nikkei225_news,Toppan Printing;7911.T,observed_company_universe; needs_match_review_low_strength_seen
Nikkei225:7912,Nikkei225,7912,"Dai Nippon Printing Co., Ltd","Dai Nippon Printing Co., Ltd",TSE,JPY,observed_company_universe,,,covid19_first_wave;russia_ukraine_conflict_2022;israel_palestine_conflict_2023;us_israel_iran_conflict_2025,main_and_gdelt,unknown,nikkei225_gdelt_english_news;nikkei225_news,Dai Nippon Printing;7912.T,observed_company_universe; needs_match_review_low_strength_seen
Nikkei225:7951,Nikkei225,7951,Yamaha Corp,Yamaha Corp,TSE,JPY,observed_company_universe,,,covid19_first_wave;russia_ukraine_conflict_2022;israel_palestine_conflict_2023;us_israel_iran_conflict_2025,main_and_gdelt,unknown,nikkei225_gdelt_english_news;nikkei225_news,Yamaha,observed_company_universe; needs_match_review_low_strength_seen
Nikkei225:7974,Nikkei225,7974,7974,7974,TSE,JPY,observed_company_universe,,,covid19_first_wave;russia_ukraine_conflict_2022;israel_palestine_conflict_2023;us_israel_iran_conflict_2025,supplement_only,unknown,nikkei225_tushare_news,任天堂,observed_company_universe; observed_company_scope
Nikkei225:8001,Nikkei225,8001,Itochu Corp,Itochu Corp,TSE,JPY,observed_company_universe,,,covid19_first_wave;russia_ukraine_conflict_2022;israel_palestine_conflict_2023;us_israel_iran_conflict_2025,main_and_gdelt,unknown,nikkei225_gdelt_english_news;nikkei225_news;nikkei225_tushare_news,Itochu;伊藤忠,observed_company_universe; observed_company_scope
Nikkei225:8002,Nikkei225,8002,Marubeni Corp,Marubeni Corp,TSE,JPY,observed_company_universe,,,covid19_first_wave;russia_ukraine_conflict_2022;israel_palestine_conflict_2023;us_israel_iran_conflict_2025,main_and_gdelt,unknown,nikkei225_gdelt_english_news;nikkei225_news;nikkei225_tushare_news,Marubeni,observed_company_universe; needs_match_review_low_strength_seen
Nikkei225:8015,Nikkei225,8015,Toyota Tsusho Corp,Toyota Tsusho Corp,TSE,JPY,observed_company_universe,,,covid19_first_wave;russia_ukraine_conflict_2022;israel_palestine_conflict_2023;us_israel_iran_conflict_2025,main_and_gdelt,unknown,nikkei225_gdelt_english_news;nikkei225_news,Toyota Tsusho;8015.T,observed_company_universe; needs_match_review_low_strength_seen
Nikkei225:8031,Nikkei225,8031,"Mitsui & Co., Ltd","Mitsui & Co., Ltd",TSE,JPY,observed_company_universe,,,covid19_first_wave;russia_ukraine_conflict_2022;israel_palestine_conflict_2023;us_israel_iran_conflict_2025,main_and_gdelt,unknown,nikkei225_gdelt_english_news;nikkei225_news;nikkei225_tushare_news,三井物产;8031.T;Mitsui,observed_company_universe; needs_match_review_low_strength_seen
Nikkei225:8035,Nikkei225,8035,Tokyo Electron Ltd,Tokyo Electron Ltd,TSE,JPY,observed_company_universe,,,covid19_first_wave;russia_ukraine_conflict_2022;israel_palestine_conflict_2023;us_israel_iran_conflict_2025,main_and_gdelt,unknown,nikkei225_gdelt_english_news;nikkei225_news;nikkei225_tushare_news,Tokyo Electron;东京电子,observed_company_universe; observed_company_scope
Nikkei225:8053,Nikkei225,8053,Sumitomo Corp,Sumitomo Corp,TSE,JPY,observed_company_universe,,,covid19_first_wave;russia_ukraine_conflict_2022;israel_palestine_conflict_2023;us_israel_iran_conflict_2025,main_and_gdelt,unknown,nikkei225_gdelt_english_news;nikkei225_news,Sumitomo,observed_company_universe; observed_company_scope
Nikkei225:8058,Nikkei225,8058,Mitsubishi Corp,Mitsubishi Corp,TSE,JPY,observed_company_universe,,,covid19_first_wave;russia_ukraine_conflict_2022;israel_palestine_conflict_2023;us_israel_iran_conflict_2025,main_and_gdelt,unknown,nikkei225_gdelt_english_news;nikkei225_news;nikkei225_tushare_news,Mitsubishi;三菱商事;三菱商事株式会社,observed_company_universe; needs_match_review_low_strength_seen
Nikkei225:8233,Nikkei225,8233,"Takashimaya Co., Ltd","Takashimaya Co., Ltd",TSE,JPY,observed_company_universe,,,covid19_first_wave;russia_ukraine_conflict_2022;israel_palestine_conflict_2023;us_israel_iran_conflict_2025,main_and_gdelt,unknown,nikkei225_gdelt_english_news;nikkei225_news,Takashimaya;8233.T,observed_company_universe; needs_match_review_low_strength_seen
Nikkei225:8252,Nikkei225,8252,"Marui Group Co., Ltd","Marui Group Co., Ltd",TSE,JPY,observed_company_universe,,,covid19_first_wave;russia_ukraine_conflict_2022;israel_palestine_conflict_2023;us_israel_iran_conflict_2025,main_and_gdelt,unknown,nikkei225_gdelt_english_news;nikkei225_news,Marui,observed_company_universe; needs_match_review_low_strength_seen
Nikkei225:8253,Nikkei225,8253,"Credit Saison Co., Ltd","Credit Saison Co., Ltd",TSE,JPY,observed_company_universe,,,covid19_first_wave;russia_ukraine_conflict_2022;israel_palestine_conflict_2023;us_israel_iran_conflict_2025,main_and_gdelt,unknown,nikkei225_gdelt_english_news;nikkei225_news,Credit Saison;8253.T,observed_company_universe; needs_match_review_low_strength_seen
Nikkei225:8267,Nikkei225,8267,"Aeon Co., Ltd","Aeon Co., Ltd",TSE,JPY,observed_company_universe,,,covid19_first_wave;russia_ukraine_conflict_2022;israel_palestine_conflict_2023;us_israel_iran_conflict_2025,main_and_gdelt,unknown,nikkei225_gdelt_english_news;nikkei225_news,Aeon;8267.T,observed_company_universe; needs_match_review_low_strength_seen
Nikkei225:8304,Nikkei225,8304,"Aozora Bank, Ltd","Aozora Bank, Ltd",TSE,JPY,observed_company_universe,,,covid19_first_wave;russia_ukraine_conflict_2022;israel_palestine_conflict_2023;us_israel_iran_conflict_2025,main_and_gdelt,unknown,nikkei225_gdelt_english_news;nikkei225_news,Aozora Bank;8304.T,observed_company_universe; needs_match_review_low_strength_seen
Nikkei225:8306,Nikkei225,8306,"Mitsubishi UFJ Financial Group, Inc","Mitsubishi UFJ Financial Group, Inc",TSE,JPY,observed_company_universe,,,covid19_first_wave;russia_ukraine_conflict_2022;israel_palestine_conflict_2023;us_israel_iran_conflict_2025,main_and_gdelt,unknown,nikkei225_gdelt_english_news;nikkei225_news;nikkei225_tushare_news,"三菱日联;MUFG;三菱日联金融集团;Mitsubishi UFJ Financial Group, Inc;8306.T",observed_company_universe; needs_match_review_low_strength_seen
Nikkei225:8308,Nikkei225,8308,"Resona Holdings, Inc","Resona Holdings, Inc",TSE,JPY,observed_company_universe,,,covid19_first_wave;russia_ukraine_conflict_2022;israel_palestine_conflict_2023;us_israel_iran_conflict_2025,main_and_gdelt,unknown,nikkei225_gdelt_english_news;nikkei225_news,Resona,observed_company_universe; needs_match_review_low_strength_seen
Nikkei225:8309,Nikkei225,8309,"Sumitomo Mitsui Trust Holdings, Inc","Sumitomo Mitsui Trust Holdings, Inc",TSE,JPY,observed_company_universe,,,covid19_first_wave;russia_ukraine_conflict_2022;israel_palestine_conflict_2023;us_israel_iran_conflict_2025,main_and_gdelt,unknown,nikkei225_gdelt_english_news;nikkei225_news,Sumitomo Mitsui Trust,observed_company_universe; observed_company_scope
Nikkei225:8316,Nikkei225,8316,"Sumitomo Mitsui Financial Group, Inc","Sumitomo Mitsui Financial Group, Inc",TSE,JPY,observed_company_universe,,,covid19_first_wave;russia_ukraine_conflict_2022;israel_palestine_conflict_2023;us_israel_iran_conflict_2025,main_and_gdelt,unknown,nikkei225_gdelt_english_news;nikkei225_news;nikkei225_tushare_news,Sumitomo Mitsui Financial;三井住友金融;8316.T,observed_company_universe; needs_match_review_low_strength_seen
Nikkei225:8331,Nikkei225,8331,"The Chiba Bank, Ltd","The Chiba Bank, Ltd",TSE,JPY,observed_company_universe,,,covid19_first_wave;russia_ukraine_conflict_2022;israel_palestine_conflict_2023;us_israel_iran_conflict_2025,main_and_gdelt,unknown,nikkei225_gdelt_english_news;nikkei225_news,8331.T,observed_company_universe; needs_match_review_low_strength_seen
Nikkei225:8354,Nikkei225,8354,"Fukuoka Financial Group, Inc","Fukuoka Financial Group, Inc",TSE,JPY,observed_company_universe,,,covid19_first_wave;russia_ukraine_conflict_2022;israel_palestine_conflict_2023;us_israel_iran_conflict_2025,main_and_gdelt,unknown,nikkei225_gdelt_english_news;nikkei225_news,Fukuoka Financial;8354.T,observed_company_universe; needs_match_review_low_strength_seen
Nikkei225:8411,Nikkei225,8411,"Mizuho Financial Group, Inc","Mizuho Financial Group, Inc",TSE,JPY,observed_company_universe,,,covid19_first_wave;russia_ukraine_conflict_2022;israel_palestine_conflict_2023;us_israel_iran_conflict_2025,main_and_gdelt,unknown,nikkei225_gdelt_english_news;nikkei225_news;nikkei225_tushare_news,瑞穗;Mizuho Financial,observed_company_universe; observed_company_scope
Nikkei225:8601,Nikkei225,8601,Daiwa Securities Group Inc,Daiwa Securities Group Inc,TSE,JPY,observed_company_universe,,,covid19_first_wave;russia_ukraine_conflict_2022;israel_palestine_conflict_2023;us_israel_iran_conflict_2025,main_and_gdelt,unknown,nikkei225_gdelt_english_news;nikkei225_news,Daiwa Securities;8601.T,observed_company_universe; needs_match_review_low_strength_seen
Nikkei225:8604,Nikkei225,8604,"Nomura Holdings, Inc","Nomura Holdings, Inc",TSE,JPY,observed_company_universe,,,covid19_first_wave;russia_ukraine_conflict_2022;israel_palestine_conflict_2023;us_israel_iran_conflict_2025,main_and_gdelt,unknown,nikkei225_gdelt_english_news;nikkei225_news,Nomura,observed_company_universe; needs_match_review_low_strength_seen
Nikkei225:8628,Nikkei225,8628,"Matsui Securities Co., Ltd","Matsui Securities Co., Ltd",TSE,JPY,observed_company_universe,,,covid19_first_wave;russia_ukraine_conflict_2022;israel_palestine_conflict_2023;us_israel_iran_conflict_2025,main_and_gdelt,unknown,nikkei225_gdelt_english_news;nikkei225_news,Matsui Securities;8628.T,observed_company_universe; needs_match_review_low_strength_seen
Nikkei225:8630,Nikkei225,8630,"Sompo Holdings, Inc","Sompo Holdings, Inc",TSE,JPY,observed_company_universe,,,covid19_first_wave;russia_ukraine_conflict_2022;israel_palestine_conflict_2023;us_israel_iran_conflict_2025,main_and_gdelt,unknown,nikkei225_gdelt_english_news;nikkei225_news,Sompo,observed_company_universe; observed_company_scope
Nikkei225:8725,Nikkei225,8725,"MS&AD Insurance Group, Inc","MS&AD Insurance Group, Inc",TSE,JPY,observed_company_universe,,,covid19_first_wave;russia_ukraine_conflict_2022;israel_palestine_conflict_2023;us_israel_iran_conflict_2025,main_and_gdelt,unknown,nikkei225_gdelt_english_news;nikkei225_news,8725.T,observed_company_universe; needs_match_review_low_strength_seen
Nikkei225:8729,Nikkei225,8729,Sony Financial Holdings Inc,Sony Financial Holdings Inc,TSE,JPY,observed_company_universe,,,covid19_first_wave;russia_ukraine_conflict_2022;israel_palestine_conflict_2023;us_israel_iran_conflict_2025,main_and_gdelt,unknown,nikkei225_gdelt_english_news;nikkei225_news,Sony Financial;8729.T,observed_company_universe; needs_match_review_low_strength_seen
Nikkei225:8750,Nikkei225,8750,"Dai-ichi Life Insurance Company, Limited","Dai-ichi Life Insurance Company, Limited",TSE,JPY,observed_company_universe,,,covid19_first_wave;russia_ukraine_conflict_2022;israel_palestine_conflict_2023;us_israel_iran_conflict_2025,main_and_gdelt,unknown,nikkei225_gdelt_english_news;nikkei225_news;nikkei225_tushare_news,Dai-ichi Life Insurance;Limited;8750.T,observed_company_universe; needs_match_review_low_strength_seen
Nikkei225:8766,Nikkei225,8766,"Tokio Marine Holdings, Inc","Tokio Marine Holdings, Inc",TSE,JPY,observed_company_universe,,,covid19_first_wave;russia_ukraine_conflict_2022;israel_palestine_conflict_2023;us_israel_iran_conflict_2025,main_and_gdelt,unknown,nikkei225_gdelt_english_news;nikkei225_news;nikkei225_tushare_news,Tokio Marine;东京海上,observed_company_universe; observed_company_scope
Nikkei225:8795,Nikkei225,8795,"T&D Holdings, Inc","T&D Holdings, Inc",TSE,JPY,observed_company_universe,,,covid19_first_wave;russia_ukraine_conflict_2022;israel_palestine_conflict_2023;us_israel_iran_conflict_2025,main_and_gdelt,unknown,nikkei225_gdelt_english_news;nikkei225_news,8795.T,observed_company_universe; needs_match_review_low_strength_seen
Nikkei225:8801,Nikkei225,8801,"Mitsui Fudosan Co.,Ltd","Mitsui Fudosan Co.,Ltd",TSE,JPY,observed_company_universe,,,covid19_first_wave;russia_ukraine_conflict_2022;israel_palestine_conflict_2023;us_israel_iran_conflict_2025,main_and_gdelt,unknown,nikkei225_gdelt_english_news;nikkei225_news,Mitsui Fudosan;8801.T,observed_company_universe; needs_match_review_low_strength_seen
Nikkei225:8802,Nikkei225,8802,"Mitsubishi Estate Co., Ltd","Mitsubishi Estate Co., Ltd",TSE,JPY,observed_company_universe,,,covid19_first_wave;russia_ukraine_conflict_2022;israel_palestine_conflict_2023;us_israel_iran_conflict_2025,main_and_gdelt,unknown,nikkei225_gdelt_english_news;nikkei225_news,Mitsubishi Estate;8802.T,observed_company_universe; needs_match_review_low_strength_seen
Nikkei225:8804,Nikkei225,8804,"Tokyo Tatemono Co., Ltd","Tokyo Tatemono Co., Ltd",TSE,JPY,observed_company_universe,,,covid19_first_wave;russia_ukraine_conflict_2022;israel_palestine_conflict_2023;us_israel_iran_conflict_2025,main_and_gdelt,unknown,nikkei225_gdelt_english_news;nikkei225_news,Tokyo Tatemono;8804.T,observed_company_universe; needs_match_review_low_strength_seen
Nikkei225:8830,Nikkei225,8830,"Sumitomo Realty & Development Co., Ltd","Sumitomo Realty & Development Co., Ltd",TSE,JPY,observed_company_universe,,,covid19_first_wave;russia_ukraine_conflict_2022;israel_palestine_conflict_2023;us_israel_iran_conflict_2025,main_and_gdelt,unknown,nikkei225_gdelt_english_news;nikkei225_news,8830.T,observed_company_universe; needs_match_review_low_strength_seen
Nikkei225:9001,Nikkei225,9001,"Tobu Railway Co., Ltd","Tobu Railway Co., Ltd",TSE,JPY,observed_company_universe,,,covid19_first_wave;russia_ukraine_conflict_2022;israel_palestine_conflict_2023;us_israel_iran_conflict_2025,main_and_gdelt,unknown,nikkei225_gdelt_english_news;nikkei225_news,Tobu Railway;9001.T,observed_company_universe; needs_match_review_low_strength_seen
Nikkei225:9005,Nikkei225,9005,Tokyu Corp,Tokyu Corp,TSE,JPY,observed_company_universe,,,covid19_first_wave;russia_ukraine_conflict_2022;israel_palestine_conflict_2023;us_israel_iran_conflict_2025,main_and_gdelt,unknown,nikkei225_gdelt_english_news;nikkei225_news,Tokyu;9005.T,observed_company_universe; needs_match_review_low_strength_seen
Nikkei225:9007,Nikkei225,9007,"Odakyu Electric Railway Co., Ltd","Odakyu Electric Railway Co., Ltd",TSE,JPY,observed_company_universe,,,covid19_first_wave;russia_ukraine_conflict_2022;israel_palestine_conflict_2023;us_israel_iran_conflict_2025,main_and_gdelt,unknown,nikkei225_gdelt_english_news;nikkei225_news,Odakyu Electric Railway;9007.T,observed_company_universe; needs_match_review_low_strength_seen
Nikkei225:9008,Nikkei225,9008,Keio Corp,Keio Corp,TSE,JPY,observed_company_universe,,,covid19_first_wave;russia_ukraine_conflict_2022;israel_palestine_conflict_2023;us_israel_iran_conflict_2025,main_and_gdelt,unknown,nikkei225_gdelt_english_news;nikkei225_news,Keio,observed_company_universe; needs_match_review_low_strength_seen
Nikkei225:9009,Nikkei225,9009,"Keisei Electric Railway Co., Ltd","Keisei Electric Railway Co., Ltd",TSE,JPY,observed_company_universe,,,covid19_first_wave;russia_ukraine_conflict_2022;israel_palestine_conflict_2023;us_israel_iran_conflict_2025,main_and_gdelt,unknown,nikkei225_gdelt_english_news;nikkei225_news,Keisei Electric Railway;9009.T,observed_company_universe; needs_match_review_low_strength_seen
Nikkei225:9020,Nikkei225,9020,East Japan Railway Company,East Japan Railway Company,TSE,JPY,observed_company_universe,,,covid19_first_wave;russia_ukraine_conflict_2022;israel_palestine_conflict_2023;us_israel_iran_conflict_2025,main_and_gdelt,unknown,nikkei225_gdelt_english_news;nikkei225_news,East Japan Railway;9020.T,observed_company_universe; needs_match_review_low_strength_seen
Nikkei225:9021,Nikkei225,9021,West Japan Railway Company,West Japan Railway Company,TSE,JPY,observed_company_universe,,,covid19_first_wave;russia_ukraine_conflict_2022;israel_palestine_conflict_2023;us_israel_iran_conflict_2025,main_and_gdelt,unknown,nikkei225_gdelt_english_news;nikkei225_news,West Japan Railway;9021.T,observed_company_universe; needs_match_review_low_strength_seen
Nikkei225:9022,Nikkei225,9022,Central Japan Railway Company,Central Japan Railway Company,TSE,JPY,observed_company_universe,,,covid19_first_wave;russia_ukraine_conflict_2022;israel_palestine_conflict_2023;us_israel_iran_conflict_2025,main_and_gdelt,unknown,nikkei225_gdelt_english_news;nikkei225_news,Central Japan Railway,observed_company_universe; observed_company_scope
Nikkei225:9064,Nikkei225,9064,"Yamato Holdings Co., Ltd","Yamato Holdings Co., Ltd",TSE,JPY,observed_company_universe,,,covid19_first_wave;russia_ukraine_conflict_2022;israel_palestine_conflict_2023;us_israel_iran_conflict_2025,main_and_gdelt,unknown,nikkei225_gdelt_english_news;nikkei225_news,Yamato,observed_company_universe; needs_match_review_low_strength_seen
Nikkei225:9101,Nikkei225,9101,Nippon Yusen K.K,Nippon Yusen K.K,TSE,JPY,observed_company_universe,,,covid19_first_wave;russia_ukraine_conflict_2022;israel_palestine_conflict_2023;us_israel_iran_conflict_2025,main_and_gdelt,unknown,nikkei225_gdelt_english_news;nikkei225_news;nikkei225_tushare_news,9101.T;Nippon Yusen,observed_company_universe; needs_match_review_low_strength_seen
Nikkei225:9104,Nikkei225,9104,"Mitsui O.S.K. Lines, Ltd","Mitsui O.S.K. Lines, Ltd",TSE,JPY,observed_company_universe,,,covid19_first_wave;russia_ukraine_conflict_2022;israel_palestine_conflict_2023;us_israel_iran_conflict_2025,main_and_gdelt,unknown,nikkei225_gdelt_english_news;nikkei225_news,9104.T,observed_company_universe; needs_match_review_low_strength_seen
Nikkei225:9107,Nikkei225,9107,"Kawasaki Kisen Kaisha, Ltd","Kawasaki Kisen Kaisha, Ltd",TSE,JPY,observed_company_universe,,,covid19_first_wave;russia_ukraine_conflict_2022;israel_palestine_conflict_2023;us_israel_iran_conflict_2025,main_and_gdelt,unknown,nikkei225_gdelt_english_news;nikkei225_news,Kawasaki Kisen,observed_company_universe; observed_company_scope
Nikkei225:9202,Nikkei225,9202,"All Nippon Airways Co., Ltd","All Nippon Airways Co., Ltd",TSE,JPY,observed_company_universe,,,covid19_first_wave;russia_ukraine_conflict_2022;israel_palestine_conflict_2023;us_israel_iran_conflict_2025,main_and_gdelt,unknown,nikkei225_gdelt_english_news;nikkei225_news,All Nippon Airways,observed_company_universe; observed_company_scope
Nikkei225:9301,Nikkei225,9301,Mitsubishi Logistics Corp,Mitsubishi Logistics Corp,TSE,JPY,observed_company_universe,,,covid19_first_wave;russia_ukraine_conflict_2022;israel_palestine_conflict_2023;us_israel_iran_conflict_2025,main_and_gdelt,unknown,nikkei225_gdelt_english_news;nikkei225_news,Mitsubishi Logistics;9301.T,observed_company_universe; needs_match_review_low_strength_seen
Nikkei225:9412,Nikkei225,9412,SKY Perfect JSAT Holdings Inc,SKY Perfect JSAT Holdings Inc,TSE,JPY,observed_company_universe,,,covid19_first_wave;russia_ukraine_conflict_2022;israel_palestine_conflict_2023;us_israel_iran_conflict_2025,main_and_gdelt,unknown,nikkei225_gdelt_english_news;nikkei225_news,9412.T;SKY Perfect JSAT,observed_company_universe; needs_match_review_low_strength_seen
Nikkei225:9432,Nikkei225,9432,Nippon Telegraph and Telephone Corp,Nippon Telegraph and Telephone Corp,TSE,JPY,observed_company_universe,,,covid19_first_wave;russia_ukraine_conflict_2022;israel_palestine_conflict_2023;us_israel_iran_conflict_2025,main_and_gdelt,unknown,nikkei225_gdelt_english_news;nikkei225_news;nikkei225_tushare_news,Nippon Telegraph and Telephone;日本电信电话;9432.T,observed_company_universe; needs_match_review_low_strength_seen
Nikkei225:9433,Nikkei225,9433,KDDI Corp,KDDI Corp,TSE,JPY,observed_company_universe,,,covid19_first_wave;russia_ukraine_conflict_2022;israel_palestine_conflict_2023;us_israel_iran_conflict_2025,main_and_gdelt,unknown,nikkei225_gdelt_english_news;nikkei225_news,KDDI;9433.T,observed_company_universe; needs_match_review_low_strength_seen
Nikkei225:9434,Nikkei225,9434,9434,9434,TSE,JPY,observed_company_universe,,,covid19_first_wave;russia_ukraine_conflict_2022;israel_palestine_conflict_2023;us_israel_iran_conflict_2025,supplement_only,unknown,nikkei225_tushare_news,软银,observed_company_universe; observed_company_scope
Nikkei225:9501,Nikkei225,9501,"The Tokyo Electric Power Co., Inc","The Tokyo Electric Power Co., Inc",TSE,JPY,observed_company_universe,,,covid19_first_wave;russia_ukraine_conflict_2022;israel_palestine_conflict_2023;us_israel_iran_conflict_2025,main_and_gdelt,unknown,nikkei225_gdelt_english_news;nikkei225_news,9501.T,observed_company_universe; needs_match_review_low_strength_seen
Nikkei225:9502,Nikkei225,9502,"Chubu Electric Power Co., Inc","Chubu Electric Power Co., Inc",TSE,JPY,observed_company_universe,,,covid19_first_wave;russia_ukraine_conflict_2022;israel_palestine_conflict_2023;us_israel_iran_conflict_2025,main_and_gdelt,unknown,nikkei225_gdelt_english_news;nikkei225_news,Chubu Electric Power;9502.T,observed_company_universe; needs_match_review_low_strength_seen
Nikkei225:9503,Nikkei225,9503,"The Kansai Electric Power Co., Inc","The Kansai Electric Power Co., Inc",TSE,JPY,observed_company_universe,,,covid19_first_wave;russia_ukraine_conflict_2022;israel_palestine_conflict_2023;us_israel_iran_conflict_2025,main_and_gdelt,unknown,nikkei225_gdelt_english_news;nikkei225_news,9503.T,observed_company_universe; needs_match_review_low_strength_seen
Nikkei225:9531,Nikkei225,9531,"Tokyo Gas Co., Ltd","Tokyo Gas Co., Ltd",TSE,JPY,observed_company_universe,,,covid19_first_wave;russia_ukraine_conflict_2022;israel_palestine_conflict_2023;us_israel_iran_conflict_2025,main_and_gdelt,unknown,nikkei225_gdelt_english_news;nikkei225_news,Tokyo Gas,observed_company_universe; observed_company_scope
Nikkei225:9532,Nikkei225,9532,"Osaka Gas Co., Ltd","Osaka Gas Co., Ltd",TSE,JPY,observed_company_universe,,,covid19_first_wave;russia_ukraine_conflict_2022;israel_palestine_conflict_2023;us_israel_iran_conflict_2025,main_and_gdelt,unknown,nikkei225_gdelt_english_news;nikkei225_news,Osaka Gas;9532.T,observed_company_universe; needs_match_review_low_strength_seen
Nikkei225:9602,Nikkei225,9602,"Toho Co., Ltd","Toho Co., Ltd",TSE,JPY,observed_company_universe,,,covid19_first_wave;russia_ukraine_conflict_2022;israel_palestine_conflict_2023;us_israel_iran_conflict_2025,main_and_gdelt,unknown,nikkei225_gdelt_english_news;nikkei225_news,Toho,observed_company_universe; needs_match_review_low_strength_seen
Nikkei225:9735,Nikkei225,9735,"Secom Co., Ltd","Secom Co., Ltd",TSE,JPY,observed_company_universe,,,covid19_first_wave;russia_ukraine_conflict_2022;israel_palestine_conflict_2023;us_israel_iran_conflict_2025,main_and_gdelt,unknown,nikkei225_gdelt_english_news;nikkei225_news,Secom;9735.T,observed_company_universe; needs_match_review_low_strength_seen
Nikkei225:9766,Nikkei225,9766,Konami Corp,Konami Corp,TSE,JPY,observed_company_universe,,,covid19_first_wave;russia_ukraine_conflict_2022;israel_palestine_conflict_2023;us_israel_iran_conflict_2025,main_and_gdelt,unknown,nikkei225_gdelt_english_news;nikkei225_news,Konami,observed_company_universe; needs_match_review_low_strength_seen
Nikkei225:9983,Nikkei225,9983,"Fast Retailing Co., Ltd","Fast Retailing Co., Ltd",TSE,JPY,observed_company_universe,,,covid19_first_wave;russia_ukraine_conflict_2022;israel_palestine_conflict_2023;us_israel_iran_conflict_2025,main_and_gdelt,unknown,nikkei225_gdelt_english_news;nikkei225_news;nikkei225_tushare_news,优衣库;Fast Retailing;迅销,observed_company_universe; observed_company_scope
Nikkei225:9984,Nikkei225,9984,Softbank Corp,Softbank Corp,TSE,JPY,observed_company_universe,,,covid19_first_wave;russia_ukraine_conflict_2022;israel_palestine_conflict_2023;us_israel_iran_conflict_2025,main_and_gdelt,unknown,nikkei225_gdelt_english_news;nikkei225_news;nikkei225_tushare_news,软银;Softbank;软银集团,observed_company_universe; needs_match_review_low_strength_seen
SP500:A,SP500,A,Agilent Technologies,Agilent Technologies,US,USD,observed_company_universe,,,covid19_first_wave;russia_ukraine_conflict_2022;israel_palestine_conflict_2023;us_israel_iran_conflict_2025,main_and_gdelt,unknown,sp500_gdelt_english_news;sp500_news;sp500_tushare_news,Agilent Technologies;AGILENT TECHNOLOGIES INC;a;安捷伦,observed_company_universe; sp500_constituent_coverage_audit_available
SP500:AAL,SP500,AAL,AAL,AAL,US,USD,observed_company_universe,,,covid19_first_wave;russia_ukraine_conflict_2022;israel_palestine_conflict_2023;us_israel_iran_conflict_2025,main_and_gdelt,unknown,sp500_gdelt_english_news;sp500_news;sp500_tushare_news,美国航空;美国航空集团;aal,observed_company_universe; needs_match_review_low_strength_seen
SP500:AAP,SP500,AAP,AAP,AAP,US,USD,observed_company_universe,,,covid19_first_wave;russia_ukraine_conflict_2022;israel_palestine_conflict_2023;us_israel_iran_conflict_2025,main_and_gdelt,unknown,sp500_gdelt_english_news;sp500_news,aap,observed_company_universe; needs_match_review_low_strength_seen
SP500:AAPL,SP500,AAPL,Apple Inc.,Apple Inc.,US,USD,observed_company_universe,,,covid19_first_wave;russia_ukraine_conflict_2022;israel_palestine_conflict_2023;us_israel_iran_conflict_2025,main_and_gdelt,unknown,sp500_gdelt_english_news;sp500_news;sp500_tushare_news,苹果;Apple Inc;aapl;苹果公司,observed_company_universe; needs_match_review_low_strength_seen
SP500:ABBV,SP500,ABBV,AbbVie,AbbVie,US,USD,observed_company_universe,,,covid19_first_wave;russia_ukraine_conflict_2022;israel_palestine_conflict_2023;us_israel_iran_conflict_2025,main_and_gdelt,unknown,sp500_gdelt_english_news;sp500_news;sp500_tushare_news,艾伯维;abbv;AbbVie,observed_company_universe; needs_match_review_low_strength_seen
SP500:ABC,SP500,ABC,ABC,ABC,US,USD,observed_company_universe,,,covid19_first_wave;russia_ukraine_conflict_2022;israel_palestine_conflict_2023;us_israel_iran_conflict_2025,gdelt_and_supplement,unknown,sp500_gdelt_english_news;sp500_tushare_news,,observed_company_universe; needs_match_review_low_strength_seen
SP500:ABMD,SP500,ABMD,ABMD,ABMD,US,USD,observed_company_universe,,,covid19_first_wave;russia_ukraine_conflict_2022;israel_palestine_conflict_2023;us_israel_iran_conflict_2025,gdelt_only,unknown,sp500_gdelt_english_news,Abiomed;ABIOMED INC,observed_company_universe; needs_match_review_low_strength_seen
SP500:ABNB,SP500,ABNB,Airbnb,Airbnb,US,USD,observed_company_universe,,,covid19_first_wave;russia_ukraine_conflict_2022;israel_palestine_conflict_2023;us_israel_iran_conflict_2025,gdelt_and_supplement,unknown,sp500_gdelt_english_news;sp500_tushare_news,爱彼迎;Airbnb,observed_company_universe; needs_match_review_low_strength_seen
SP500:ABT,SP500,ABT,Abbott Laboratories,Abbott Laboratories,US,USD,observed_company_universe,,,covid19_first_wave;russia_ukraine_conflict_2022;israel_palestine_conflict_2023;us_israel_iran_conflict_2025,main_and_gdelt,unknown,sp500_gdelt_english_news;sp500_news;sp500_tushare_news,雅培;Abbott Laboratories;abt,observed_company_universe; needs_match_review_low_strength_seen
SP500:ACGL,SP500,ACGL,Arch Capital Group,Arch Capital Group,US,USD,observed_company_universe,,,covid19_first_wave;russia_ukraine_conflict_2022;israel_palestine_conflict_2023;us_israel_iran_conflict_2025,main_and_gdelt,unknown,sp500_gdelt_english_news;sp500_news,ARCH CAPITAL GROUP LTD;acgl;Arch Capital Group,observed_company_universe; needs_match_review_low_strength_seen
SP500:ACN,SP500,ACN,Accenture,Accenture,US,USD,observed_company_universe,,,covid19_first_wave;russia_ukraine_conflict_2022;israel_palestine_conflict_2023;us_israel_iran_conflict_2025,main_and_gdelt,unknown,sp500_gdelt_english_news;sp500_news;sp500_tushare_news,埃森哲;Accenture;acn,observed_company_universe; needs_match_review_low_strength_seen
SP500:ADBE,SP500,ADBE,Adobe Inc.,Adobe Inc.,US,USD,observed_company_universe,,,covid19_first_wave;russia_ukraine_conflict_2022;israel_palestine_conflict_2023;us_israel_iran_conflict_2025,main_and_gdelt,unknown,sp500_gdelt_english_news;sp500_news;sp500_tushare_news,Adobe;adbe;Adobe Inc;奥多比;ADOBE SYSTEMS INC,observed_company_universe; needs_match_review_low_strength_seen
SP500:ADI,SP500,ADI,Analog Devices,Analog Devices,US,USD,observed_company_universe,,,covid19_first_wave;russia_ukraine_conflict_2022;israel_palestine_conflict_2023;us_israel_iran_conflict_2025,main_and_gdelt,unknown,sp500_gdelt_english_news;sp500_news;sp500_tushare_news,adi,observed_company_universe; needs_match_review_low_strength_seen
SP500:ADM,SP500,ADM,Archer Daniels Midland,Archer Daniels Midland,US,USD,observed_company_universe,,,covid19_first_wave;russia_ukraine_conflict_2022;israel_palestine_conflict_2023;us_israel_iran_conflict_2025,main_and_gdelt,unknown,sp500_gdelt_english_news;sp500_news;sp500_tushare_news,adm;ARCHER DANIELS MIDLAND CO;阿彻丹尼尔斯米德兰,observed_company_universe; needs_match_review_low_strength_seen
SP500:ADP,SP500,ADP,Automatic Data Processing,Automatic Data Processing,US,USD,observed_company_universe,,,covid19_first_wave;russia_ukraine_conflict_2022;israel_palestine_conflict_2023;us_israel_iran_conflict_2025,main_and_gdelt,unknown,sp500_gdelt_english_news;sp500_news;sp500_tushare_news,adp;Automatic Data Processing,observed_company_universe; needs_match_review_low_strength_seen
SP500:ADS,SP500,ADS,ADS,ADS,US,USD,observed_company_universe,,,covid19_first_wave;russia_ukraine_conflict_2022;israel_palestine_conflict_2023;us_israel_iran_conflict_2025,gdelt_and_supplement,unknown,sp500_gdelt_english_news;sp500_tushare_news,,observed_company_universe; needs_match_review_low_strength_seen
SP500:ADSK,SP500,ADSK,Autodesk,Autodesk,US,USD,observed_company_universe,,,covid19_first_wave;russia_ukraine_conflict_2022;israel_palestine_conflict_2023;us_israel_iran_conflict_2025,main_and_gdelt,unknown,sp500_gdelt_english_news;sp500_news;sp500_tushare_news,Autodesk;adsk;欧特克;AUTODESK INC,observed_company_universe; needs_match_review_low_strength_seen
SP500:AEE,SP500,AEE,Ameren,Ameren,US,USD,observed_company_universe,,,covid19_first_wave;russia_ukraine_conflict_2022;israel_palestine_conflict_2023;us_israel_iran_conflict_2025,main_and_gdelt,unknown,sp500_gdelt_english_news;sp500_news,aee;Ameren,observed_company_universe; needs_match_review_low_strength_seen
SP500:AEP,SP500,AEP,American Electric Power,American Electric Power,US,USD,observed_company_universe,,,covid19_first_wave;russia_ukraine_conflict_2022;israel_palestine_conflict_2023;us_israel_iran_conflict_2025,main_and_gdelt,unknown,sp500_gdelt_english_news;sp500_news;sp500_tushare_news,aep;American Electric Power;AMERICAN ELECTRIC POWER COMPANY INC,observed_company_universe; needs_match_review_low_strength_seen
SP500:AES,SP500,AES,AES Corporation,AES Corporation,US,USD,observed_company_universe,,,covid19_first_wave;russia_ukraine_conflict_2022;israel_palestine_conflict_2023;us_israel_iran_conflict_2025,main_and_gdelt,unknown,sp500_gdelt_english_news;sp500_news;sp500_tushare_news,aes,observed_company_universe; needs_match_review_low_strength_seen
SP500:AFL,SP500,AFL,Aflac,Aflac,US,USD,observed_company_universe,,,covid19_first_wave;russia_ukraine_conflict_2022;israel_palestine_conflict_2023;us_israel_iran_conflict_2025,main_and_gdelt,unknown,sp500_gdelt_english_news;sp500_news,afl;AFLAC INC,observed_company_universe; needs_match_review_low_strength_seen
SP500:AGN,SP500,AGN,AGN,AGN,US,USD,observed_company_universe,,,covid19_first_wave;russia_ukraine_conflict_2022;israel_palestine_conflict_2023;us_israel_iran_conflict_2025,gdelt_only,unknown,sp500_gdelt_english_news,,observed_company_universe; needs_match_review_low_strength_seen
SP500:AIG,SP500,AIG,American International Group,American International Group,US,USD,observed_company_universe,,,covid19_first_wave;russia_ukraine_conflict_2022;israel_palestine_conflict_2023;us_israel_iran_conflict_2025,main_and_gdelt,unknown,sp500_gdelt_english_news;sp500_news;sp500_tushare_news,aig;美国国际集团,observed_company_universe; needs_match_review_low_strength_seen
SP500:AIV,SP500,AIV,AIV,AIV,US,USD,observed_company_universe,,,covid19_first_wave;russia_ukraine_conflict_2022;israel_palestine_conflict_2023;us_israel_iran_conflict_2025,main_and_gdelt,unknown,sp500_gdelt_english_news;sp500_news,aiv,observed_company_universe; needs_match_review_low_strength_seen
SP500:AIZ,SP500,AIZ,Assurant,Assurant,US,USD,observed_company_universe,,,covid19_first_wave;russia_ukraine_conflict_2022;israel_palestine_conflict_2023;us_israel_iran_conflict_2025,main_and_gdelt,unknown,sp500_gdelt_english_news;sp500_news,aiz;Assurant,observed_company_universe; needs_match_review_low_strength_seen
SP500:AJG,SP500,AJG,Arthur J. Gallagher & Co.,Arthur J. Gallagher & Co.,US,USD,observed_company_universe,,,covid19_first_wave;russia_ukraine_conflict_2022;israel_palestine_conflict_2023;us_israel_iran_conflict_2025,main_and_gdelt,unknown,sp500_gdelt_english_news;sp500_news,ajg,observed_company_universe; needs_match_review_low_strength_seen
SP500:AKAM,SP500,AKAM,Akamai Technologies,Akamai Technologies,US,USD,observed_company_universe,,,covid19_first_wave;russia_ukraine_conflict_2022;israel_palestine_conflict_2023;us_israel_iran_conflict_2025,main_and_gdelt,unknown,sp500_gdelt_english_news;sp500_news,akam,observed_company_universe; needs_match_review_low_strength_seen
SP500:ALB,SP500,ALB,Albemarle Corporation,Albemarle Corporation,US,USD,observed_company_universe,,,covid19_first_wave;russia_ukraine_conflict_2022;israel_palestine_conflict_2023;us_israel_iran_conflict_2025,main_and_gdelt,unknown,sp500_gdelt_english_news;sp500_news;sp500_tushare_news,alb;Albemarle,observed_company_universe; needs_match_review_low_strength_seen
SP500:ALGN,SP500,ALGN,Align Technology,Align Technology,US,USD,observed_company_universe,,,covid19_first_wave;russia_ukraine_conflict_2022;israel_palestine_conflict_2023;us_israel_iran_conflict_2025,main_and_gdelt,unknown,sp500_gdelt_english_news;sp500_news,Align Technology;algn,observed_company_universe; needs_match_review_low_strength_seen
SP500:ALK,SP500,ALK,ALK,ALK,US,USD,observed_company_universe,,,covid19_first_wave;russia_ukraine_conflict_2022;israel_palestine_conflict_2023;us_israel_iran_conflict_2025,main_and_gdelt,unknown,sp500_gdelt_english_news;sp500_news;sp500_tushare_news,alk,observed_company_universe; needs_match_review_low_strength_seen
SP500:ALL,SP500,ALL,Allstate,Allstate,US,USD,observed_company_universe,,,covid19_first_wave;russia_ukraine_conflict_2022;israel_palestine_conflict_2023;us_israel_iran_conflict_2025,main_and_gdelt,unknown,sp500_gdelt_english_news;sp500_news,all,observed_company_universe; needs_match_review_low_strength_seen
SP500:ALLE,SP500,ALLE,Allegion,Allegion,US,USD,observed_company_universe,,,covid19_first_wave;russia_ukraine_conflict_2022;israel_palestine_conflict_2023;us_israel_iran_conflict_2025,main_and_gdelt,unknown,sp500_gdelt_english_news;sp500_news,alle,observed_company_universe; needs_match_review_low_strength_seen
SP500:ALXN,SP500,ALXN,ALXN,ALXN,US,USD,observed_company_universe,,,covid19_first_wave;russia_ukraine_conflict_2022;israel_palestine_conflict_2023;us_israel_iran_conflict_2025,gdelt_only,unknown,sp500_gdelt_english_news,Alexion Pharmaceuticals;Alexion;ALEXION PHARMACEUTICALS INC,observed_company_universe; needs_match_review_low_strength_seen
SP500:AMAT,SP500,AMAT,Applied Materials,Applied Materials,US,USD,observed_company_universe,,,covid19_first_wave;russia_ukraine_conflict_2022;israel_palestine_conflict_2023;us_israel_iran_conflict_2025,main_and_gdelt,unknown,sp500_gdelt_english_news;sp500_news;sp500_tushare_news,应用材料;amat;Applied Materials,observed_company_universe; needs_match_review_low_strength_seen
SP500:AMCR,SP500,AMCR,Amcor,Amcor,US,USD,observed_company_universe,,,covid19_first_wave;russia_ukraine_conflict_2022;israel_palestine_conflict_2023;us_israel_iran_conflict_2025,gdelt_and_supplement,unknown,sp500_gdelt_english_news;sp500_tushare_news,Amcor;安姆科;Amcor plc,observed_company_universe; needs_match_review_low_strength_seen
SP500:AMD,SP500,AMD,Advanced Micro Devices,Advanced Micro Devices,US,USD,observed_company_universe,,,covid19_first_wave;russia_ukraine_conflict_2022;israel_palestine_conflict_2023;us_israel_iran_conflict_2025,main_and_gdelt,unknown,sp500_gdelt_english_news;sp500_news;sp500_tushare_news,超威半导体;amd;Advanced Micro Devices,observed_company_universe; needs_match_review_low_strength_seen
SP500:AME,SP500,AME,Ametek,Ametek,US,USD,observed_company_universe,,,covid19_first_wave;russia_ukraine_conflict_2022;israel_palestine_conflict_2023;us_israel_iran_conflict_2025,main_and_gdelt,unknown,sp500_gdelt_english_news;sp500_news,ame,observed_company_universe; sp500_constituent_coverage_audit_available
SP500:AMGN,SP500,AMGN,Amgen,Amgen,US,USD,observed_company_universe,,,covid19_first_wave;russia_ukraine_conflict_2022;israel_palestine_conflict_2023;us_israel_iran_conflict_2025,main_and_gdelt,unknown,sp500_gdelt_english_news;sp500_news;sp500_tushare_news,Amgen;amgn,observed_company_universe; needs_match_review_low_strength_seen
SP500:AMP,SP500,AMP,Ameriprise Financial,Ameriprise Financial,US,USD,observed_company_universe,,,covid19_first_wave;russia_ukraine_conflict_2022;israel_palestine_conflict_2023;us_israel_iran_conflict_2025,gdelt_and_supplement,unknown,sp500_gdelt_english_news;sp500_tushare_news,,observed_company_universe; needs_match_review_low_strength_seen
SP500:AMT,SP500,AMT,American Tower,American Tower,US,USD,observed_company_universe,,,covid19_first_wave;russia_ukraine_conflict_2022;israel_palestine_conflict_2023;us_israel_iran_conflict_2025,main_and_gdelt,unknown,sp500_gdelt_english_news;sp500_news;sp500_tushare_news,amt,observed_company_universe; needs_match_review_low_strength_seen
SP500:AMZN,SP500,AMZN,Amazon,Amazon,US,USD,observed_company_universe,,,covid19_first_wave;russia_ukraine_conflict_2022;israel_palestine_conflict_2023;us_israel_iran_conflict_2025,main_and_gdelt,unknown,sp500_gdelt_english_news;sp500_news;sp500_tushare_news,亚马逊;Amazon;amzn,observed_company_universe; needs_match_review_low_strength_seen
SP500:ANET,SP500,ANET,Arista Networks,Arista Networks,US,USD,observed_company_universe,,,covid19_first_wave;russia_ukraine_conflict_2022;israel_palestine_conflict_2023;us_israel_iran_conflict_2025,main_and_gdelt,unknown,sp500_gdelt_english_news;sp500_news,anet,observed_company_universe; needs_match_review_low_strength_seen
SP500:ANSS,SP500,ANSS,ANSS,ANSS,US,USD,observed_company_universe,,,covid19_first_wave;russia_ukraine_conflict_2022;israel_palestine_conflict_2023;us_israel_iran_conflict_2025,main_and_gdelt,unknown,sp500_gdelt_english_news;sp500_news;sp500_tushare_news,anss;ANSYS,observed_company_universe; needs_match_review_low_strength_seen
SP500:ANTM,SP500,ANTM,ANTM,ANTM,US,USD,observed_company_universe,,,covid19_first_wave;russia_ukraine_conflict_2022;israel_palestine_conflict_2023;us_israel_iran_conflict_2025,gdelt_only,unknown,sp500_gdelt_english_news,,observed_company_universe; needs_match_review_low_strength_seen
SP500:AON,SP500,AON,Aon plc,Aon plc,US,USD,observed_company_universe,,,covid19_first_wave;russia_ukraine_conflict_2022;israel_palestine_conflict_2023;us_israel_iran_conflict_2025,main_and_gdelt,unknown,sp500_gdelt_english_news;sp500_news,aon,observed_company_universe; needs_match_review_low_strength_seen
SP500:AOS,SP500,AOS,A. O. Smith,A. O. Smith,US,USD,observed_company_universe,,,covid19_first_wave;russia_ukraine_conflict_2022;israel_palestine_conflict_2023;us_israel_iran_conflict_2025,main_and_gdelt,unknown,sp500_gdelt_english_news;sp500_news,aos,observed_company_universe; needs_match_review_low_strength_seen
SP500:APA,SP500,APA,APA Corporation,APA Corporation,US,USD,observed_company_universe,,,covid19_first_wave;russia_ukraine_conflict_2022;israel_palestine_conflict_2023;us_israel_iran_conflict_2025,main_and_gdelt,unknown,sp500_gdelt_english_news;sp500_news,apa,observed_company_universe; needs_match_review_low_strength_seen
SP500:APD,SP500,APD,Air Products,Air Products,US,USD,observed_company_universe,,,covid19_first_wave;russia_ukraine_conflict_2022;israel_palestine_conflict_2023;us_israel_iran_conflict_2025,main_and_gdelt,unknown,sp500_gdelt_english_news;sp500_news;sp500_tushare_news,apd;Air Products,observed_company_universe; needs_match_review_low_strength_seen
SP500:APH,SP500,APH,Amphenol,Amphenol,US,USD,observed_company_universe,,,covid19_first_wave;russia_ukraine_conflict_2022;israel_palestine_conflict_2023;us_israel_iran_conflict_2025,main_and_gdelt,unknown,sp500_gdelt_english_news;sp500_news;sp500_tushare_news,Amphenol,observed_company_universe; needs_match_review_low_strength_seen
SP500:APO,SP500,APO,Apollo Global Management,Apollo Global Management,US,USD,observed_company_universe,,,covid19_first_wave;russia_ukraine_conflict_2022;israel_palestine_conflict_2023;us_israel_iran_conflict_2025,main_and_gdelt,unknown,sp500_gdelt_english_news;sp500_news;sp500_tushare_news,apo,observed_company_universe; needs_match_review_low_strength_seen
SP500:APTV,SP500,APTV,Aptiv,Aptiv,US,USD,observed_company_universe,,,covid19_first_wave;russia_ukraine_conflict_2022;israel_palestine_conflict_2023;us_israel_iran_conflict_2025,main_and_gdelt,unknown,sp500_gdelt_english_news;sp500_news,Aptiv;aptv,observed_company_universe; needs_match_review_low_strength_seen
SP500:ARE,SP500,ARE,Alexandria Real Estate Equities,Alexandria Real Estate Equities,US,USD,observed_company_universe,,,covid19_first_wave;russia_ukraine_conflict_2022;israel_palestine_conflict_2023;us_israel_iran_conflict_2025,main_and_gdelt,unknown,sp500_gdelt_english_news;sp500_news,are,observed_company_universe; needs_match_review_low_strength_seen
SP500:ARNC,SP500,ARNC,ARNC,ARNC,US,USD,observed_company_universe,,,covid19_first_wave;russia_ukraine_conflict_2022;israel_palestine_conflict_2023;us_israel_iran_conflict_2025,gdelt_only,unknown,sp500_gdelt_english_news,Arconic Corporation;Arconic;Arconic Corp,observed_company_universe; needs_match_review_low_strength_seen
SP500:ATO,SP500,ATO,Atmos Energy,Atmos Energy,US,USD,observed_company_universe,,,covid19_first_wave;russia_ukraine_conflict_2022;israel_palestine_conflict_2023;us_israel_iran_conflict_2025,main_and_gdelt,unknown,sp500_gdelt_english_news;sp500_news,ato;ATMOS ENERGY CORP,observed_company_universe; needs_match_review_low_strength_seen
SP500:ATVI,SP500,ATVI,ATVI,ATVI,US,USD,observed_company_universe,,,covid19_first_wave;russia_ukraine_conflict_2022;israel_palestine_conflict_2023;us_israel_iran_conflict_2025,gdelt_and_supplement,unknown,sp500_gdelt_english_news;sp500_tushare_news,Activision;Activision Blizzard,observed_company_universe; needs_match_review_low_strength_seen
SP500:AVB,SP500,AVB,AvalonBay Communities,AvalonBay Communities,US,USD,observed_company_universe,,,covid19_first_wave;russia_ukraine_conflict_2022;israel_palestine_conflict_2023;us_israel_iran_conflict_2025,main_and_gdelt,unknown,sp500_gdelt_english_news;sp500_news,AvalonBay Communities;avb;AVALONBAY COMMUNITIES INC,observed_company_universe; needs_match_review_low_strength_seen
SP500:AVGO,SP500,AVGO,Broadcom,Broadcom,US,USD,observed_company_universe,,,covid19_first_wave;russia_ukraine_conflict_2022;israel_palestine_conflict_2023;us_israel_iran_conflict_2025,main_and_gdelt,unknown,sp500_gdelt_english_news;sp500_news;sp500_tushare_news,Broadcom;Broadcom Inc;avgo;Broadcom Ltd,observed_company_universe; needs_match_review_low_strength_seen
SP500:AVY,SP500,AVY,Avery Dennison,Avery Dennison,US,USD,observed_company_universe,,,covid19_first_wave;russia_ukraine_conflict_2022;israel_palestine_conflict_2023;us_israel_iran_conflict_2025,main_and_gdelt,unknown,sp500_gdelt_english_news;sp500_news,avy;Avery Dennison,observed_company_universe; needs_match_review_low_strength_seen
SP500:AWK,SP500,AWK,American Water Works,American Water Works,US,USD,observed_company_universe,,,covid19_first_wave;russia_ukraine_conflict_2022;israel_palestine_conflict_2023;us_israel_iran_conflict_2025,main_and_gdelt,unknown,sp500_gdelt_english_news;sp500_news,awk,observed_company_universe; needs_match_review_low_strength_seen
SP500:AXON,SP500,AXON,Axon Enterprise,Axon Enterprise,US,USD,observed_company_universe,,,covid19_first_wave;russia_ukraine_conflict_2022;israel_palestine_conflict_2023;us_israel_iran_conflict_2025,gdelt_only,unknown,sp500_gdelt_english_news,,observed_company_universe; needs_match_review_low_strength_seen
SP500:AXP,SP500,AXP,American Express,American Express,US,USD,observed_company_universe,,,covid19_first_wave;russia_ukraine_conflict_2022;israel_palestine_conflict_2023;us_israel_iran_conflict_2025,main_and_gdelt,unknown,sp500_gdelt_english_news;sp500_news;sp500_tushare_news,American Express;axp,observed_company_universe; needs_match_review_low_strength_seen
SP500:AZO,SP500,AZO,AutoZone,AutoZone,US,USD,observed_company_universe,,,covid19_first_wave;russia_ukraine_conflict_2022;israel_palestine_conflict_2023;us_israel_iran_conflict_2025,main_and_gdelt,unknown,sp500_gdelt_english_news;sp500_news;sp500_tushare_news,azo;AutoZone,observed_company_universe; needs_match_review_low_strength_seen
SP500:BA,SP500,BA,Boeing,Boeing,US,USD,observed_company_universe,,,covid19_first_wave;russia_ukraine_conflict_2022;israel_palestine_conflict_2023;us_israel_iran_conflict_2025,main_and_gdelt,unknown,sp500_gdelt_english_news;sp500_news;sp500_tushare_news,波音;Boeing;ba,observed_company_universe; needs_match_review_low_strength_seen
SP500:BAC,SP500,BAC,Bank of America,Bank of America,US,USD,observed_company_universe,,,covid19_first_wave;russia_ukraine_conflict_2022;israel_palestine_conflict_2023;us_israel_iran_conflict_2025,gdelt_and_supplement,unknown,sp500_gdelt_english_news;sp500_tushare_news,美国银行,observed_company_universe; needs_match_review_low_strength_seen
SP500:BALL,SP500,BALL,Ball Corporation,Ball Corporation,US,USD,observed_company_universe,,,covid19_first_wave;russia_ukraine_conflict_2022;israel_palestine_conflict_2023;us_israel_iran_conflict_2025,gdelt_only,unknown,sp500_gdelt_english_news,,observed_company_universe; needs_match_review_low_strength_seen
SP500:BAX,SP500,BAX,Baxter International,Baxter International,US,USD,observed_company_universe,,,covid19_first_wave;russia_ukraine_conflict_2022;israel_palestine_conflict_2023;us_israel_iran_conflict_2025,main_and_gdelt,unknown,sp500_gdelt_english_news;sp500_news;sp500_tushare_news,bax;BAXTER INTERNATIONAL INC,observed_company_universe; needs_match_review_low_strength_seen
SP500:BBY,SP500,BBY,Best Buy,Best Buy,US,USD,observed_company_universe,,,covid19_first_wave;russia_ukraine_conflict_2022;israel_palestine_conflict_2023;us_israel_iran_conflict_2025,main_and_gdelt,unknown,sp500_gdelt_english_news;sp500_news;sp500_tushare_news,bby;Best Buy,observed_company_universe; needs_match_review_low_strength_seen
SP500:BDX,SP500,BDX,Becton Dickinson,Becton Dickinson,US,USD,observed_company_universe,,,covid19_first_wave;russia_ukraine_conflict_2022;israel_palestine_conflict_2023;us_israel_iran_conflict_2025,gdelt_and_supplement,unknown,sp500_gdelt_english_news;sp500_tushare_news,Becton Dickinson;碧迪,observed_company_universe; needs_match_review_low_strength_seen
SP500:BEN,SP500,BEN,Franklin Resources,Franklin Resources,US,USD,observed_company_universe,,,covid19_first_wave;russia_ukraine_conflict_2022;israel_palestine_conflict_2023;us_israel_iran_conflict_2025,main_and_gdelt,unknown,sp500_gdelt_english_news;sp500_news,ben,observed_company_universe; needs_match_review_low_strength_seen
SP500:BF.B,SP500,BF.B,Brown–Forman,Brown–Forman,US,USD,observed_company_universe,,,covid19_first_wave;russia_ukraine_conflict_2022;israel_palestine_conflict_2023;us_israel_iran_conflict_2025,gdelt_only,unknown,sp500_gdelt_english_news,,observed_company_universe; needs_match_review_low_strength_seen
SP500:BG,SP500,BG,Bunge Global,Bunge Global,US,USD,observed_company_universe,,,covid19_first_wave;russia_ukraine_conflict_2022;israel_palestine_conflict_2023;us_israel_iran_conflict_2025,main_and_gdelt,unknown,sp500_gdelt_english_news;sp500_news,Bunge Global;bg,observed_company_universe; sp500_constituent_coverage_audit_available
SP500:BIIB,SP500,BIIB,Biogen,Biogen,US,USD,observed_company_universe,,,covid19_first_wave;russia_ukraine_conflict_2022;israel_palestine_conflict_2023;us_israel_iran_conflict_2025,main_and_gdelt,unknown,sp500_gdelt_english_news;sp500_news;sp500_tushare_news,Biogen;渤健;biib,observed_company_universe; needs_match_review_low_strength_seen
SP500:BK,SP500,BK,BNY Mellon,BNY Mellon,US,USD,observed_company_universe,,,covid19_first_wave;russia_ukraine_conflict_2022;israel_palestine_conflict_2023;us_israel_iran_conflict_2025,main_and_gdelt,unknown,sp500_gdelt_english_news;sp500_news;sp500_tushare_news,纽约梅隆银行;BNY Mellon;bk,observed_company_universe; sp500_constituent_coverage_audit_available
SP500:BKNG,SP500,BKNG,Booking Holdings,Booking Holdings,US,USD,observed_company_universe,,,covid19_first_wave;russia_ukraine_conflict_2022;israel_palestine_conflict_2023;us_israel_iran_conflict_2025,main_and_gdelt,unknown,sp500_gdelt_english_news;sp500_news;sp500_tushare_news,Booking Holdings;bkng,observed_company_universe; needs_match_review_low_strength_seen
SP500:BKR,SP500,BKR,Baker Hughes,Baker Hughes,US,USD,observed_company_universe,,,covid19_first_wave;russia_ukraine_conflict_2022;israel_palestine_conflict_2023;us_israel_iran_conflict_2025,main_and_gdelt,unknown,sp500_gdelt_english_news;sp500_news;sp500_tushare_news,Baker Hughes;bkr,observed_company_universe; needs_match_review_low_strength_seen
SP500:BLDR,SP500,BLDR,Builders FirstSource,Builders FirstSource,US,USD,observed_company_universe,,,covid19_first_wave;russia_ukraine_conflict_2022;israel_palestine_conflict_2023;us_israel_iran_conflict_2025,main_and_gdelt,unknown,sp500_gdelt_english_news;sp500_news,Builders FirstSource;bldr,observed_company_universe; needs_match_review_low_strength_seen
SP500:BLK,SP500,BLK,BlackRock,BlackRock,US,USD,observed_company_universe,,,covid19_first_wave;russia_ukraine_conflict_2022;israel_palestine_conflict_2023;us_israel_iran_conflict_2025,gdelt_and_supplement,unknown,sp500_gdelt_english_news;sp500_tushare_news,贝莱德;BlackRock,observed_company_universe; needs_match_review_low_strength_seen
SP500:BLL,SP500,BLL,BLL,BLL,US,USD,observed_company_universe,,,covid19_first_wave;russia_ukraine_conflict_2022;israel_palestine_conflict_2023;us_israel_iran_conflict_2025,gdelt_only,unknown,sp500_gdelt_english_news,BALL Corp;Ball Corporation,observed_company_universe; needs_match_review_low_strength_seen
SP500:BMY,SP500,BMY,Bristol Myers Squibb,Bristol Myers Squibb,US,USD,observed_company_universe,,,covid19_first_wave;russia_ukraine_conflict_2022;israel_palestine_conflict_2023;us_israel_iran_conflict_2025,gdelt_and_supplement,unknown,sp500_gdelt_english_news;sp500_tushare_news,Bristol Myers Squibb;百时美施贵宝,observed_company_universe; needs_match_review_low_strength_seen
SP500:BR,SP500,BR,Broadridge Financial Solutions,Broadridge Financial Solutions,US,USD,observed_company_universe,,,covid19_first_wave;russia_ukraine_conflict_2022;israel_palestine_conflict_2023;us_israel_iran_conflict_2025,main_and_gdelt,unknown,sp500_gdelt_english_news;sp500_news,Broadridge Financial Solutions;br,observed_company_universe; sp500_constituent_coverage_audit_available
SP500:BRK.B,SP500,BRK.B,Berkshire Hathaway,Berkshire Hathaway,US,USD,observed_company_universe,,,covid19_first_wave;russia_ukraine_conflict_2022;israel_palestine_conflict_2023;us_israel_iran_conflict_2025,gdelt_and_supplement,unknown,sp500_gdelt_english_news;sp500_tushare_news,伯克希尔;Berkshire Hathaway;伯克希尔哈撒韦,observed_company_universe; sp500_constituent_coverage_audit_available
SP500:BRO,SP500,BRO,Brown & Brown,Brown & Brown,US,USD,observed_company_universe,,,covid19_first_wave;russia_ukraine_conflict_2022;israel_palestine_conflict_2023;us_israel_iran_conflict_2025,main_and_gdelt,unknown,sp500_gdelt_english_news;sp500_news,bro,observed_company_universe; needs_match_review_low_strength_seen
SP500:BSX,SP500,BSX,Boston Scientific,Boston Scientific,US,USD,observed_company_universe,,,covid19_first_wave;russia_ukraine_conflict_2022;israel_palestine_conflict_2023;us_israel_iran_conflict_2025,main_and_gdelt,unknown,sp500_gdelt_english_news;sp500_news;sp500_tushare_news,Boston Scientific;波士顿科学;bsx,observed_company_universe; needs_match_review_low_strength_seen
SP500:BWA,SP500,BWA,BWA,BWA,US,USD,observed_company_universe,,,covid19_first_wave;russia_ukraine_conflict_2022;israel_palestine_conflict_2023;us_israel_iran_conflict_2025,main_and_gdelt,unknown,sp500_gdelt_english_news;sp500_news;sp500_tushare_news,bwa,observed_company_universe; needs_match_review_low_strength_seen
SP500:BX,SP500,BX,Blackstone Inc.,Blackstone Inc.,US,USD,observed_company_universe,,,covid19_first_wave;russia_ukraine_conflict_2022;israel_palestine_conflict_2023;us_israel_iran_conflict_2025,main_and_gdelt,unknown,sp500_gdelt_english_news;sp500_news;sp500_tushare_news,Blackstone Inc;bx;Blackstone,observed_company_universe; sp500_constituent_coverage_audit_available
SP500:BXP,SP500,BXP,"BXP, Inc.","BXP, Inc.",US,USD,observed_company_universe,,,covid19_first_wave;russia_ukraine_conflict_2022;israel_palestine_conflict_2023;us_israel_iran_conflict_2025,main_and_gdelt,unknown,sp500_gdelt_english_news;sp500_news,BOSTON PROPERTIES INC;bxp,observed_company_universe; needs_match_review_low_strength_seen
SP500:C,SP500,C,Citigroup,Citigroup,US,USD,observed_company_universe,,,covid19_first_wave;russia_ukraine_conflict_2022;israel_palestine_conflict_2023;us_israel_iran_conflict_2025,main_and_gdelt,unknown,sp500_gdelt_english_news;sp500_news;sp500_tushare_news,花旗;Citigroup;c,observed_company_universe; sp500_constituent_coverage_audit_available
SP500:CAG,SP500,CAG,Conagra Brands,Conagra Brands,US,USD,observed_company_universe,,,covid19_first_wave;russia_ukraine_conflict_2022;israel_palestine_conflict_2023;us_israel_iran_conflict_2025,main_and_gdelt,unknown,sp500_gdelt_english_news;sp500_news,cag,observed_company_universe; needs_match_review_low_strength_seen
SP500:CAH,SP500,CAH,Cardinal Health,Cardinal Health,US,USD,observed_company_universe,,,covid19_first_wave;russia_ukraine_conflict_2022;israel_palestine_conflict_2023;us_israel_iran_conflict_2025,main_and_gdelt,unknown,sp500_gdelt_english_news;sp500_news;sp500_tushare_news,cah;Cardinal Health,observed_company_universe; needs_match_review_low_strength_seen
SP500:CARR,SP500,CARR,Carrier Global,Carrier Global,US,USD,observed_company_universe,,,covid19_first_wave;russia_ukraine_conflict_2022;israel_palestine_conflict_2023;us_israel_iran_conflict_2025,main_and_gdelt,unknown,sp500_gdelt_english_news;sp500_news;sp500_tushare_news,carr,observed_company_universe; needs_match_review_low_strength_seen
SP500:CAT,SP500,CAT,Caterpillar Inc.,Caterpillar Inc.,US,USD,observed_company_universe,,,covid19_first_wave;russia_ukraine_conflict_2022;israel_palestine_conflict_2023;us_israel_iran_conflict_2025,main_and_gdelt,unknown,sp500_gdelt_english_news;sp500_news;sp500_tushare_news,卡特彼勒;cat,observed_company_universe; needs_match_review_low_strength_seen
SP500:CB,SP500,CB,Chubb Limited,Chubb Limited,US,USD,observed_company_universe,,,covid19_first_wave;russia_ukraine_conflict_2022;israel_palestine_conflict_2023;us_israel_iran_conflict_2025,gdelt_and_supplement,unknown,sp500_gdelt_english_news;sp500_tushare_news,Chubb Limited;安达保险,observed_company_universe; sp500_constituent_coverage_audit_available
SP500:CBOE,SP500,CBOE,Cboe Global Markets,Cboe Global Markets,US,USD,observed_company_universe,,,covid19_first_wave;russia_ukraine_conflict_2022;israel_palestine_conflict_2023;us_israel_iran_conflict_2025,main_and_gdelt,unknown,sp500_gdelt_english_news;sp500_news;sp500_tushare_news,cboe,observed_company_universe; needs_match_review_low_strength_seen
SP500:CBRE,SP500,CBRE,CBRE Group,CBRE Group,US,USD,observed_company_universe,,,covid19_first_wave;russia_ukraine_conflict_2022;israel_palestine_conflict_2023;us_israel_iran_conflict_2025,gdelt_and_supplement,unknown,sp500_gdelt_english_news;sp500_tushare_news,世邦魏理仕,observed_company_universe; needs_match_review_low_strength_seen
SP500:CCI,SP500,CCI,Crown Castle,Crown Castle,US,USD,observed_company_universe,,,covid19_first_wave;russia_ukraine_conflict_2022;israel_palestine_conflict_2023;us_israel_iran_conflict_2025,main_and_gdelt,unknown,sp500_gdelt_english_news;sp500_news;sp500_tushare_news,cci,observed_company_universe; needs_match_review_low_strength_seen
SP500:CCL,SP500,CCL,Carnival,Carnival,US,USD,observed_company_universe,,,covid19_first_wave;russia_ukraine_conflict_2022;israel_palestine_conflict_2023;us_israel_iran_conflict_2025,gdelt_and_supplement,unknown,sp500_gdelt_english_news;sp500_tushare_news,嘉年华邮轮;Carnival,observed_company_universe; needs_match_review_low_strength_seen
SP500:CDNS,SP500,CDNS,Cadence Design Systems,Cadence Design Systems,US,USD,observed_company_universe,,,covid19_first_wave;russia_ukraine_conflict_2022;israel_palestine_conflict_2023;us_israel_iran_conflict_2025,main_and_gdelt,unknown,sp500_gdelt_english_news;sp500_news;sp500_tushare_news,Cadence Design Systems;CADENCE DESIGN SYSTEMS INC;cdns;铿腾电子,observed_company_universe; needs_match_review_low_strength_seen
SP500:CDW,SP500,CDW,CDW Corporation,CDW Corporation,US,USD,observed_company_universe,,,covid19_first_wave;russia_ukraine_conflict_2022;israel_palestine_conflict_2023;us_israel_iran_conflict_2025,gdelt_only,unknown,sp500_gdelt_english_news,CDW Corp,observed_company_universe; needs_match_review_low_strength_seen
SP500:CE,SP500,CE,CE,CE,US,USD,observed_company_universe,,,covid19_first_wave;russia_ukraine_conflict_2022;israel_palestine_conflict_2023;us_israel_iran_conflict_2025,main_only_or_main_plus_supplement,unknown,sp500_news,ce,observed_company_universe; sp500_constituent_coverage_audit_available
SP500:CEG,SP500,CEG,Constellation Energy,Constellation Energy,US,USD,observed_company_universe,,,covid19_first_wave;russia_ukraine_conflict_2022;israel_palestine_conflict_2023;us_israel_iran_conflict_2025,gdelt_and_supplement,unknown,sp500_gdelt_english_news;sp500_tushare_news,星座能源;Constellation Energy,observed_company_universe; needs_match_review_low_strength_seen
SP500:CERN,SP500,CERN,CERN,CERN,US,USD,observed_company_universe,,,covid19_first_wave;russia_ukraine_conflict_2022;israel_palestine_conflict_2023;us_israel_iran_conflict_2025,gdelt_and_supplement,unknown,sp500_gdelt_english_news;sp500_tushare_news,,observed_company_universe; needs_match_review_low_strength_seen
SP500:CF,SP500,CF,CF Industries,CF Industries,US,USD,observed_company_universe,,,covid19_first_wave;russia_ukraine_conflict_2022;israel_palestine_conflict_2023;us_israel_iran_conflict_2025,main_and_gdelt,unknown,sp500_gdelt_english_news;sp500_news,CF Industries;cf,observed_company_universe; sp500_constituent_coverage_audit_available
SP500:CFG,SP500,CFG,Citizens Financial Group,Citizens Financial Group,US,USD,observed_company_universe,,,covid19_first_wave;russia_ukraine_conflict_2022;israel_palestine_conflict_2023;us_israel_iran_conflict_2025,main_and_gdelt,unknown,sp500_gdelt_english_news;sp500_news,Citizens Financial Group;cfg,observed_company_universe; needs_match_review_low_strength_seen
SP500:CHD,SP500,CHD,Church & Dwight,Church & Dwight,US,USD,observed_company_universe,,,covid19_first_wave;russia_ukraine_conflict_2022;israel_palestine_conflict_2023;us_israel_iran_conflict_2025,main_and_gdelt,unknown,sp500_gdelt_english_news;sp500_news,chd,observed_company_universe; needs_match_review_low_strength_seen
SP500:CHRW,SP500,CHRW,C.H. Robinson,C.H. Robinson,US,USD,observed_company_universe,,,covid19_first_wave;russia_ukraine_conflict_2022;israel_palestine_conflict_2023;us_israel_iran_conflict_2025,main_and_gdelt,unknown,sp500_gdelt_english_news;sp500_news,chrw,observed_company_universe; needs_match_review_low_strength_seen
SP500:CHTR,SP500,CHTR,Charter Communications,Charter Communications,US,USD,observed_company_universe,,,covid19_first_wave;russia_ukraine_conflict_2022;israel_palestine_conflict_2023;us_israel_iran_conflict_2025,main_and_gdelt,unknown,sp500_gdelt_english_news;sp500_news,chtr;Charter Communications,observed_company_universe; needs_match_review_low_strength_seen
SP500:CI,SP500,CI,Cigna,Cigna,US,USD,observed_company_universe,,,covid19_first_wave;russia_ukraine_conflict_2022;israel_palestine_conflict_2023;us_israel_iran_conflict_2025,main_and_gdelt,unknown,sp500_gdelt_english_news;sp500_news;sp500_tushare_news,信诺;Cigna;ci,observed_company_universe; needs_match_review_low_strength_seen
SP500:CINF,SP500,CINF,Cincinnati Financial,Cincinnati Financial,US,USD,observed_company_universe,,,covid19_first_wave;russia_ukraine_conflict_2022;israel_palestine_conflict_2023;us_israel_iran_conflict_2025,main_and_gdelt,unknown,sp500_gdelt_english_news;sp500_news,Cincinnati Financial;cinf;CINCINNATI FINANCIAL CORP,observed_company_universe; needs_match_review_low_strength_seen
SP500:CL,SP500,CL,Colgate-Palmolive,Colgate-Palmolive,US,USD,observed_company_universe,,,covid19_first_wave;russia_ukraine_conflict_2022;israel_palestine_conflict_2023;us_israel_iran_conflict_2025,main_and_gdelt,unknown,sp500_gdelt_english_news;sp500_news,Colgate-Palmolive;cl,observed_company_universe; needs_match_review_low_strength_seen
SP500:CLX,SP500,CLX,Clorox,Clorox,US,USD,observed_company_universe,,,covid19_first_wave;russia_ukraine_conflict_2022;israel_palestine_conflict_2023;us_israel_iran_conflict_2025,main_and_gdelt,unknown,sp500_gdelt_english_news;sp500_news;sp500_tushare_news,Clorox,observed_company_universe; needs_match_review_low_strength_seen
SP500:CMA,SP500,CMA,CMA,CMA,US,USD,observed_company_universe,,,covid19_first_wave;russia_ukraine_conflict_2022;israel_palestine_conflict_2023;us_israel_iran_conflict_2025,gdelt_and_supplement,unknown,sp500_gdelt_english_news;sp500_tushare_news,,observed_company_universe; needs_match_review_low_strength_seen
SP500:CMCSA,SP500,CMCSA,Comcast,Comcast,US,USD,observed_company_universe,,,covid19_first_wave;russia_ukraine_conflict_2022;israel_palestine_conflict_2023;us_israel_iran_conflict_2025,main_and_gdelt,unknown,sp500_gdelt_english_news;sp500_news;sp500_tushare_news,Comcast,observed_company_universe; needs_match_review_low_strength_seen
SP500:CME,SP500,CME,CME Group,CME Group,US,USD,observed_company_universe,,,covid19_first_wave;russia_ukraine_conflict_2022;israel_palestine_conflict_2023;us_israel_iran_conflict_2025,main_and_gdelt,unknown,sp500_gdelt_english_news;sp500_news;sp500_tushare_news,,observed_company_universe; needs_match_review_low_strength_seen
SP500:CMG,SP500,CMG,Chipotle Mexican Grill,Chipotle Mexican Grill,US,USD,observed_company_universe,,,covid19_first_wave;russia_ukraine_conflict_2022;israel_palestine_conflict_2023;us_israel_iran_conflict_2025,main_and_gdelt,unknown,sp500_gdelt_english_news;sp500_news;sp500_tushare_news,Chipotle Mexican Grill,observed_company_universe; needs_match_review_low_strength_seen
SP500:CMI,SP500,CMI,Cummins,Cummins,US,USD,observed_company_universe,,,covid19_first_wave;russia_ukraine_conflict_2022;israel_palestine_conflict_2023;us_israel_iran_conflict_2025,main_and_gdelt,unknown,sp500_gdelt_english_news;sp500_news;sp500_tushare_news,Cummins,observed_company_universe; needs_match_review_low_strength_seen
SP500:CMS,SP500,CMS,CMS Energy,CMS Energy,US,USD,observed_company_universe,,,covid19_first_wave;russia_ukraine_conflict_2022;israel_palestine_conflict_2023;us_israel_iran_conflict_2025,main_and_gdelt,unknown,sp500_gdelt_english_news;sp500_news;sp500_tushare_news,,observed_company_universe; needs_match_review_low_strength_seen
SP500:CNC,SP500,CNC,Centene Corporation,Centene Corporation,US,USD,observed_company_universe,,,covid19_first_wave;russia_ukraine_conflict_2022;israel_palestine_conflict_2023;us_israel_iran_conflict_2025,gdelt_only,unknown,sp500_gdelt_english_news,Centene Corporation,observed_company_universe; needs_match_review_low_strength_seen
SP500:CNP,SP500,CNP,CenterPoint Energy,CenterPoint Energy,US,USD,observed_company_universe,,,covid19_first_wave;russia_ukraine_conflict_2022;israel_palestine_conflict_2023;us_israel_iran_conflict_2025,main_and_gdelt,unknown,sp500_gdelt_english_news;sp500_news,CenterPoint Energy,observed_company_universe; needs_match_review_low_strength_seen
SP500:COF,SP500,COF,Capital One,Capital One,US,USD,observed_company_universe,,,covid19_first_wave;russia_ukraine_conflict_2022;israel_palestine_conflict_2023;us_israel_iran_conflict_2025,main_and_gdelt,unknown,sp500_gdelt_english_news;sp500_news,cof;Capital One,observed_company_universe; needs_match_review_low_strength_seen
SP500:COG,SP500,COG,COG,COG,US,USD,observed_company_universe,,,covid19_first_wave;russia_ukraine_conflict_2022;israel_palestine_conflict_2023;us_israel_iran_conflict_2025,gdelt_only,unknown,sp500_gdelt_english_news,,observed_company_universe; needs_match_review_low_strength_seen
SP500:COIN,SP500,COIN,Coinbase,Coinbase,US,USD,observed_company_universe,,,covid19_first_wave;russia_ukraine_conflict_2022;israel_palestine_conflict_2023;us_israel_iran_conflict_2025,gdelt_and_supplement,unknown,sp500_gdelt_english_news;sp500_tushare_news,Coinbase,observed_company_universe; needs_match_review_low_strength_seen
SP500:COO,SP500,COO,Cooper Companies (The),Cooper Companies (The),US,USD,observed_company_universe,,,covid19_first_wave;russia_ukraine_conflict_2022;israel_palestine_conflict_2023;us_israel_iran_conflict_2025,main_and_gdelt,unknown,sp500_gdelt_english_news;sp500_news;sp500_tushare_news,coo,observed_company_universe; needs_match_review_low_strength_seen
SP500:COP,SP500,COP,ConocoPhillips,ConocoPhillips,US,USD,observed_company_universe,,,covid19_first_wave;russia_ukraine_conflict_2022;israel_palestine_conflict_2023;us_israel_iran_conflict_2025,main_and_gdelt,unknown,sp500_gdelt_english_news;sp500_news;sp500_tushare_news,康菲石油;cop,observed_company_universe; needs_match_review_low_strength_seen
SP500:COR,SP500,COR,Cencora,Cencora,US,USD,observed_company_universe,,,covid19_first_wave;russia_ukraine_conflict_2022;israel_palestine_conflict_2023;us_israel_iran_conflict_2025,main_and_gdelt,unknown,sp500_gdelt_english_news;sp500_news,cor,observed_company_universe; needs_match_review_low_strength_seen
SP500:COST,SP500,COST,Costco,Costco,US,USD,observed_company_universe,,,covid19_first_wave;russia_ukraine_conflict_2022;israel_palestine_conflict_2023;us_israel_iran_conflict_2025,main_and_gdelt,unknown,sp500_gdelt_english_news;sp500_news;sp500_tushare_news,好市多;cost;Costco,observed_company_universe; needs_match_review_low_strength_seen
SP500:COTY,SP500,COTY,COTY,COTY,US,USD,observed_company_universe,,,covid19_first_wave;russia_ukraine_conflict_2022;israel_palestine_conflict_2023;us_israel_iran_conflict_2025,main_and_gdelt,unknown,sp500_gdelt_english_news;sp500_news,coty,observed_company_universe; needs_match_review_low_strength_seen
SP500:CPAY,SP500,CPAY,Corpay,Corpay,US,USD,observed_company_universe,,,covid19_first_wave;russia_ukraine_conflict_2022;israel_palestine_conflict_2023;us_israel_iran_conflict_2025,gdelt_only,unknown,sp500_gdelt_english_news,Corpay;FLEETCOR TECHNOLOGIES INC,observed_company_universe; needs_match_review_low_strength_seen
SP500:CPB,SP500,CPB,Campbell's Company (The),Campbell's Company (The),US,USD,observed_company_universe,,,covid19_first_wave;russia_ukraine_conflict_2022;israel_palestine_conflict_2023;us_israel_iran_conflict_2025,main_and_gdelt,unknown,sp500_gdelt_english_news;sp500_news,Campbell Soup Company;Campbell Soup;cpb;CAMPBELL SOUP CO,observed_company_universe; sp500_constituent_coverage_audit_available
SP500:CPRI,SP500,CPRI,CPRI,CPRI,US,USD,observed_company_universe,,,covid19_first_wave;russia_ukraine_conflict_2022;israel_palestine_conflict_2023;us_israel_iran_conflict_2025,main_and_gdelt,unknown,sp500_gdelt_english_news;sp500_news,cpri,observed_company_universe; needs_match_review_low_strength_seen
SP500:CPRT,SP500,CPRT,Copart,Copart,US,USD,observed_company_universe,,,covid19_first_wave;russia_ukraine_conflict_2022;israel_palestine_conflict_2023;us_israel_iran_conflict_2025,main_and_gdelt,unknown,sp500_gdelt_english_news;sp500_news,Copart;cprt,observed_company_universe; needs_match_review_low_strength_seen
SP500:CPT,SP500,CPT,Camden Property Trust,Camden Property Trust,US,USD,observed_company_universe,,,covid19_first_wave;russia_ukraine_conflict_2022;israel_palestine_conflict_2023;us_israel_iran_conflict_2025,main_and_gdelt,unknown,sp500_gdelt_english_news;sp500_news;sp500_tushare_news,cpt;Camden Property Trust,observed_company_universe; needs_match_review_low_strength_seen
SP500:CRL,SP500,CRL,Charles River Laboratories,Charles River Laboratories,US,USD,observed_company_universe,,,covid19_first_wave;russia_ukraine_conflict_2022;israel_palestine_conflict_2023;us_israel_iran_conflict_2025,main_and_gdelt,unknown,sp500_gdelt_english_news;sp500_news,Charles River Laboratories;crl,observed_company_universe; needs_match_review_low_strength_seen
SP500:CRM,SP500,CRM,Salesforce,Salesforce,US,USD,observed_company_universe,,,covid19_first_wave;russia_ukraine_conflict_2022;israel_palestine_conflict_2023;us_israel_iran_conflict_2025,main_and_gdelt,unknown,sp500_gdelt_english_news;sp500_news;sp500_tushare_news,Salesforce;赛富时;crm,observed_company_universe; needs_match_review_low_strength_seen
SP500:CRWD,SP500,CRWD,CrowdStrike,CrowdStrike,US,USD,observed_company_universe,,,covid19_first_wave;russia_ukraine_conflict_2022;israel_palestine_conflict_2023;us_israel_iran_conflict_2025,main_and_gdelt,unknown,sp500_gdelt_english_news;sp500_news;sp500_tushare_news,CrowdStrike;crwd,observed_company_universe; needs_match_review_low_strength_seen
SP500:CSCO,SP500,CSCO,Cisco,Cisco,US,USD,observed_company_universe,,,covid19_first_wave;russia_ukraine_conflict_2022;israel_palestine_conflict_2023;us_israel_iran_conflict_2025,gdelt_and_supplement,unknown,sp500_gdelt_english_news;sp500_tushare_news,思科;Cisco,observed_company_universe; sp500_constituent_coverage_audit_available
SP500:CSGP,SP500,CSGP,CoStar Group,CoStar Group,US,USD,observed_company_universe,,,covid19_first_wave;russia_ukraine_conflict_2022;israel_palestine_conflict_2023;us_israel_iran_conflict_2025,main_and_gdelt,unknown,sp500_gdelt_english_news;sp500_news,CoStar Group;csgp,observed_company_universe; needs_match_review_low_strength_seen
SP500:CSX,SP500,CSX,CSX Corporation,CSX Corporation,US,USD,observed_company_universe,,,covid19_first_wave;russia_ukraine_conflict_2022;israel_palestine_conflict_2023;us_israel_iran_conflict_2025,main_and_gdelt,unknown,sp500_gdelt_english_news;sp500_news,csx,observed_company_universe; needs_match_review_low_strength_seen
SP500:CTAS,SP500,CTAS,Cintas,Cintas,US,USD,observed_company_universe,,,covid19_first_wave;russia_ukraine_conflict_2022;israel_palestine_conflict_2023;us_israel_iran_conflict_2025,main_and_gdelt,unknown,sp500_gdelt_english_news;sp500_news,Cintas;ctas,observed_company_universe; needs_match_review_low_strength_seen
SP500:CTL,SP500,CTL,CTL,CTL,US,USD,observed_company_universe,,,covid19_first_wave;russia_ukraine_conflict_2022;israel_palestine_conflict_2023;us_israel_iran_conflict_2025,gdelt_only,unknown,sp500_gdelt_english_news,,observed_company_universe; needs_match_review_low_strength_seen
SP500:CTRA,SP500,CTRA,Coterra,Coterra,US,USD,observed_company_universe,,,covid19_first_wave;russia_ukraine_conflict_2022;israel_palestine_conflict_2023;us_israel_iran_conflict_2025,main_and_gdelt,unknown,sp500_gdelt_english_news;sp500_news,ctra;Coterra,observed_company_universe; needs_match_review_low_strength_seen
SP500:CTSH,SP500,CTSH,Cognizant,Cognizant,US,USD,observed_company_universe,,,covid19_first_wave;russia_ukraine_conflict_2022;israel_palestine_conflict_2023;us_israel_iran_conflict_2025,main_and_gdelt,unknown,sp500_gdelt_english_news;sp500_news,Cognizant;ctsh,observed_company_universe; needs_match_review_low_strength_seen
SP500:CTVA,SP500,CTVA,Corteva,Corteva,US,USD,observed_company_universe,,,covid19_first_wave;russia_ukraine_conflict_2022;israel_palestine_conflict_2023;us_israel_iran_conflict_2025,main_and_gdelt,unknown,sp500_gdelt_english_news;sp500_news,Corteva;ctva,observed_company_universe; needs_match_review_low_strength_seen
SP500:CTXS,SP500,CTXS,CTXS,CTXS,US,USD,observed_company_universe,,,covid19_first_wave;russia_ukraine_conflict_2022;israel_palestine_conflict_2023;us_israel_iran_conflict_2025,gdelt_only,unknown,sp500_gdelt_english_news,Citrix;Citrix Systems,observed_company_universe; needs_match_review_low_strength_seen
SP500:CVS,SP500,CVS,CVS Health,CVS Health,US,USD,observed_company_universe,,,covid19_first_wave;russia_ukraine_conflict_2022;israel_palestine_conflict_2023;us_israel_iran_conflict_2025,gdelt_and_supplement,unknown,sp500_gdelt_english_news;sp500_tushare_news,CVS Health,observed_company_universe; needs_match_review_low_strength_seen
SP500:CVX,SP500,CVX,Chevron Corporation,Chevron Corporation,US,USD,observed_company_universe,,,covid19_first_wave;russia_ukraine_conflict_2022;israel_palestine_conflict_2023;us_israel_iran_conflict_2025,main_and_gdelt,unknown,sp500_gdelt_english_news;sp500_news;sp500_tushare_news,雪佛龙;Chevron Corporation;cvx,observed_company_universe; needs_match_review_low_strength_seen
SP500:CXO,SP500,CXO,CXO,CXO,US,USD,observed_company_universe,,,covid19_first_wave;russia_ukraine_conflict_2022;israel_palestine_conflict_2023;us_israel_iran_conflict_2025,gdelt_and_supplement,unknown,sp500_gdelt_english_news;sp500_tushare_news,,observed_company_universe; needs_match_review_low_strength_seen
SP500:CZR,SP500,CZR,CZR,CZR,US,USD,observed_company_universe,,,covid19_first_wave;russia_ukraine_conflict_2022;israel_palestine_conflict_2023;us_israel_iran_conflict_2025,main_and_gdelt,unknown,sp500_gdelt_english_news;sp500_news,,observed_company_universe; needs_match_review_low_strength_seen
SP500:D,SP500,D,Dominion Energy,Dominion Energy,US,USD,observed_company_universe,,,covid19_first_wave;russia_ukraine_conflict_2022;israel_palestine_conflict_2023;us_israel_iran_conflict_2025,main_and_gdelt,unknown,sp500_gdelt_english_news;sp500_news,Dominion Energy,observed_company_universe; sp500_constituent_coverage_audit_available
SP500:DAL,SP500,DAL,Delta Air Lines,Delta Air Lines,US,USD,observed_company_universe,,,covid19_first_wave;russia_ukraine_conflict_2022;israel_palestine_conflict_2023;us_israel_iran_conflict_2025,main_and_gdelt,unknown,sp500_gdelt_english_news;sp500_news;sp500_tushare_news,Delta Air Lines,observed_company_universe; needs_match_review_low_strength_seen
SP500:DASH,SP500,DASH,DoorDash,DoorDash,US,USD,observed_company_universe,,,covid19_first_wave;russia_ukraine_conflict_2022;israel_palestine_conflict_2023;us_israel_iran_conflict_2025,gdelt_and_supplement,unknown,sp500_gdelt_english_news;sp500_tushare_news,DoorDash,observed_company_universe; needs_match_review_low_strength_seen
SP500:DAY,SP500,DAY,Dayforce,Dayforce,US,USD,observed_company_universe,,,covid19_first_wave;russia_ukraine_conflict_2022;israel_palestine_conflict_2023;us_israel_iran_conflict_2025,gdelt_only,unknown,sp500_gdelt_english_news,,observed_company_universe; needs_match_review_low_strength_seen
SP500:DD,SP500,DD,DuPont,DuPont,US,USD,observed_company_universe,,,covid19_first_wave;russia_ukraine_conflict_2022;israel_palestine_conflict_2023;us_israel_iran_conflict_2025,main_and_gdelt,unknown,sp500_gdelt_english_news;sp500_news,DuPont;dd,observed_company_universe; needs_match_review_low_strength_seen
SP500:DE,SP500,DE,Deere & Company,Deere & Company,US,USD,observed_company_universe,,,covid19_first_wave;russia_ukraine_conflict_2022;israel_palestine_conflict_2023;us_israel_iran_conflict_2025,main_only_or_main_plus_supplement,unknown,sp500_news;sp500_tushare_news,迪尔;de,observed_company_universe; sp500_constituent_coverage_audit_available
SP500:DECK,SP500,DECK,Deckers Brands,Deckers Brands,US,USD,observed_company_universe,,,covid19_first_wave;russia_ukraine_conflict_2022;israel_palestine_conflict_2023;us_israel_iran_conflict_2025,main_and_gdelt,unknown,sp500_gdelt_english_news;sp500_news;sp500_tushare_news,deck,observed_company_universe; needs_match_review_low_strength_seen
SP500:DELL,SP500,DELL,Dell Technologies,Dell Technologies,US,USD,observed_company_universe,,,covid19_first_wave;russia_ukraine_conflict_2022;israel_palestine_conflict_2023;us_israel_iran_conflict_2025,main_and_gdelt,unknown,sp500_gdelt_english_news;sp500_news;sp500_tushare_news,戴尔;dell,observed_company_universe; needs_match_review_low_strength_seen
SP500:DFS,SP500,DFS,DFS,DFS,US,USD,observed_company_universe,,,covid19_first_wave;russia_ukraine_conflict_2022;israel_palestine_conflict_2023;us_israel_iran_conflict_2025,main_and_gdelt,unknown,sp500_gdelt_english_news;sp500_news;sp500_tushare_news,dfs,observed_company_universe; needs_match_review_low_strength_seen
SP500:DG,SP500,DG,Dollar General,Dollar General,US,USD,observed_company_universe,,,covid19_first_wave;russia_ukraine_conflict_2022;israel_palestine_conflict_2023;us_israel_iran_conflict_2025,gdelt_only,unknown,sp500_gdelt_english_news,Dollar General,observed_company_universe; sp500_constituent_coverage_audit_available
SP500:DGX,SP500,DGX,Quest Diagnostics,Quest Diagnostics,US,USD,observed_company_universe,,,covid19_first_wave;russia_ukraine_conflict_2022;israel_palestine_conflict_2023;us_israel_iran_conflict_2025,main_and_gdelt,unknown,sp500_gdelt_english_news;sp500_news;sp500_tushare_news,Quest Diagnostics,observed_company_universe; needs_match_review_low_strength_seen
SP500:DHI,SP500,DHI,D. R. Horton,D. R. Horton,US,USD,observed_company_universe,,,covid19_first_wave;russia_ukraine_conflict_2022;israel_palestine_conflict_2023;us_israel_iran_conflict_2025,main_and_gdelt,unknown,sp500_gdelt_english_news;sp500_news,dhi,observed_company_universe; needs_match_review_low_strength_seen
SP500:DHR,SP500,DHR,Danaher Corporation,Danaher Corporation,US,USD,observed_company_universe,,,covid19_first_wave;russia_ukraine_conflict_2022;israel_palestine_conflict_2023;us_israel_iran_conflict_2025,main_and_gdelt,unknown,sp500_gdelt_english_news;sp500_news,dhr;Danaher Corporation,observed_company_universe; needs_match_review_low_strength_seen
SP500:DIS,SP500,DIS,Walt Disney Company (The),Walt Disney Company (The),US,USD,observed_company_universe,,,covid19_first_wave;russia_ukraine_conflict_2022;israel_palestine_conflict_2023;us_israel_iran_conflict_2025,main_and_gdelt,unknown,sp500_gdelt_english_news;sp500_news;sp500_tushare_news,迪士尼;dis;Disney,observed_company_universe; needs_match_review_low_strength_seen
SP500:DISCA,SP500,DISCA,DISCA,DISCA,US,USD,observed_company_universe,,,covid19_first_wave;russia_ukraine_conflict_2022;israel_palestine_conflict_2023;us_israel_iran_conflict_2025,gdelt_and_supplement,unknown,sp500_gdelt_english_news;sp500_tushare_news,Discovery,observed_company_universe; needs_match_review_low_strength_seen
SP500:DISCK,SP500,DISCK,DISCK,DISCK,US,USD,observed_company_universe,,,covid19_first_wave;russia_ukraine_conflict_2022;israel_palestine_conflict_2023;us_israel_iran_conflict_2025,gdelt_and_supplement,unknown,sp500_gdelt_english_news;sp500_tushare_news,Discovery,observed_company_universe; needs_match_review_low_strength_seen
SP500:DISH,SP500,DISH,DISH,DISH,US,USD,observed_company_universe,,,covid19_first_wave;russia_ukraine_conflict_2022;israel_palestine_conflict_2023;us_israel_iran_conflict_2025,main_and_gdelt,unknown,sp500_gdelt_english_news;sp500_news;sp500_tushare_news,,observed_company_universe; needs_match_review_low_strength_seen
SP500:DLR,SP500,DLR,Digital Realty,Digital Realty,US,USD,observed_company_universe,,,covid19_first_wave;russia_ukraine_conflict_2022;israel_palestine_conflict_2023;us_israel_iran_conflict_2025,gdelt_only,unknown,sp500_gdelt_english_news,Digital Realty,observed_company_universe; needs_match_review_low_strength_seen
SP500:DLTR,SP500,DLTR,Dollar Tree,Dollar Tree,US,USD,observed_company_universe,,,covid19_first_wave;russia_ukraine_conflict_2022;israel_palestine_conflict_2023;us_israel_iran_conflict_2025,main_and_gdelt,unknown,sp500_gdelt_english_news;sp500_news;sp500_tushare_news,Dollar Tree;dltr,observed_company_universe; sp500_constituent_coverage_audit_available
SP500:DOC,SP500,DOC,Healthpeak Properties,Healthpeak Properties,US,USD,observed_company_universe,,,covid19_first_wave;russia_ukraine_conflict_2022;israel_palestine_conflict_2023;us_israel_iran_conflict_2025,main_and_gdelt,unknown,sp500_gdelt_english_news;sp500_news,,observed_company_universe; needs_match_review_low_strength_seen
SP500:DOV,SP500,DOV,Dover Corporation,Dover Corporation,US,USD,observed_company_universe,,,covid19_first_wave;russia_ukraine_conflict_2022;israel_palestine_conflict_2023;us_israel_iran_conflict_2025,main_and_gdelt,unknown,sp500_gdelt_english_news;sp500_news,,observed_company_universe; needs_match_review_low_strength_seen
SP500:DOW,SP500,DOW,Dow Inc.,Dow Inc.,US,USD,observed_company_universe,,,covid19_first_wave;russia_ukraine_conflict_2022;israel_palestine_conflict_2023;us_israel_iran_conflict_2025,main_and_gdelt,unknown,sp500_gdelt_english_news;sp500_news;sp500_tushare_news,陶氏,observed_company_universe; needs_match_review_low_strength_seen
SP500:DPZ,SP500,DPZ,Domino's,Domino's,US,USD,observed_company_universe,,,covid19_first_wave;russia_ukraine_conflict_2022;israel_palestine_conflict_2023;us_israel_iran_conflict_2025,main_and_gdelt,unknown,sp500_gdelt_english_news;sp500_news,,observed_company_universe; needs_match_review_low_strength_seen
SP500:DRE,SP500,DRE,DRE,DRE,US,USD,observed_company_universe,,,covid19_first_wave;russia_ukraine_conflict_2022;israel_palestine_conflict_2023;us_israel_iran_conflict_2025,gdelt_only,unknown,sp500_gdelt_english_news,,observed_company_universe; needs_match_review_low_strength_seen
SP500:DRI,SP500,DRI,Darden Restaurants,Darden Restaurants,US,USD,observed_company_universe,,,covid19_first_wave;russia_ukraine_conflict_2022;israel_palestine_conflict_2023;us_israel_iran_conflict_2025,gdelt_only,unknown,sp500_gdelt_english_news,,observed_company_universe; needs_match_review_low_strength_seen
SP500:DTE,SP500,DTE,DTE Energy,DTE Energy,US,USD,observed_company_universe,,,covid19_first_wave;russia_ukraine_conflict_2022;israel_palestine_conflict_2023;us_israel_iran_conflict_2025,main_and_gdelt,unknown,sp500_gdelt_english_news;sp500_news,,observed_company_universe; needs_match_review_low_strength_seen
SP500:DUK,SP500,DUK,Duke Energy,Duke Energy,US,USD,observed_company_universe,,,covid19_first_wave;russia_ukraine_conflict_2022;israel_palestine_conflict_2023;us_israel_iran_conflict_2025,main_and_gdelt,unknown,sp500_gdelt_english_news;sp500_news;sp500_tushare_news,,observed_company_universe; needs_match_review_low_strength_seen
SP500:DVA,SP500,DVA,DaVita,DaVita,US,USD,observed_company_universe,,,covid19_first_wave;russia_ukraine_conflict_2022;israel_palestine_conflict_2023;us_israel_iran_conflict_2025,main_and_gdelt,unknown,sp500_gdelt_english_news;sp500_news,,observed_company_universe; needs_match_review_low_strength_seen
SP500:DVN,SP500,DVN,Devon Energy,Devon Energy,US,USD,observed_company_universe,,,covid19_first_wave;russia_ukraine_conflict_2022;israel_palestine_conflict_2023;us_israel_iran_conflict_2025,main_and_gdelt,unknown,sp500_gdelt_english_news;sp500_news;sp500_tushare_news,Devon Energy,observed_company_universe; needs_match_review_low_strength_seen
SP500:DXC,SP500,DXC,DXC,DXC,US,USD,observed_company_universe,,,covid19_first_wave;russia_ukraine_conflict_2022;israel_palestine_conflict_2023;us_israel_iran_conflict_2025,main_and_gdelt,unknown,sp500_gdelt_english_news;sp500_news,,observed_company_universe; needs_match_review_low_strength_seen
SP500:DXCM,SP500,DXCM,Dexcom,Dexcom,US,USD,observed_company_universe,,,covid19_first_wave;russia_ukraine_conflict_2022;israel_palestine_conflict_2023;us_israel_iran_conflict_2025,main_and_gdelt,unknown,sp500_gdelt_english_news;sp500_news;sp500_tushare_news,Dexcom,observed_company_universe; needs_match_review_low_strength_seen
SP500:EA,SP500,EA,Electronic Arts,Electronic Arts,US,USD,observed_company_universe,,,covid19_first_wave;russia_ukraine_conflict_2022;israel_palestine_conflict_2023;us_israel_iran_conflict_2025,main_and_gdelt,unknown,sp500_gdelt_english_news;sp500_news,Electronic Arts,observed_company_universe; sp500_constituent_coverage_audit_available
SP500:EBAY,SP500,EBAY,eBay Inc.,eBay Inc.,US,USD,observed_company_universe,,,covid19_first_wave;russia_ukraine_conflict_2022;israel_palestine_conflict_2023;us_israel_iran_conflict_2025,main_and_gdelt,unknown,sp500_gdelt_english_news;sp500_news;sp500_tushare_news,,observed_company_universe; needs_match_review_low_strength_seen
SP500:ECL,SP500,ECL,Ecolab,Ecolab,US,USD,observed_company_universe,,,covid19_first_wave;russia_ukraine_conflict_2022;israel_palestine_conflict_2023;us_israel_iran_conflict_2025,main_and_gdelt,unknown,sp500_gdelt_english_news;sp500_news,,observed_company_universe; needs_match_review_low_strength_seen
SP500:ED,SP500,ED,Consolidated Edison,Consolidated Edison,US,USD,observed_company_universe,,,covid19_first_wave;russia_ukraine_conflict_2022;israel_palestine_conflict_2023;us_israel_iran_conflict_2025,main_and_gdelt,unknown,sp500_gdelt_english_news;sp500_news,Consolidated Edison,observed_company_universe; sp500_constituent_coverage_audit_available
SP500:EFX,SP500,EFX,Equifax,Equifax,US,USD,observed_company_universe,,,covid19_first_wave;russia_ukraine_conflict_2022;israel_palestine_conflict_2023;us_israel_iran_conflict_2025,main_and_gdelt,unknown,sp500_gdelt_english_news;sp500_news,Equifax,observed_company_universe; needs_match_review_low_strength_seen
SP500:EG,SP500,EG,Everest Group,Everest Group,US,USD,observed_company_universe,,,covid19_first_wave;russia_ukraine_conflict_2022;israel_palestine_conflict_2023;us_israel_iran_conflict_2025,gdelt_only,unknown,sp500_gdelt_english_news,Everest Group,observed_company_universe; sp500_constituent_coverage_audit_available
SP500:EIX,SP500,EIX,Edison International,Edison International,US,USD,observed_company_universe,,,covid19_first_wave;russia_ukraine_conflict_2022;israel_palestine_conflict_2023;us_israel_iran_conflict_2025,main_and_gdelt,unknown,sp500_gdelt_english_news;sp500_news,eix;Edison International,observed_company_universe; needs_match_review_low_strength_seen
SP500:EL,SP500,EL,Estée Lauder Companies (The),Estée Lauder Companies (The),US,USD,observed_company_universe,,,covid19_first_wave;russia_ukraine_conflict_2022;israel_palestine_conflict_2023;us_israel_iran_conflict_2025,main_and_gdelt,unknown,sp500_gdelt_english_news;sp500_news,ESTEE LAUDER COMPANIES INC;el,observed_company_universe; sp500_constituent_coverage_audit_available
SP500:ELV,SP500,ELV,Elevance Health,Elevance Health,US,USD,observed_company_universe,,,covid19_first_wave;russia_ukraine_conflict_2022;israel_palestine_conflict_2023;us_israel_iran_conflict_2025,gdelt_only,unknown,sp500_gdelt_english_news,,observed_company_universe; needs_match_review_low_strength_seen
SP500:EMN,SP500,EMN,EMN,EMN,US,USD,observed_company_universe,,,covid19_first_wave;russia_ukraine_conflict_2022;israel_palestine_conflict_2023;us_israel_iran_conflict_2025,main_and_gdelt,unknown,sp500_gdelt_english_news;sp500_news;sp500_tushare_news,emn,observed_company_universe; needs_match_review_low_strength_seen
SP500:EMR,SP500,EMR,Emerson Electric,Emerson Electric,US,USD,observed_company_universe,,,covid19_first_wave;russia_ukraine_conflict_2022;israel_palestine_conflict_2023;us_israel_iran_conflict_2025,main_and_gdelt,unknown,sp500_gdelt_english_news;sp500_news,emr;Emerson Electric,observed_company_universe; needs_match_review_low_strength_seen
SP500:ENPH,SP500,ENPH,ENPH,ENPH,US,USD,observed_company_universe,,,covid19_first_wave;russia_ukraine_conflict_2022;israel_palestine_conflict_2023;us_israel_iran_conflict_2025,main_and_gdelt,unknown,sp500_gdelt_english_news;sp500_news;sp500_tushare_news,enph,observed_company_universe; needs_match_review_low_strength_seen
SP500:EOG,SP500,EOG,EOG Resources,EOG Resources,US,USD,observed_company_universe,,,covid19_first_wave;russia_ukraine_conflict_2022;israel_palestine_conflict_2023;us_israel_iran_conflict_2025,main_and_gdelt,unknown,sp500_gdelt_english_news;sp500_news,eog,observed_company_universe; needs_match_review_low_strength_seen
SP500:EPAM,SP500,EPAM,EPAM Systems,EPAM Systems,US,USD,observed_company_universe,,,covid19_first_wave;russia_ukraine_conflict_2022;israel_palestine_conflict_2023;us_israel_iran_conflict_2025,main_and_gdelt,unknown,sp500_gdelt_english_news;sp500_news,epam,observed_company_universe; needs_match_review_low_strength_seen
SP500:EQIX,SP500,EQIX,Equinix,Equinix,US,USD,observed_company_universe,,,covid19_first_wave;russia_ukraine_conflict_2022;israel_palestine_conflict_2023;us_israel_iran_conflict_2025,gdelt_only,unknown,sp500_gdelt_english_news,Equinix,observed_company_universe; needs_match_review_low_strength_seen
SP500:EQR,SP500,EQR,Equity Residential,Equity Residential,US,USD,observed_company_universe,,,covid19_first_wave;russia_ukraine_conflict_2022;israel_palestine_conflict_2023;us_israel_iran_conflict_2025,main_and_gdelt,unknown,sp500_gdelt_english_news;sp500_news,Equity Residential;eqr,observed_company_universe; needs_match_review_low_strength_seen
SP500:EQT,SP500,EQT,EQT Corporation,EQT Corporation,US,USD,observed_company_universe,,,covid19_first_wave;russia_ukraine_conflict_2022;israel_palestine_conflict_2023;us_israel_iran_conflict_2025,main_and_gdelt,unknown,sp500_gdelt_english_news;sp500_news,eqt,observed_company_universe; needs_match_review_low_strength_seen
SP500:ERIE,SP500,ERIE,Erie Indemnity,Erie Indemnity,US,USD,observed_company_universe,,,covid19_first_wave;russia_ukraine_conflict_2022;israel_palestine_conflict_2023;us_israel_iran_conflict_2025,main_and_gdelt,unknown,sp500_gdelt_english_news;sp500_news,,observed_company_universe; needs_match_review_low_strength_seen
SP500:ES,SP500,ES,Eversource Energy,Eversource Energy,US,USD,observed_company_universe,,,covid19_first_wave;russia_ukraine_conflict_2022;israel_palestine_conflict_2023;us_israel_iran_conflict_2025,main_and_gdelt,unknown,sp500_gdelt_english_news;sp500_news,Eversource Energy,observed_company_universe; sp500_constituent_coverage_audit_available
SP500:ESS,SP500,ESS,Essex Property Trust,Essex Property Trust,US,USD,observed_company_universe,,,covid19_first_wave;russia_ukraine_conflict_2022;israel_palestine_conflict_2023;us_israel_iran_conflict_2025,main_and_gdelt,unknown,sp500_gdelt_english_news;sp500_news,,observed_company_universe; sp500_constituent_coverage_audit_available
SP500:ETFC,SP500,ETFC,ETFC,ETFC,US,USD,observed_company_universe,,,covid19_first_wave;russia_ukraine_conflict_2022;israel_palestine_conflict_2023;us_israel_iran_conflict_2025,gdelt_and_supplement,unknown,sp500_gdelt_english_news;sp500_tushare_news,E TRADE;E-Trade;ETrade;E*TRADE,observed_company_universe; needs_match_review_low_strength_seen
SP500:ETN,SP500,ETN,Eaton Corporation,Eaton Corporation,US,USD,observed_company_universe,,,covid19_first_wave;russia_ukraine_conflict_2022;israel_palestine_conflict_2023;us_israel_iran_conflict_2025,main_and_gdelt,unknown,sp500_gdelt_english_news;sp500_news;sp500_tushare_news,Eaton Corporation,observed_company_universe; needs_match_review_low_strength_seen
SP500:ETR,SP500,ETR,Entergy,Entergy,US,USD,observed_company_universe,,,covid19_first_wave;russia_ukraine_conflict_2022;israel_palestine_conflict_2023;us_israel_iran_conflict_2025,main_and_gdelt,unknown,sp500_gdelt_english_news;sp500_news,,observed_company_universe; needs_match_review_low_strength_seen
SP500:EVRG,SP500,EVRG,Evergy,Evergy,US,USD,observed_company_universe,,,covid19_first_wave;russia_ukraine_conflict_2022;israel_palestine_conflict_2023;us_israel_iran_conflict_2025,main_and_gdelt,unknown,sp500_gdelt_english_news;sp500_news,Evergy,observed_company_universe; needs_match_review_low_strength_seen
SP500:EW,SP500,EW,Edwards Lifesciences,Edwards Lifesciences,US,USD,observed_company_universe,,,covid19_first_wave;russia_ukraine_conflict_2022;israel_palestine_conflict_2023;us_israel_iran_conflict_2025,main_and_gdelt,unknown,sp500_gdelt_english_news;sp500_news,Edwards Lifesciences,observed_company_universe; sp500_constituent_coverage_audit_available
SP500:EXC,SP500,EXC,Exelon,Exelon,US,USD,observed_company_universe,,,covid19_first_wave;russia_ukraine_conflict_2022;israel_palestine_conflict_2023;us_israel_iran_conflict_2025,main_and_gdelt,unknown,sp500_gdelt_english_news;sp500_news,,observed_company_universe; needs_match_review_low_strength_seen
SP500:EXE,SP500,EXE,Expand Energy,Expand Energy,US,USD,observed_company_universe,,,covid19_first_wave;russia_ukraine_conflict_2022;israel_palestine_conflict_2023;us_israel_iran_conflict_2025,gdelt_and_supplement,unknown,sp500_gdelt_english_news;sp500_tushare_news,,observed_company_universe; needs_match_review_low_strength_seen
SP500:EXPD,SP500,EXPD,Expeditors International,Expeditors International,US,USD,observed_company_universe,,,covid19_first_wave;russia_ukraine_conflict_2022;israel_palestine_conflict_2023;us_israel_iran_conflict_2025,gdelt_only,unknown,sp500_gdelt_english_news,Expeditors International,observed_company_universe; needs_match_review_low_strength_seen
SP500:EXPE,SP500,EXPE,Expedia Group,Expedia Group,US,USD,observed_company_universe,,,covid19_first_wave;russia_ukraine_conflict_2022;israel_palestine_conflict_2023;us_israel_iran_conflict_2025,main_and_gdelt,unknown,sp500_gdelt_english_news;sp500_news,expe,observed_company_universe; needs_match_review_low_strength_seen
SP500:EXR,SP500,EXR,Extra Space Storage,Extra Space Storage,US,USD,observed_company_universe,,,covid19_first_wave;russia_ukraine_conflict_2022;israel_palestine_conflict_2023;us_israel_iran_conflict_2025,main_and_gdelt,unknown,sp500_gdelt_english_news;sp500_news,exr;Extra Space Storage,observed_company_universe; needs_match_review_low_strength_seen
SP500:F,SP500,F,Ford Motor Company,Ford Motor Company,US,USD,observed_company_universe,,,covid19_first_wave;russia_ukraine_conflict_2022;israel_palestine_conflict_2023;us_israel_iran_conflict_2025,main_and_gdelt,unknown,sp500_gdelt_english_news;sp500_news;sp500_tushare_news,福特汽车;Ford Motor Company;f,observed_company_universe; sp500_constituent_coverage_audit_available
SP500:FANG,SP500,FANG,Diamondback Energy,Diamondback Energy,US,USD,observed_company_universe,,,covid19_first_wave;russia_ukraine_conflict_2022;israel_palestine_conflict_2023;us_israel_iran_conflict_2025,main_and_gdelt,unknown,sp500_gdelt_english_news;sp500_news;sp500_tushare_news,fang;Diamondback Energy,observed_company_universe; needs_match_review_low_strength_seen
SP500:FAST,SP500,FAST,Fastenal,Fastenal,US,USD,observed_company_universe,,,covid19_first_wave;russia_ukraine_conflict_2022;israel_palestine_conflict_2023;us_israel_iran_conflict_2025,main_and_gdelt,unknown,sp500_gdelt_english_news;sp500_news,fast,observed_company_universe; needs_match_review_low_strength_seen
SP500:FB,SP500,FB,FB,FB,US,USD,observed_company_universe,,,covid19_first_wave;russia_ukraine_conflict_2022;israel_palestine_conflict_2023;us_israel_iran_conflict_2025,supplement_only,unknown,sp500_tushare_news,脸书;Facebook,observed_company_universe; sp500_constituent_coverage_audit_available
SP500:FBHS,SP500,FBHS,FBHS,FBHS,US,USD,observed_company_universe,,,covid19_first_wave;russia_ukraine_conflict_2022;israel_palestine_conflict_2023;us_israel_iran_conflict_2025,gdelt_only,unknown,sp500_gdelt_english_news,Fortune Brands,observed_company_universe; needs_match_review_low_strength_seen
SP500:FCX,SP500,FCX,Freeport-McMoRan,Freeport-McMoRan,US,USD,observed_company_universe,,,covid19_first_wave;russia_ukraine_conflict_2022;israel_palestine_conflict_2023;us_israel_iran_conflict_2025,gdelt_and_supplement,unknown,sp500_gdelt_english_news;sp500_tushare_news,Freeport-McMoRan,observed_company_universe; needs_match_review_low_strength_seen
SP500:FDS,SP500,FDS,FactSet,FactSet,US,USD,observed_company_universe,,,covid19_first_wave;russia_ukraine_conflict_2022;israel_palestine_conflict_2023;us_israel_iran_conflict_2025,main_and_gdelt,unknown,sp500_gdelt_english_news;sp500_news,FactSet;FACTSET RESEARCH SYSTEMS INC;fds,observed_company_universe; needs_match_review_low_strength_seen
SP500:FDX,SP500,FDX,FedEx,FedEx,US,USD,observed_company_universe,,,covid19_first_wave;russia_ukraine_conflict_2022;israel_palestine_conflict_2023;us_israel_iran_conflict_2025,main_and_gdelt,unknown,sp500_gdelt_english_news;sp500_news;sp500_tushare_news,FedEx;fdx,observed_company_universe; needs_match_review_low_strength_seen
SP500:FE,SP500,FE,FirstEnergy,FirstEnergy,US,USD,observed_company_universe,,,covid19_first_wave;russia_ukraine_conflict_2022;israel_palestine_conflict_2023;us_israel_iran_conflict_2025,gdelt_only,unknown,sp500_gdelt_english_news,FirstEnergy,observed_company_universe; needs_match_review_low_strength_seen
SP500:FFIV,SP500,FFIV,"F5, Inc.","F5, Inc.",US,USD,observed_company_universe,,,covid19_first_wave;russia_ukraine_conflict_2022;israel_palestine_conflict_2023;us_israel_iran_conflict_2025,main_and_gdelt,unknown,sp500_gdelt_english_news;sp500_news,ffiv,observed_company_universe; needs_match_review_low_strength_seen
SP500:FI,SP500,FI,FI,FI,US,USD,observed_company_universe,,,covid19_first_wave;israel_palestine_conflict_2023;us_israel_iran_conflict_2025,main_only_or_main_plus_supplement,unknown,sp500_news,fi,observed_company_universe; sp500_constituent_coverage_audit_available
SP500:FICO,SP500,FICO,Fair Isaac,Fair Isaac,US,USD,observed_company_universe,,,covid19_first_wave;russia_ukraine_conflict_2022;israel_palestine_conflict_2023;us_israel_iran_conflict_2025,main_and_gdelt,unknown,sp500_gdelt_english_news;sp500_news,fico;Fair Isaac,observed_company_universe; needs_match_review_low_strength_seen
SP500:FIS,SP500,FIS,Fidelity National Information Services,Fidelity National Information Services,US,USD,observed_company_universe,,,covid19_first_wave;russia_ukraine_conflict_2022;israel_palestine_conflict_2023;us_israel_iran_conflict_2025,main_and_gdelt,unknown,sp500_gdelt_english_news;sp500_news;sp500_tushare_news,fis,observed_company_universe; needs_match_review_low_strength_seen
SP500:FISV,SP500,FISV,Fiserv,Fiserv,US,USD,observed_company_universe,,,covid19_first_wave;russia_ukraine_conflict_2022;israel_palestine_conflict_2023;us_israel_iran_conflict_2025,main_and_gdelt,unknown,sp500_gdelt_english_news;sp500_news,Fiserv;fi;FI;FISERV INC,observed_company_universe; needs_match_review_low_strength_seen
SP500:FITB,SP500,FITB,Fifth Third Bancorp,Fifth Third Bancorp,US,USD,observed_company_universe,,,covid19_first_wave;russia_ukraine_conflict_2022;israel_palestine_conflict_2023;us_israel_iran_conflict_2025,main_and_gdelt,unknown,sp500_gdelt_english_news;sp500_news,Fifth Third Bancorp;fitb,observed_company_universe; needs_match_review_low_strength_seen
SP500:FLIR,SP500,FLIR,FLIR,FLIR,US,USD,observed_company_universe,,,covid19_first_wave;russia_ukraine_conflict_2022;israel_palestine_conflict_2023;us_israel_iran_conflict_2025,gdelt_only,unknown,sp500_gdelt_english_news,,observed_company_universe; needs_match_review_low_strength_seen
SP500:FLS,SP500,FLS,FLS,FLS,US,USD,observed_company_universe,,,covid19_first_wave;russia_ukraine_conflict_2022;israel_palestine_conflict_2023;us_israel_iran_conflict_2025,main_and_gdelt,unknown,sp500_gdelt_english_news;sp500_news,fls,observed_company_universe; needs_match_review_low_strength_seen
SP500:FLT,SP500,FLT,FLT,FLT,US,USD,observed_company_universe,,,covid19_first_wave;russia_ukraine_conflict_2022;israel_palestine_conflict_2023;us_israel_iran_conflict_2025,main_and_gdelt,unknown,sp500_gdelt_english_news;sp500_news,,observed_company_universe; needs_match_review_low_strength_seen
SP500:FMC,SP500,FMC,FMC,FMC,US,USD,observed_company_universe,,,covid19_first_wave;russia_ukraine_conflict_2022;israel_palestine_conflict_2023;us_israel_iran_conflict_2025,main_and_gdelt,unknown,sp500_gdelt_english_news;sp500_news,fmc,observed_company_universe; needs_match_review_low_strength_seen
SP500:FOX,SP500,FOX,Fox Corporation (Class B),Fox Corporation (Class B),US,USD,observed_company_universe,,,covid19_first_wave;russia_ukraine_conflict_2022;israel_palestine_conflict_2023;us_israel_iran_conflict_2025,main_and_gdelt,unknown,sp500_gdelt_english_news;sp500_news;sp500_tushare_news,fox,observed_company_universe; needs_match_review_low_strength_seen
SP500:FOXA,SP500,FOXA,Fox Corporation (Class A),Fox Corporation (Class A),US,USD,observed_company_universe,,,covid19_first_wave;russia_ukraine_conflict_2022;israel_palestine_conflict_2023;us_israel_iran_conflict_2025,main_and_gdelt,unknown,sp500_gdelt_english_news;sp500_news;sp500_tushare_news,Fox Corp;Fox Corporation;foxa,observed_company_universe; needs_match_review_low_strength_seen
SP500:FRC,SP500,FRC,FRC,FRC,US,USD,observed_company_universe,,,covid19_first_wave;russia_ukraine_conflict_2022;israel_palestine_conflict_2023;us_israel_iran_conflict_2025,gdelt_only,unknown,sp500_gdelt_english_news,,observed_company_universe; needs_match_review_low_strength_seen
SP500:FRT,SP500,FRT,Federal Realty Investment Trust,Federal Realty Investment Trust,US,USD,observed_company_universe,,,covid19_first_wave;russia_ukraine_conflict_2022;israel_palestine_conflict_2023;us_israel_iran_conflict_2025,main_and_gdelt,unknown,sp500_gdelt_english_news;sp500_news,frt;Federal Realty Investment Trust,observed_company_universe; needs_match_review_low_strength_seen
SP500:FSLR,SP500,FSLR,First Solar,First Solar,US,USD,observed_company_universe,,,covid19_first_wave;russia_ukraine_conflict_2022;israel_palestine_conflict_2023;us_israel_iran_conflict_2025,main_and_gdelt,unknown,sp500_gdelt_english_news;sp500_news;sp500_tushare_news,First Solar;fslr,observed_company_universe; needs_match_review_low_strength_seen
SP500:FTI,SP500,FTI,FTI,FTI,US,USD,observed_company_universe,,,covid19_first_wave;russia_ukraine_conflict_2022;israel_palestine_conflict_2023;us_israel_iran_conflict_2025,main_and_gdelt,unknown,sp500_gdelt_english_news;sp500_news,fti,observed_company_universe; needs_match_review_low_strength_seen
SP500:FTNT,SP500,FTNT,Fortinet,Fortinet,US,USD,observed_company_universe,,,covid19_first_wave;russia_ukraine_conflict_2022;israel_palestine_conflict_2023;us_israel_iran_conflict_2025,main_and_gdelt,unknown,sp500_gdelt_english_news;sp500_news;sp500_tushare_news,Fortinet;ftnt,observed_company_universe; needs_match_review_low_strength_seen
SP500:FTV,SP500,FTV,Fortive,Fortive,US,USD,observed_company_universe,,,covid19_first_wave;russia_ukraine_conflict_2022;israel_palestine_conflict_2023;us_israel_iran_conflict_2025,main_and_gdelt,unknown,sp500_gdelt_english_news;sp500_news,ftv,observed_company_universe; needs_match_review_low_strength_seen
SP500:GD,SP500,GD,General Dynamics,General Dynamics,US,USD,observed_company_universe,,,covid19_first_wave;russia_ukraine_conflict_2022;israel_palestine_conflict_2023;us_israel_iran_conflict_2025,gdelt_only,unknown,sp500_gdelt_english_news,General Dynamics,observed_company_universe; sp500_constituent_coverage_audit_available
SP500:GDDY,SP500,GDDY,GoDaddy,GoDaddy,US,USD,observed_company_universe,,,covid19_first_wave;russia_ukraine_conflict_2022;israel_palestine_conflict_2023;us_israel_iran_conflict_2025,main_and_gdelt,unknown,sp500_gdelt_english_news;sp500_news,GoDaddy;GoDaddy Inc;gddy,observed_company_universe; needs_match_review_low_strength_seen
SP500:GE,SP500,GE,GE Aerospace,GE Aerospace,US,USD,observed_company_universe,,,covid19_first_wave;russia_ukraine_conflict_2022;israel_palestine_conflict_2023;us_israel_iran_conflict_2025,main_and_gdelt,unknown,sp500_gdelt_english_news;sp500_news;sp500_tushare_news,通用电气;GE Aerospace;ge,observed_company_universe; sp500_constituent_coverage_audit_available
SP500:GEHC,SP500,GEHC,GE HealthCare,GE HealthCare,US,USD,observed_company_universe,,,covid19_first_wave;russia_ukraine_conflict_2022;israel_palestine_conflict_2023;us_israel_iran_conflict_2025,gdelt_and_supplement,unknown,sp500_gdelt_english_news;sp500_tushare_news,GE HealthCare,observed_company_universe; needs_match_review_low_strength_seen
SP500:GEN,SP500,GEN,Gen Digital,Gen Digital,US,USD,observed_company_universe,,,covid19_first_wave;russia_ukraine_conflict_2022;israel_palestine_conflict_2023;us_israel_iran_conflict_2025,main_and_gdelt,unknown,sp500_gdelt_english_news;sp500_news;sp500_tushare_news,gen,observed_company_universe; needs_match_review_low_strength_seen
SP500:GEV,SP500,GEV,GE Vernova,GE Vernova,US,USD,observed_company_universe,,,covid19_first_wave;russia_ukraine_conflict_2022;israel_palestine_conflict_2023;us_israel_iran_conflict_2025,gdelt_and_supplement,unknown,sp500_gdelt_english_news;sp500_tushare_news,GE Vernova,observed_company_universe; needs_match_review_low_strength_seen
SP500:GILD,SP500,GILD,Gilead Sciences,Gilead Sciences,US,USD,observed_company_universe,,,covid19_first_wave;russia_ukraine_conflict_2022;israel_palestine_conflict_2023;us_israel_iran_conflict_2025,main_and_gdelt,unknown,sp500_gdelt_english_news;sp500_news;sp500_tushare_news,吉利德;gild;Gilead Sciences,observed_company_universe; needs_match_review_low_strength_seen
SP500:GIS,SP500,GIS,General Mills,General Mills,US,USD,observed_company_universe,,,covid19_first_wave;russia_ukraine_conflict_2022;israel_palestine_conflict_2023;us_israel_iran_conflict_2025,main_and_gdelt,unknown,sp500_gdelt_english_news;sp500_news;sp500_tushare_news,gis;General Mills,observed_company_universe; needs_match_review_low_strength_seen
SP500:GL,SP500,GL,Globe Life,Globe Life,US,USD,observed_company_universe,,,covid19_first_wave;russia_ukraine_conflict_2022;israel_palestine_conflict_2023;us_israel_iran_conflict_2025,main_and_gdelt,unknown,sp500_gdelt_english_news;sp500_news,Globe Life;gl,observed_company_universe; sp500_constituent_coverage_audit_available
SP500:GLW,SP500,GLW,Corning Inc.,Corning Inc.,US,USD,observed_company_universe,,,covid19_first_wave;russia_ukraine_conflict_2022;israel_palestine_conflict_2023;us_israel_iran_conflict_2025,main_and_gdelt,unknown,sp500_gdelt_english_news;sp500_news,Corning Inc;glw,observed_company_universe; needs_match_review_low_strength_seen
SP500:GM,SP500,GM,General Motors,General Motors,US,USD,observed_company_universe,,,covid19_first_wave;russia_ukraine_conflict_2022;israel_palestine_conflict_2023;us_israel_iran_conflict_2025,main_and_gdelt,unknown,sp500_gdelt_english_news;sp500_news;sp500_tushare_news,通用汽车;General Motors;gm,observed_company_universe; sp500_constituent_coverage_audit_available
SP500:GNRC,SP500,GNRC,Generac,Generac,US,USD,observed_company_universe,,,covid19_first_wave;russia_ukraine_conflict_2022;israel_palestine_conflict_2023;us_israel_iran_conflict_2025,main_and_gdelt,unknown,sp500_gdelt_english_news;sp500_news,Generac;gnrc,observed_company_universe; needs_match_review_low_strength_seen
SP500:GOOG,SP500,GOOG,Alphabet Inc. (Class C),Alphabet Inc. (Class C),US,USD,observed_company_universe,,,covid19_first_wave;russia_ukraine_conflict_2022;israel_palestine_conflict_2023;us_israel_iran_conflict_2025,main_and_gdelt,unknown,sp500_gdelt_english_news;sp500_news;sp500_tushare_news,谷歌;goog,observed_company_universe; needs_match_review_low_strength_seen
SP500:GOOGL,SP500,GOOGL,Alphabet Inc. (Class A),Alphabet Inc. (Class A),US,USD,observed_company_universe,,,covid19_first_wave;russia_ukraine_conflict_2022;israel_palestine_conflict_2023;us_israel_iran_conflict_2025,main_and_gdelt,unknown,sp500_gdelt_english_news;sp500_news;sp500_tushare_news,谷歌;GOOG;goog,observed_company_universe; needs_match_review_low_strength_seen
SP500:GPC,SP500,GPC,Genuine Parts Company,Genuine Parts Company,US,USD,observed_company_universe,,,covid19_first_wave;russia_ukraine_conflict_2022;israel_palestine_conflict_2023;us_israel_iran_conflict_2025,main_and_gdelt,unknown,sp500_gdelt_english_news;sp500_news,Genuine Parts Company;gpc,observed_company_universe; needs_match_review_low_strength_seen
SP500:GPN,SP500,GPN,Global Payments,Global Payments,US,USD,observed_company_universe,,,covid19_first_wave;russia_ukraine_conflict_2022;israel_palestine_conflict_2023;us_israel_iran_conflict_2025,main_and_gdelt,unknown,sp500_gdelt_english_news;sp500_news,Global Payments;gpn,observed_company_universe; needs_match_review_low_strength_seen
SP500:GPS,SP500,GPS,GPS,GPS,US,USD,observed_company_universe,,,covid19_first_wave;russia_ukraine_conflict_2022;israel_palestine_conflict_2023;us_israel_iran_conflict_2025,gdelt_and_supplement,unknown,sp500_gdelt_english_news;sp500_tushare_news,,observed_company_universe; needs_match_review_low_strength_seen
SP500:GRMN,SP500,GRMN,Garmin,Garmin,US,USD,observed_company_universe,,,covid19_first_wave;russia_ukraine_conflict_2022;israel_palestine_conflict_2023;us_israel_iran_conflict_2025,main_and_gdelt,unknown,sp500_gdelt_english_news;sp500_news,Garmin;grmn,observed_company_universe; needs_match_review_low_strength_seen
SP500:GS,SP500,GS,Goldman Sachs,Goldman Sachs,US,USD,observed_company_universe,,,covid19_first_wave;russia_ukraine_conflict_2022;israel_palestine_conflict_2023;us_israel_iran_conflict_2025,main_and_gdelt,unknown,sp500_gdelt_english_news;sp500_news;sp500_tushare_news,高盛;Goldman Sachs;gs,observed_company_universe; sp500_constituent_coverage_audit_available
SP500:GWW,SP500,GWW,W. W. Grainger,W. W. Grainger,US,USD,observed_company_universe,,,covid19_first_wave;russia_ukraine_conflict_2022;israel_palestine_conflict_2023;us_israel_iran_conflict_2025,main_and_gdelt,unknown,sp500_gdelt_english_news;sp500_news,gww,observed_company_universe; needs_match_review_low_strength_seen
SP500:HAL,SP500,HAL,Halliburton,Halliburton,US,USD,observed_company_universe,,,covid19_first_wave;russia_ukraine_conflict_2022;israel_palestine_conflict_2023;us_israel_iran_conflict_2025,main_and_gdelt,unknown,sp500_gdelt_english_news;sp500_news;sp500_tushare_news,hal;哈里伯顿,observed_company_universe; needs_match_review_low_strength_seen
SP500:HAS,SP500,HAS,Hasbro,Hasbro,US,USD,observed_company_universe,,,covid19_first_wave;russia_ukraine_conflict_2022;israel_palestine_conflict_2023;us_israel_iran_conflict_2025,main_and_gdelt,unknown,sp500_gdelt_english_news;sp500_news,has,observed_company_universe; needs_match_review_low_strength_seen
SP500:HBAN,SP500,HBAN,Huntington Bancshares,Huntington Bancshares,US,USD,observed_company_universe,,,covid19_first_wave;russia_ukraine_conflict_2022;israel_palestine_conflict_2023;us_israel_iran_conflict_2025,main_and_gdelt,unknown,sp500_gdelt_english_news;sp500_news,hban;Huntington Bancshares,observed_company_universe; needs_match_review_low_strength_seen
SP500:HBI,SP500,HBI,HBI,HBI,US,USD,observed_company_universe,,,covid19_first_wave;russia_ukraine_conflict_2022;israel_palestine_conflict_2023;us_israel_iran_conflict_2025,main_and_gdelt,unknown,sp500_gdelt_english_news;sp500_news,hbi,observed_company_universe; needs_match_review_low_strength_seen
SP500:HCA,SP500,HCA,HCA Healthcare,HCA Healthcare,US,USD,observed_company_universe,,,covid19_first_wave;russia_ukraine_conflict_2022;israel_palestine_conflict_2023;us_israel_iran_conflict_2025,main_and_gdelt,unknown,sp500_gdelt_english_news;sp500_news,hca,observed_company_universe; needs_match_review_low_strength_seen
SP500:HD,SP500,HD,Home Depot (The),Home Depot (The),US,USD,observed_company_universe,,,covid19_first_wave;russia_ukraine_conflict_2022;us_israel_iran_conflict_2025,supplement_only,unknown,sp500_tushare_news,家得宝,observed_company_universe; sp500_constituent_coverage_audit_available
SP500:HES,SP500,HES,HES,HES,US,USD,observed_company_universe,,,covid19_first_wave;russia_ukraine_conflict_2022;israel_palestine_conflict_2023;us_israel_iran_conflict_2025,main_and_gdelt,unknown,sp500_gdelt_english_news;sp500_news;sp500_tushare_news,hes,observed_company_universe; needs_match_review_low_strength_seen
SP500:HFC,SP500,HFC,HFC,HFC,US,USD,observed_company_universe,,,covid19_first_wave;russia_ukraine_conflict_2022;israel_palestine_conflict_2023;us_israel_iran_conflict_2025,gdelt_only,unknown,sp500_gdelt_english_news,,observed_company_universe; needs_match_review_low_strength_seen
SP500:HIG,SP500,HIG,Hartford (The),Hartford (The),US,USD,observed_company_universe,,,covid19_first_wave;russia_ukraine_conflict_2022;israel_palestine_conflict_2023;us_israel_iran_conflict_2025,main_and_gdelt,unknown,sp500_gdelt_english_news;sp500_news,Hartford Financial Services;Hartford Financial;hig;The Hartford,observed_company_universe; sp500_constituent_coverage_audit_available
SP500:HII,SP500,HII,Huntington Ingalls Industries,Huntington Ingalls Industries,US,USD,observed_company_universe,,,covid19_first_wave;russia_ukraine_conflict_2022;israel_palestine_conflict_2023;us_israel_iran_conflict_2025,gdelt_only,unknown,sp500_gdelt_english_news,Huntington Ingalls Industries,observed_company_universe; needs_match_review_low_strength_seen
SP500:HLT,SP500,HLT,Hilton Worldwide,Hilton Worldwide,US,USD,observed_company_universe,,,covid19_first_wave;russia_ukraine_conflict_2022;israel_palestine_conflict_2023;us_israel_iran_conflict_2025,gdelt_and_supplement,unknown,sp500_gdelt_english_news;sp500_tushare_news,希尔顿;Hilton Worldwide,observed_company_universe; needs_match_review_low_strength_seen
SP500:HOG,SP500,HOG,HOG,HOG,US,USD,observed_company_universe,,,covid19_first_wave;russia_ukraine_conflict_2022;israel_palestine_conflict_2023;us_israel_iran_conflict_2025,main_and_gdelt,unknown,sp500_gdelt_english_news;sp500_news,hog,observed_company_universe; needs_match_review_low_strength_seen
SP500:HOLX,SP500,HOLX,Hologic,Hologic,US,USD,observed_company_universe,,,covid19_first_wave;russia_ukraine_conflict_2022;israel_palestine_conflict_2023;us_israel_iran_conflict_2025,main_and_gdelt,unknown,sp500_gdelt_english_news;sp500_news;sp500_tushare_news,Hologic;holx,observed_company_universe; needs_match_review_low_strength_seen
SP500:HON,SP500,HON,Honeywell,Honeywell,US,USD,observed_company_universe,,,covid19_first_wave;russia_ukraine_conflict_2022;israel_palestine_conflict_2023;us_israel_iran_conflict_2025,gdelt_and_supplement,unknown,sp500_gdelt_english_news;sp500_tushare_news,霍尼韦尔;Honeywell,observed_company_universe; needs_match_review_low_strength_seen
SP500:HP,SP500,HP,HP,HP,US,USD,observed_company_universe,,,covid19_first_wave;russia_ukraine_conflict_2022;israel_palestine_conflict_2023;us_israel_iran_conflict_2025,main_only_or_main_plus_supplement,unknown,sp500_news,hp,observed_company_universe; sp500_constituent_coverage_audit_available
SP500:HPE,SP500,HPE,Hewlett Packard Enterprise,Hewlett Packard Enterprise,US,USD,observed_company_universe,,,covid19_first_wave;russia_ukraine_conflict_2022;israel_palestine_conflict_2023;us_israel_iran_conflict_2025,main_and_gdelt,unknown,sp500_gdelt_english_news;sp500_news;sp500_tushare_news,hpe;Hewlett Packard Enterprise,observed_company_universe; needs_match_review_low_strength_seen
SP500:HPQ,SP500,HPQ,HP Inc.,HP Inc.,US,USD,observed_company_universe,,,covid19_first_wave;russia_ukraine_conflict_2022;israel_palestine_conflict_2023;us_israel_iran_conflict_2025,main_and_gdelt,unknown,sp500_gdelt_english_news;sp500_news;sp500_tushare_news,HP Inc;hpq,observed_company_universe; needs_match_review_low_strength_seen
SP500:HRB,SP500,HRB,HRB,HRB,US,USD,observed_company_universe,,,covid19_first_wave;russia_ukraine_conflict_2022;israel_palestine_conflict_2023;us_israel_iran_conflict_2025,main_and_gdelt,unknown,sp500_gdelt_english_news;sp500_news,hrb,observed_company_universe; needs_match_review_low_strength_seen
SP500:HRL,SP500,HRL,Hormel Foods,Hormel Foods,US,USD,observed_company_universe,,,covid19_first_wave;russia_ukraine_conflict_2022;israel_palestine_conflict_2023;us_israel_iran_conflict_2025,main_and_gdelt,unknown,sp500_gdelt_english_news;sp500_news,hrl;Hormel Foods,observed_company_universe; needs_match_review_low_strength_seen
SP500:HSIC,SP500,HSIC,Henry Schein,Henry Schein,US,USD,observed_company_universe,,,covid19_first_wave;russia_ukraine_conflict_2022;israel_palestine_conflict_2023;us_israel_iran_conflict_2025,main_and_gdelt,unknown,sp500_gdelt_english_news;sp500_news,Henry Schein;hsic,observed_company_universe; needs_match_review_low_strength_seen
SP500:HST,SP500,HST,Host Hotels & Resorts,Host Hotels & Resorts,US,USD,observed_company_universe,,,covid19_first_wave;russia_ukraine_conflict_2022;israel_palestine_conflict_2023;us_israel_iran_conflict_2025,main_and_gdelt,unknown,sp500_gdelt_english_news;sp500_news;sp500_tushare_news,hst,observed_company_universe; needs_match_review_low_strength_seen
SP500:HSY,SP500,HSY,Hershey Company (The),Hershey Company (The),US,USD,observed_company_universe,,,covid19_first_wave;russia_ukraine_conflict_2022;israel_palestine_conflict_2023;us_israel_iran_conflict_2025,gdelt_only,unknown,sp500_gdelt_english_news,HERSHEY CO,observed_company_universe; needs_match_review_low_strength_seen
SP500:HUBB,SP500,HUBB,Hubbell Incorporated,Hubbell Incorporated,US,USD,observed_company_universe,,,covid19_first_wave;russia_ukraine_conflict_2022;israel_palestine_conflict_2023;us_israel_iran_conflict_2025,main_and_gdelt,unknown,sp500_gdelt_english_news;sp500_news,hubb;HUBBELL INC,observed_company_universe; needs_match_review_low_strength_seen
SP500:HUM,SP500,HUM,Humana,Humana,US,USD,observed_company_universe,,,covid19_first_wave;russia_ukraine_conflict_2022;israel_palestine_conflict_2023;us_israel_iran_conflict_2025,main_and_gdelt,unknown,sp500_gdelt_english_news;sp500_news;sp500_tushare_news,hum,observed_company_universe; needs_match_review_low_strength_seen
SP500:HWM,SP500,HWM,Howmet Aerospace,Howmet Aerospace,US,USD,observed_company_universe,,,covid19_first_wave;russia_ukraine_conflict_2022;israel_palestine_conflict_2023;us_israel_iran_conflict_2025,gdelt_only,unknown,sp500_gdelt_english_news,Howmet Aerospace,observed_company_universe; needs_match_review_low_strength_seen
SP500:IBM,SP500,IBM,IBM,IBM,US,USD,observed_company_universe,,,covid19_first_wave;russia_ukraine_conflict_2022;israel_palestine_conflict_2023;us_israel_iran_conflict_2025,main_and_gdelt,unknown,sp500_gdelt_english_news;sp500_news;sp500_tushare_news,,observed_company_universe; needs_match_review_low_strength_seen
SP500:ICE,SP500,ICE,Intercontinental Exchange,Intercontinental Exchange,US,USD,observed_company_universe,,,covid19_first_wave;russia_ukraine_conflict_2022;israel_palestine_conflict_2023;us_israel_iran_conflict_2025,main_and_gdelt,unknown,sp500_gdelt_english_news;sp500_news,,observed_company_universe; sp500_constituent_coverage_audit_available
SP500:IDXX,SP500,IDXX,Idexx Laboratories,Idexx Laboratories,US,USD,observed_company_universe,,,covid19_first_wave;russia_ukraine_conflict_2022;israel_palestine_conflict_2023;us_israel_iran_conflict_2025,gdelt_only,unknown,sp500_gdelt_english_news,Idexx Laboratories,observed_company_universe; needs_match_review_low_strength_seen
SP500:IEX,SP500,IEX,IDEX Corporation,IDEX Corporation,US,USD,observed_company_universe,,,covid19_first_wave;russia_ukraine_conflict_2022;israel_palestine_conflict_2023;us_israel_iran_conflict_2025,gdelt_only,unknown,sp500_gdelt_english_news,,observed_company_universe; needs_match_review_low_strength_seen
SP500:IFF,SP500,IFF,International Flavors & Fragrances,International Flavors & Fragrances,US,USD,observed_company_universe,,,covid19_first_wave;russia_ukraine_conflict_2022;israel_palestine_conflict_2023;us_israel_iran_conflict_2025,gdelt_and_supplement,unknown,sp500_gdelt_english_news;sp500_tushare_news,,observed_company_universe; needs_match_review_low_strength_seen
SP500:ILMN,SP500,ILMN,ILMN,ILMN,US,USD,observed_company_universe,,,covid19_first_wave;russia_ukraine_conflict_2022;israel_palestine_conflict_2023;us_israel_iran_conflict_2025,gdelt_and_supplement,unknown,sp500_gdelt_english_news;sp500_tushare_news,,observed_company_universe; needs_match_review_low_strength_seen
SP500:INCY,SP500,INCY,Incyte,Incyte,US,USD,observed_company_universe,,,covid19_first_wave;russia_ukraine_conflict_2022;israel_palestine_conflict_2023;us_israel_iran_conflict_2025,main_and_gdelt,unknown,sp500_gdelt_english_news;sp500_news,,observed_company_universe; needs_match_review_low_strength_seen
SP500:INFO,SP500,INFO,INFO,INFO,US,USD,observed_company_universe,,,covid19_first_wave;russia_ukraine_conflict_2022;israel_palestine_conflict_2023;us_israel_iran_conflict_2025,gdelt_and_supplement,unknown,sp500_gdelt_english_news;sp500_tushare_news,,observed_company_universe; needs_match_review_low_strength_seen
SP500:INTC,SP500,INTC,Intel,Intel,US,USD,observed_company_universe,,,covid19_first_wave;russia_ukraine_conflict_2022;israel_palestine_conflict_2023;us_israel_iran_conflict_2025,main_and_gdelt,unknown,sp500_gdelt_english_news;sp500_news;sp500_tushare_news,英特尔;Intel,observed_company_universe; needs_match_review_low_strength_seen
SP500:INTU,SP500,INTU,Intuit,Intuit,US,USD,observed_company_universe,,,covid19_first_wave;russia_ukraine_conflict_2022;israel_palestine_conflict_2023;us_israel_iran_conflict_2025,gdelt_and_supplement,unknown,sp500_gdelt_english_news;sp500_tushare_news,财捷,observed_company_universe; needs_match_review_low_strength_seen
SP500:INVH,SP500,INVH,Invitation Homes,Invitation Homes,US,USD,observed_company_universe,,,covid19_first_wave;russia_ukraine_conflict_2022;israel_palestine_conflict_2023;us_israel_iran_conflict_2025,gdelt_only,unknown,sp500_gdelt_english_news,Invitation Homes,observed_company_universe; needs_match_review_low_strength_seen
SP500:IP,SP500,IP,International Paper,International Paper,US,USD,observed_company_universe,,,covid19_first_wave;russia_ukraine_conflict_2022;israel_palestine_conflict_2023;us_israel_iran_conflict_2025,gdelt_only,unknown,sp500_gdelt_english_news,International Paper,observed_company_universe; sp500_constituent_coverage_audit_available
SP500:IPG,SP500,IPG,IPG,IPG,US,USD,observed_company_universe,,,covid19_first_wave;russia_ukraine_conflict_2022;israel_palestine_conflict_2023;us_israel_iran_conflict_2025,gdelt_only,unknown,sp500_gdelt_english_news,,observed_company_universe; needs_match_review_low_strength_seen
SP500:IPGP,SP500,IPGP,IPGP,IPGP,US,USD,observed_company_universe,,,covid19_first_wave;russia_ukraine_conflict_2022;israel_palestine_conflict_2023;us_israel_iran_conflict_2025,gdelt_only,unknown,sp500_gdelt_english_news,,observed_company_universe; needs_match_review_low_strength_seen
SP500:IQV,SP500,IQV,IQVIA,IQVIA,US,USD,observed_company_universe,,,covid19_first_wave;russia_ukraine_conflict_2022;israel_palestine_conflict_2023;us_israel_iran_conflict_2025,gdelt_only,unknown,sp500_gdelt_english_news,,observed_company_universe; needs_match_review_low_strength_seen
SP500:IR,SP500,IR,Ingersoll Rand,Ingersoll Rand,US,USD,observed_company_universe,,,covid19_first_wave;russia_ukraine_conflict_2022;israel_palestine_conflict_2023;us_israel_iran_conflict_2025,gdelt_only,unknown,sp500_gdelt_english_news,Ingersoll Rand,observed_company_universe; sp500_constituent_coverage_audit_available
SP500:IRM,SP500,IRM,Iron Mountain,Iron Mountain,US,USD,observed_company_universe,,,covid19_first_wave;russia_ukraine_conflict_2022;israel_palestine_conflict_2023;us_israel_iran_conflict_2025,gdelt_only,unknown,sp500_gdelt_english_news,Iron Mountain,observed_company_universe; needs_match_review_low_strength_seen
SP500:ISRG,SP500,ISRG,Intuitive Surgical,Intuitive Surgical,US,USD,observed_company_universe,,,covid19_first_wave;russia_ukraine_conflict_2022;israel_palestine_conflict_2023;us_israel_iran_conflict_2025,gdelt_and_supplement,unknown,sp500_gdelt_english_news;sp500_tushare_news,Intuitive Surgical;直觉外科,observed_company_universe; sp500_constituent_coverage_audit_available
SP500:IT,SP500,IT,Gartner,Gartner,US,USD,observed_company_universe,,,covid19_first_wave;russia_ukraine_conflict_2022;israel_palestine_conflict_2023;us_israel_iran_conflict_2025,gdelt_and_supplement,unknown,sp500_gdelt_english_news;sp500_tushare_news,Gartner,observed_company_universe; needs_match_review_low_strength_seen
SP500:ITW,SP500,ITW,Illinois Tool Works,Illinois Tool Works,US,USD,observed_company_universe,,,covid19_first_wave;russia_ukraine_conflict_2022;israel_palestine_conflict_2023;us_israel_iran_conflict_2025,gdelt_only,unknown,sp500_gdelt_english_news,Illinois Tool Works,observed_company_universe; needs_match_review_low_strength_seen
SP500:IVZ,SP500,IVZ,Invesco,Invesco,US,USD,observed_company_universe,,,covid19_first_wave;russia_ukraine_conflict_2022;israel_palestine_conflict_2023;us_israel_iran_conflict_2025,gdelt_and_supplement,unknown,sp500_gdelt_english_news;sp500_tushare_news,Invesco,observed_company_universe; needs_match_review_low_strength_seen
SP500:J,SP500,J,Jacobs Solutions,Jacobs Solutions,US,USD,observed_company_universe,,,covid19_first_wave;israel_palestine_conflict_2023;us_israel_iran_conflict_2025,gdelt_only,unknown,sp500_gdelt_english_news,Jacobs Solutions,observed_company_universe; sp500_constituent_coverage_audit_available
SP500:JBHT,SP500,JBHT,J.B. Hunt,J.B. Hunt,US,USD,observed_company_universe,,,covid19_first_wave;russia_ukraine_conflict_2022;israel_palestine_conflict_2023;us_israel_iran_conflict_2025,gdelt_only,unknown,sp500_gdelt_english_news,,observed_company_universe; needs_match_review_low_strength_seen
SP500:JBL,SP500,JBL,Jabil,Jabil,US,USD,observed_company_universe,,,covid19_first_wave;russia_ukraine_conflict_2022;israel_palestine_conflict_2023;us_israel_iran_conflict_2025,gdelt_only,unknown,sp500_gdelt_english_news,Jabil,observed_company_universe; needs_match_review_low_strength_seen
SP500:JCI,SP500,JCI,Johnson Controls,Johnson Controls,US,USD,observed_company_universe,,,covid19_first_wave;russia_ukraine_conflict_2022;israel_palestine_conflict_2023;us_israel_iran_conflict_2025,gdelt_only,unknown,sp500_gdelt_english_news,Johnson Controls,observed_company_universe; needs_match_review_low_strength_seen
SP500:JKHY,SP500,JKHY,Jack Henry & Associates,Jack Henry & Associates,US,USD,observed_company_universe,,,covid19_first_wave;russia_ukraine_conflict_2022;israel_palestine_conflict_2023;us_israel_iran_conflict_2025,gdelt_only,unknown,sp500_gdelt_english_news,,observed_company_universe; needs_match_review_low_strength_seen
SP500:JNJ,SP500,JNJ,Johnson & Johnson,Johnson & Johnson,US,USD,observed_company_universe,,,covid19_first_wave;russia_ukraine_conflict_2022;israel_palestine_conflict_2023;us_israel_iran_conflict_2025,gdelt_and_supplement,unknown,sp500_gdelt_english_news;sp500_tushare_news,强生,observed_company_universe; needs_match_review_low_strength_seen
SP500:JNPR,SP500,JNPR,JNPR,JNPR,US,USD,observed_company_universe,,,covid19_first_wave;russia_ukraine_conflict_2022;israel_palestine_conflict_2023;us_israel_iran_conflict_2025,gdelt_and_supplement,unknown,sp500_gdelt_english_news;sp500_tushare_news,Juniper;Juniper Networks,observed_company_universe; needs_match_review_low_strength_seen
SP500:JPM,SP500,JPM,JPMorgan Chase,JPMorgan Chase,US,USD,observed_company_universe,,,covid19_first_wave;russia_ukraine_conflict_2022;israel_palestine_conflict_2023;us_israel_iran_conflict_2025,gdelt_and_supplement,unknown,sp500_gdelt_english_news;sp500_tushare_news,摩根大通,observed_company_universe; needs_match_review_low_strength_seen
SP500:JWN,SP500,JWN,JWN,JWN,US,USD,observed_company_universe,,,covid19_first_wave;russia_ukraine_conflict_2022;israel_palestine_conflict_2023;us_israel_iran_conflict_2025,gdelt_and_supplement,unknown,sp500_gdelt_english_news;sp500_tushare_news,,observed_company_universe; needs_match_review_low_strength_seen
SP500:K,SP500,K,K,K,US,USD,observed_company_universe,,,covid19_first_wave;russia_ukraine_conflict_2022;israel_palestine_conflict_2023;us_israel_iran_conflict_2025,main_and_gdelt,unknown,sp500_gdelt_english_news;sp500_news,Kellogg;Kellogg Company;WK Kellogg,observed_company_universe; needs_match_review_low_strength_seen
SP500:KDP,SP500,KDP,Keurig Dr Pepper,Keurig Dr Pepper,US,USD,observed_company_universe,,,covid19_first_wave;russia_ukraine_conflict_2022;israel_palestine_conflict_2023;us_israel_iran_conflict_2025,gdelt_and_supplement,unknown,sp500_gdelt_english_news;sp500_tushare_news,Keurig Dr Pepper,observed_company_universe; needs_match_review_low_strength_seen
SP500:KEY,SP500,KEY,KeyCorp,KeyCorp,US,USD,observed_company_universe,,,covid19_first_wave;russia_ukraine_conflict_2022;israel_palestine_conflict_2023;us_israel_iran_conflict_2025,main_and_gdelt,unknown,sp500_gdelt_english_news;sp500_news,,observed_company_universe; needs_match_review_low_strength_seen
SP500:KEYS,SP500,KEYS,Keysight Technologies,Keysight Technologies,US,USD,observed_company_universe,,,covid19_first_wave;russia_ukraine_conflict_2022;israel_palestine_conflict_2023;us_israel_iran_conflict_2025,gdelt_only,unknown,sp500_gdelt_english_news,,observed_company_universe; needs_match_review_low_strength_seen
SP500:KHC,SP500,KHC,Kraft Heinz,Kraft Heinz,US,USD,observed_company_universe,,,covid19_first_wave;russia_ukraine_conflict_2022;israel_palestine_conflict_2023;us_israel_iran_conflict_2025,main_and_gdelt,unknown,sp500_gdelt_english_news;sp500_news,Kraft Heinz,observed_company_universe; needs_match_review_low_strength_seen
SP500:KIM,SP500,KIM,Kimco Realty,Kimco Realty,US,USD,observed_company_universe,,,covid19_first_wave;russia_ukraine_conflict_2022;israel_palestine_conflict_2023;us_israel_iran_conflict_2025,main_and_gdelt,unknown,sp500_gdelt_english_news;sp500_news;sp500_tushare_news,,observed_company_universe; needs_match_review_low_strength_seen
SP500:KKR,SP500,KKR,KKR & Co.,KKR & Co.,US,USD,observed_company_universe,,,covid19_first_wave;russia_ukraine_conflict_2022;israel_palestine_conflict_2023;us_israel_iran_conflict_2025,main_and_gdelt,unknown,sp500_gdelt_english_news;sp500_news;sp500_tushare_news,KKR &,observed_company_universe; needs_match_review_low_strength_seen
SP500:KLAC,SP500,KLAC,KLA Corporation,KLA Corporation,US,USD,observed_company_universe,,,covid19_first_wave;russia_ukraine_conflict_2022;israel_palestine_conflict_2023;us_israel_iran_conflict_2025,main_and_gdelt,unknown,sp500_gdelt_english_news;sp500_news,,observed_company_universe; needs_match_review_low_strength_seen
SP500:KMB,SP500,KMB,Kimberly-Clark,Kimberly-Clark,US,USD,observed_company_universe,,,covid19_first_wave;russia_ukraine_conflict_2022;israel_palestine_conflict_2023;us_israel_iran_conflict_2025,main_and_gdelt,unknown,sp500_gdelt_english_news;sp500_news,Kimberly-Clark,observed_company_universe; needs_match_review_low_strength_seen
SP500:KMI,SP500,KMI,Kinder Morgan,Kinder Morgan,US,USD,observed_company_universe,,,covid19_first_wave;russia_ukraine_conflict_2022;israel_palestine_conflict_2023;us_israel_iran_conflict_2025,main_and_gdelt,unknown,sp500_gdelt_english_news;sp500_news,Kinder Morgan,observed_company_universe; needs_match_review_low_strength_seen
SP500:KMX,SP500,KMX,KMX,KMX,US,USD,observed_company_universe,,,covid19_first_wave;russia_ukraine_conflict_2022;israel_palestine_conflict_2023;us_israel_iran_conflict_2025,gdelt_only,unknown,sp500_gdelt_english_news,,observed_company_universe; needs_match_review_low_strength_seen
SP500:KO,SP500,KO,Coca-Cola Company (The),Coca-Cola Company (The),US,USD,observed_company_universe,,,covid19_first_wave;russia_ukraine_conflict_2022;israel_palestine_conflict_2023;us_israel_iran_conflict_2025,main_only_or_main_plus_supplement,unknown,sp500_news;sp500_tushare_news,可口可乐,observed_company_universe; sp500_constituent_coverage_audit_available
SP500:KR,SP500,KR,Kroger,Kroger,US,USD,observed_company_universe,,,covid19_first_wave;russia_ukraine_conflict_2022;israel_palestine_conflict_2023;us_israel_iran_conflict_2025,gdelt_and_supplement,unknown,sp500_gdelt_english_news;sp500_tushare_news,Kroger,observed_company_universe; needs_match_review_low_strength_seen
SP500:KSS,SP500,KSS,KSS,KSS,US,USD,observed_company_universe,,,covid19_first_wave;russia_ukraine_conflict_2022;israel_palestine_conflict_2023;us_israel_iran_conflict_2025,main_and_gdelt,unknown,sp500_gdelt_english_news;sp500_news;sp500_tushare_news,,observed_company_universe; needs_match_review_low_strength_seen
SP500:KSU,SP500,KSU,KSU,KSU,US,USD,observed_company_universe,,,covid19_first_wave;russia_ukraine_conflict_2022;israel_palestine_conflict_2023;us_israel_iran_conflict_2025,gdelt_only,unknown,sp500_gdelt_english_news,,observed_company_universe; needs_match_review_low_strength_seen
SP500:KVUE,SP500,KVUE,Kenvue,Kenvue,US,USD,observed_company_universe,,,covid19_first_wave;russia_ukraine_conflict_2022;israel_palestine_conflict_2023;us_israel_iran_conflict_2025,gdelt_and_supplement,unknown,sp500_gdelt_english_news;sp500_tushare_news,Kenvue,observed_company_universe; needs_match_review_low_strength_seen
SP500:L,SP500,L,Loews Corporation,Loews Corporation,US,USD,observed_company_universe,,,covid19_first_wave;russia_ukraine_conflict_2022;israel_palestine_conflict_2023;us_israel_iran_conflict_2025,main_and_gdelt,unknown,sp500_gdelt_english_news;sp500_news,Loews Corporation,observed_company_universe; sp500_constituent_coverage_audit_available
SP500:LB,SP500,LB,LB,LB,US,USD,observed_company_universe,,,russia_ukraine_conflict_2022,supplement_only,unknown,sp500_tushare_news,Bath & Body Works,observed_company_universe; sp500_constituent_coverage_audit_available
SP500:LDOS,SP500,LDOS,Leidos,Leidos,US,USD,observed_company_universe,,,covid19_first_wave;russia_ukraine_conflict_2022;israel_palestine_conflict_2023;us_israel_iran_conflict_2025,main_and_gdelt,unknown,sp500_gdelt_english_news;sp500_news,ldos;Leidos,observed_company_universe; needs_match_review_low_strength_seen
SP500:LEG,SP500,LEG,LEG,LEG,US,USD,observed_company_universe,,,covid19_first_wave;russia_ukraine_conflict_2022;israel_palestine_conflict_2023;us_israel_iran_conflict_2025,main_and_gdelt,unknown,sp500_gdelt_english_news;sp500_news;sp500_tushare_news,leg,observed_company_universe; needs_match_review_low_strength_seen
SP500:LEN,SP500,LEN,Lennar,Lennar,US,USD,observed_company_universe,,,covid19_first_wave;russia_ukraine_conflict_2022;israel_palestine_conflict_2023;us_israel_iran_conflict_2025,main_and_gdelt,unknown,sp500_gdelt_english_news;sp500_news,len,observed_company_universe; needs_match_review_low_strength_seen
SP500:LH,SP500,LH,Labcorp,Labcorp,US,USD,observed_company_universe,,,covid19_first_wave;russia_ukraine_conflict_2022;israel_palestine_conflict_2023;us_israel_iran_conflict_2025,main_and_gdelt,unknown,sp500_gdelt_english_news;sp500_news,Labcorp;lh,observed_company_universe; needs_match_review_low_strength_seen
SP500:LHX,SP500,LHX,L3Harris,L3Harris,US,USD,observed_company_universe,,,covid19_first_wave;russia_ukraine_conflict_2022;israel_palestine_conflict_2023;us_israel_iran_conflict_2025,main_and_gdelt,unknown,sp500_gdelt_english_news;sp500_news,L3Harris;lhx,observed_company_universe; needs_match_review_low_strength_seen
SP500:LII,SP500,LII,Lennox International,Lennox International,US,USD,observed_company_universe,,,covid19_first_wave;russia_ukraine_conflict_2022;israel_palestine_conflict_2023;us_israel_iran_conflict_2025,main_and_gdelt,unknown,sp500_gdelt_english_news;sp500_news;sp500_tushare_news,lii,observed_company_universe; needs_match_review_low_strength_seen
SP500:LIN,SP500,LIN,Linde plc,Linde plc,US,USD,observed_company_universe,,,covid19_first_wave;russia_ukraine_conflict_2022;israel_palestine_conflict_2023;us_israel_iran_conflict_2025,main_and_gdelt,unknown,sp500_gdelt_english_news;sp500_news,lin,observed_company_universe; needs_match_review_low_strength_seen
SP500:LKQ,SP500,LKQ,LKQ,LKQ,US,USD,observed_company_universe,,,covid19_first_wave;russia_ukraine_conflict_2022;israel_palestine_conflict_2023;us_israel_iran_conflict_2025,gdelt_only,unknown,sp500_gdelt_english_news,,observed_company_universe; needs_match_review_low_strength_seen
SP500:LLY,SP500,LLY,Lilly (Eli),Lilly (Eli),US,USD,observed_company_universe,,,covid19_first_wave;russia_ukraine_conflict_2022;israel_palestine_conflict_2023;us_israel_iran_conflict_2025,main_and_gdelt,unknown,sp500_gdelt_english_news;sp500_news;sp500_tushare_news,,observed_company_universe; needs_match_review_low_strength_seen
SP500:LMT,SP500,LMT,Lockheed Martin,Lockheed Martin,US,USD,observed_company_universe,,,covid19_first_wave;russia_ukraine_conflict_2022;israel_palestine_conflict_2023;us_israel_iran_conflict_2025,main_and_gdelt,unknown,sp500_gdelt_english_news;sp500_news;sp500_tushare_news,Lockheed Martin;洛克希德马丁;洛克希德,observed_company_universe; needs_match_review_low_strength_seen
SP500:LNC,SP500,LNC,LNC,LNC,US,USD,observed_company_universe,,,covid19_first_wave;russia_ukraine_conflict_2022;israel_palestine_conflict_2023;us_israel_iran_conflict_2025,main_and_gdelt,unknown,sp500_gdelt_english_news;sp500_news,,observed_company_universe; needs_match_review_low_strength_seen
SP500:LNT,SP500,LNT,Alliant Energy,Alliant Energy,US,USD,observed_company_universe,,,covid19_first_wave;russia_ukraine_conflict_2022;israel_palestine_conflict_2023;us_israel_iran_conflict_2025,main_and_gdelt,unknown,sp500_gdelt_english_news;sp500_news;sp500_tushare_news,Alliant Energy,observed_company_universe; needs_match_review_low_strength_seen
SP500:LOW,SP500,LOW,Lowe's,Lowe's,US,USD,observed_company_universe,,,covid19_first_wave;russia_ukraine_conflict_2022;israel_palestine_conflict_2023;us_israel_iran_conflict_2025,main_and_gdelt,unknown,sp500_gdelt_english_news;sp500_news,,observed_company_universe; needs_match_review_low_strength_seen
SP500:LRCX,SP500,LRCX,Lam Research,Lam Research,US,USD,observed_company_universe,,,covid19_first_wave;russia_ukraine_conflict_2022;israel_palestine_conflict_2023;us_israel_iran_conflict_2025,main_and_gdelt,unknown,sp500_gdelt_english_news;sp500_news;sp500_tushare_news,Lam Research,observed_company_universe; sp500_constituent_coverage_audit_available
SP500:LULU,SP500,LULU,Lululemon Athletica,Lululemon Athletica,US,USD,observed_company_universe,,,covid19_first_wave;russia_ukraine_conflict_2022;israel_palestine_conflict_2023;us_israel_iran_conflict_2025,gdelt_and_supplement,unknown,sp500_gdelt_english_news;sp500_tushare_news,Lululemon;露露乐蒙,observed_company_universe; needs_match_review_low_strength_seen
SP500:LUV,SP500,LUV,Southwest Airlines,Southwest Airlines,US,USD,observed_company_universe,,,covid19_first_wave;russia_ukraine_conflict_2022;israel_palestine_conflict_2023;us_israel_iran_conflict_2025,main_and_gdelt,unknown,sp500_gdelt_english_news;sp500_news;sp500_tushare_news,Southwest Airlines,observed_company_universe; needs_match_review_low_strength_seen
SP500:LVS,SP500,LVS,Las Vegas Sands,Las Vegas Sands,US,USD,observed_company_universe,,,covid19_first_wave;russia_ukraine_conflict_2022;israel_palestine_conflict_2023;us_israel_iran_conflict_2025,gdelt_and_supplement,unknown,sp500_gdelt_english_news;sp500_tushare_news,Las Vegas Sands;拉斯维加斯金沙;金沙集团,observed_company_universe; needs_match_review_low_strength_seen
SP500:LW,SP500,LW,Lamb Weston,Lamb Weston,US,USD,observed_company_universe,,,covid19_first_wave;russia_ukraine_conflict_2022;israel_palestine_conflict_2023;us_israel_iran_conflict_2025,main_and_gdelt,unknown,sp500_gdelt_english_news;sp500_news,Lamb Weston,observed_company_universe; sp500_constituent_coverage_audit_available
SP500:LYB,SP500,LYB,LyondellBasell,LyondellBasell,US,USD,observed_company_universe,,,covid19_first_wave;russia_ukraine_conflict_2022;israel_palestine_conflict_2023;us_israel_iran_conflict_2025,main_and_gdelt,unknown,sp500_gdelt_english_news;sp500_news,,observed_company_universe; needs_match_review_low_strength_seen
SP500:LYV,SP500,LYV,Live Nation Entertainment,Live Nation Entertainment,US,USD,observed_company_universe,,,covid19_first_wave;russia_ukraine_conflict_2022;israel_palestine_conflict_2023;us_israel_iran_conflict_2025,main_and_gdelt,unknown,sp500_gdelt_english_news;sp500_news,,observed_company_universe; needs_match_review_low_strength_seen
SP500:M,SP500,M,M,M,US,USD,observed_company_universe,,,covid19_first_wave;russia_ukraine_conflict_2022;israel_palestine_conflict_2023;us_israel_iran_conflict_2025,main_and_gdelt,unknown,sp500_gdelt_english_news;sp500_news,Macys,observed_company_universe; needs_match_review_low_strength_seen
SP500:MA,SP500,MA,Mastercard,Mastercard,US,USD,observed_company_universe,,,covid19_first_wave;russia_ukraine_conflict_2022;israel_palestine_conflict_2023;us_israel_iran_conflict_2025,gdelt_and_supplement,unknown,sp500_gdelt_english_news;sp500_tushare_news,万事达;Mastercard,observed_company_universe; needs_match_review_low_strength_seen
SP500:MAA,SP500,MAA,Mid-America Apartment Communities,Mid-America Apartment Communities,US,USD,observed_company_universe,,,covid19_first_wave;russia_ukraine_conflict_2022;israel_palestine_conflict_2023;us_israel_iran_conflict_2025,gdelt_only,unknown,sp500_gdelt_english_news,,observed_company_universe; needs_match_review_low_strength_seen
SP500:MAR,SP500,MAR,Marriott International,Marriott International,US,USD,observed_company_universe,,,covid19_first_wave;russia_ukraine_conflict_2022;israel_palestine_conflict_2023;us_israel_iran_conflict_2025,gdelt_and_supplement,unknown,sp500_gdelt_english_news;sp500_tushare_news,万豪,observed_company_universe; needs_match_review_low_strength_seen
SP500:MAS,SP500,MAS,Masco,Masco,US,USD,observed_company_universe,,,covid19_first_wave;russia_ukraine_conflict_2022;israel_palestine_conflict_2023;us_israel_iran_conflict_2025,gdelt_and_supplement,unknown,sp500_gdelt_english_news;sp500_tushare_news,,observed_company_universe; needs_match_review_low_strength_seen
SP500:MCD,SP500,MCD,McDonald's,McDonald's,US,USD,observed_company_universe,,,covid19_first_wave;russia_ukraine_conflict_2022;israel_palestine_conflict_2023;us_israel_iran_conflict_2025,gdelt_and_supplement,unknown,sp500_gdelt_english_news;sp500_tushare_news,麦当劳,observed_company_universe; needs_match_review_low_strength_seen
SP500:MCHP,SP500,MCHP,Microchip Technology,Microchip Technology,US,USD,observed_company_universe,,,covid19_first_wave;russia_ukraine_conflict_2022;israel_palestine_conflict_2023;us_israel_iran_conflict_2025,gdelt_and_supplement,unknown,sp500_gdelt_english_news;sp500_tushare_news,Microchip Technology,observed_company_universe; needs_match_review_low_strength_seen
SP500:MCK,SP500,MCK,McKesson Corporation,McKesson Corporation,US,USD,observed_company_universe,,,covid19_first_wave;russia_ukraine_conflict_2022;israel_palestine_conflict_2023;us_israel_iran_conflict_2025,main_and_gdelt,unknown,sp500_gdelt_english_news;sp500_news,,observed_company_universe; needs_match_review_low_strength_seen
SP500:MCO,SP500,MCO,Moody's Corporation,Moody's Corporation,US,USD,observed_company_universe,,,covid19_first_wave;russia_ukraine_conflict_2022;israel_palestine_conflict_2023;us_israel_iran_conflict_2025,main_and_gdelt,unknown,sp500_gdelt_english_news;sp500_news;sp500_tushare_news,,observed_company_universe; needs_match_review_low_strength_seen
SP500:MDLZ,SP500,MDLZ,Mondelez International,Mondelez International,US,USD,observed_company_universe,,,covid19_first_wave;russia_ukraine_conflict_2022;israel_palestine_conflict_2023;us_israel_iran_conflict_2025,gdelt_and_supplement,unknown,sp500_gdelt_english_news;sp500_tushare_news,Mondelez International;亿滋,observed_company_universe; needs_match_review_low_strength_seen
SP500:MDT,SP500,MDT,Medtronic,Medtronic,US,USD,observed_company_universe,,,covid19_first_wave;russia_ukraine_conflict_2022;israel_palestine_conflict_2023;us_israel_iran_conflict_2025,main_and_gdelt,unknown,sp500_gdelt_english_news;sp500_news;sp500_tushare_news,美敦力;Medtronic,observed_company_universe; needs_match_review_low_strength_seen
SP500:MET,SP500,MET,MetLife,MetLife,US,USD,observed_company_universe,,,covid19_first_wave;russia_ukraine_conflict_2022;israel_palestine_conflict_2023;us_israel_iran_conflict_2025,gdelt_and_supplement,unknown,sp500_gdelt_english_news;sp500_tushare_news,大都会人寿,observed_company_universe; needs_match_review_low_strength_seen
SP500:META,SP500,META,Meta Platforms,Meta Platforms,US,USD,observed_company_universe,,,covid19_first_wave;russia_ukraine_conflict_2022;israel_palestine_conflict_2023;us_israel_iran_conflict_2025,gdelt_and_supplement,unknown,sp500_gdelt_english_news;sp500_tushare_news,脸书;Meta Platforms;Facebook,observed_company_universe; needs_match_review_low_strength_seen
SP500:MGM,SP500,MGM,MGM Resorts,MGM Resorts,US,USD,observed_company_universe,,,covid19_first_wave;russia_ukraine_conflict_2022;israel_palestine_conflict_2023;us_israel_iran_conflict_2025,main_and_gdelt,unknown,sp500_gdelt_english_news;sp500_news;sp500_tushare_news,,observed_company_universe; needs_match_review_low_strength_seen
SP500:MHK,SP500,MHK,MHK,MHK,US,USD,observed_company_universe,,,covid19_first_wave;russia_ukraine_conflict_2022;israel_palestine_conflict_2023;us_israel_iran_conflict_2025,main_and_gdelt,unknown,sp500_gdelt_english_news;sp500_news,,observed_company_universe; needs_match_review_low_strength_seen
SP500:MKC,SP500,MKC,McCormick & Company,McCormick & Company,US,USD,observed_company_universe,,,covid19_first_wave;russia_ukraine_conflict_2022;israel_palestine_conflict_2023;us_israel_iran_conflict_2025,main_and_gdelt,unknown,sp500_gdelt_english_news;sp500_news,,observed_company_universe; needs_match_review_low_strength_seen
SP500:MKTX,SP500,MKTX,MKTX,MKTX,US,USD,observed_company_universe,,,covid19_first_wave;russia_ukraine_conflict_2022;israel_palestine_conflict_2023;us_israel_iran_conflict_2025,main_and_gdelt,unknown,sp500_gdelt_english_news;sp500_news,,observed_company_universe; needs_match_review_low_strength_seen
SP500:MLM,SP500,MLM,Martin Marietta Materials,Martin Marietta Materials,US,USD,observed_company_universe,,,covid19_first_wave;russia_ukraine_conflict_2022;israel_palestine_conflict_2023;us_israel_iran_conflict_2025,main_and_gdelt,unknown,sp500_gdelt_english_news;sp500_news,Martin Marietta Materials,observed_company_universe; needs_match_review_low_strength_seen
SP500:MMC,SP500,MMC,MMC,MMC,US,USD,observed_company_universe,,,covid19_first_wave;russia_ukraine_conflict_2022;israel_palestine_conflict_2023;us_israel_iran_conflict_2025,gdelt_only,unknown,sp500_gdelt_english_news,,observed_company_universe; needs_match_review_low_strength_seen
SP500:MMM,SP500,MMM,3M,3M,US,USD,observed_company_universe,,,covid19_first_wave;russia_ukraine_conflict_2022;israel_palestine_conflict_2023;us_israel_iran_conflict_2025,main_and_gdelt,unknown,sp500_gdelt_english_news;sp500_news;sp500_tushare_news,,observed_company_universe; needs_match_review_low_strength_seen
SP500:MNST,SP500,MNST,Monster Beverage,Monster Beverage,US,USD,observed_company_universe,,,covid19_first_wave;russia_ukraine_conflict_2022;israel_palestine_conflict_2023;us_israel_iran_conflict_2025,main_and_gdelt,unknown,sp500_gdelt_english_news;sp500_news,Monster Beverage,observed_company_universe; sp500_constituent_coverage_audit_available
SP500:MO,SP500,MO,Altria,Altria,US,USD,observed_company_universe,,,covid19_first_wave;russia_ukraine_conflict_2022;israel_palestine_conflict_2023;us_israel_iran_conflict_2025,gdelt_only,unknown,sp500_gdelt_english_news,Altria,observed_company_universe; needs_match_review_low_strength_seen
SP500:MOH,SP500,MOH,Molina Healthcare,Molina Healthcare,US,USD,observed_company_universe,,,covid19_first_wave;russia_ukraine_conflict_2022;israel_palestine_conflict_2023;us_israel_iran_conflict_2025,gdelt_only,unknown,sp500_gdelt_english_news,,observed_company_universe; needs_match_review_low_strength_seen
SP500:MOS,SP500,MOS,Mosaic Company (The),Mosaic Company (The),US,USD,observed_company_universe,,,covid19_first_wave;russia_ukraine_conflict_2022;israel_palestine_conflict_2023;us_israel_iran_conflict_2025,main_and_gdelt,unknown,sp500_gdelt_english_news;sp500_news;sp500_tushare_news,Mosaic,observed_company_universe; needs_match_review_low_strength_seen
SP500:MPC,SP500,MPC,Marathon Petroleum,Marathon Petroleum,US,USD,observed_company_universe,,,covid19_first_wave;russia_ukraine_conflict_2022;israel_palestine_conflict_2023;us_israel_iran_conflict_2025,gdelt_and_supplement,unknown,sp500_gdelt_english_news;sp500_tushare_news,Marathon Petroleum,observed_company_universe; needs_match_review_low_strength_seen
SP500:MPWR,SP500,MPWR,Monolithic Power Systems,Monolithic Power Systems,US,USD,observed_company_universe,,,covid19_first_wave;russia_ukraine_conflict_2022;israel_palestine_conflict_2023;us_israel_iran_conflict_2025,main_and_gdelt,unknown,sp500_gdelt_english_news;sp500_news;sp500_tushare_news,Monolithic Power Systems,observed_company_universe; needs_match_review_low_strength_seen
SP500:MRK,SP500,MRK,Merck & Co.,Merck & Co.,US,USD,observed_company_universe,,,covid19_first_wave;russia_ukraine_conflict_2022;israel_palestine_conflict_2023;us_israel_iran_conflict_2025,main_and_gdelt,unknown,sp500_gdelt_english_news;sp500_news;sp500_tushare_news,,observed_company_universe; needs_match_review_low_strength_seen
SP500:MRNA,SP500,MRNA,Moderna,Moderna,US,USD,observed_company_universe,,,covid19_first_wave;russia_ukraine_conflict_2022;israel_palestine_conflict_2023;us_israel_iran_conflict_2025,gdelt_and_supplement,unknown,sp500_gdelt_english_news;sp500_tushare_news,Moderna;莫德纳,observed_company_universe; needs_match_review_low_strength_seen
SP500:MRO,SP500,MRO,MRO,MRO,US,USD,observed_company_universe,,,covid19_first_wave;russia_ukraine_conflict_2022;israel_palestine_conflict_2023;us_israel_iran_conflict_2025,main_and_gdelt,unknown,sp500_gdelt_english_news;sp500_news;sp500_tushare_news,,observed_company_universe; needs_match_review_low_strength_seen
SP500:MS,SP500,MS,Morgan Stanley,Morgan Stanley,US,USD,observed_company_universe,,,covid19_first_wave;russia_ukraine_conflict_2022;israel_palestine_conflict_2023;us_israel_iran_conflict_2025,main_and_gdelt,unknown,sp500_gdelt_english_news;sp500_news;sp500_tushare_news,摩根士丹利;Morgan Stanley;ms,observed_company_universe; sp500_constituent_coverage_audit_available
SP500:MSCI,SP500,MSCI,MSCI Inc.,MSCI Inc.,US,USD,observed_company_universe,,,covid19_first_wave;russia_ukraine_conflict_2022;israel_palestine_conflict_2023;us_israel_iran_conflict_2025,main_and_gdelt,unknown,sp500_gdelt_english_news;sp500_news;sp500_tushare_news,msci,observed_company_universe; needs_match_review_low_strength_seen
SP500:MSFT,SP500,MSFT,Microsoft,Microsoft,US,USD,observed_company_universe,,,covid19_first_wave;russia_ukraine_conflict_2022;israel_palestine_conflict_2023;us_israel_iran_conflict_2025,main_and_gdelt,unknown,sp500_gdelt_english_news;sp500_news;sp500_tushare_news,微软;Microsoft;msft,observed_company_universe; needs_match_review_low_strength_seen
SP500:MSI,SP500,MSI,Motorola Solutions,Motorola Solutions,US,USD,observed_company_universe,,,covid19_first_wave;russia_ukraine_conflict_2022;israel_palestine_conflict_2023;us_israel_iran_conflict_2025,main_and_gdelt,unknown,sp500_gdelt_english_news;sp500_news;sp500_tushare_news,msi;Motorola Solutions,observed_company_universe; needs_match_review_low_strength_seen
SP500:MTB,SP500,MTB,M&T Bank,M&T Bank,US,USD,observed_company_universe,,,covid19_first_wave;russia_ukraine_conflict_2022;israel_palestine_conflict_2023;us_israel_iran_conflict_2025,main_and_gdelt,unknown,sp500_gdelt_english_news;sp500_news,mtb,observed_company_universe; needs_match_review_low_strength_seen
SP500:MTCH,SP500,MTCH,Match Group,Match Group,US,USD,observed_company_universe,,,covid19_first_wave;russia_ukraine_conflict_2022;israel_palestine_conflict_2023;us_israel_iran_conflict_2025,main_and_gdelt,unknown,sp500_gdelt_english_news;sp500_news;sp500_tushare_news,Match Group;mtch,observed_company_universe; needs_match_review_low_strength_seen
SP500:MTD,SP500,MTD,Mettler Toledo,Mettler Toledo,US,USD,observed_company_universe,,,covid19_first_wave;russia_ukraine_conflict_2022;israel_palestine_conflict_2023;us_israel_iran_conflict_2025,main_and_gdelt,unknown,sp500_gdelt_english_news;sp500_news,mtd;Mettler Toledo,observed_company_universe; needs_match_review_low_strength_seen
SP500:MU,SP500,MU,Micron Technology,Micron Technology,US,USD,observed_company_universe,,,covid19_first_wave;russia_ukraine_conflict_2022;israel_palestine_conflict_2023;us_israel_iran_conflict_2025,main_and_gdelt,unknown,sp500_gdelt_english_news;sp500_news;sp500_tushare_news,美光;Micron Technology;mu,observed_company_universe; sp500_constituent_coverage_audit_available
SP500:MXIM,SP500,MXIM,MXIM,MXIM,US,USD,observed_company_universe,,,covid19_first_wave;russia_ukraine_conflict_2022;israel_palestine_conflict_2023;us_israel_iran_conflict_2025,gdelt_only,unknown,sp500_gdelt_english_news,Maxim Integrated;MAXIM INTEGRATED PRODUCTS INC;Maxim Integrated Products,observed_company_universe; needs_match_review_low_strength_seen
SP500:MYL,SP500,MYL,MYL,MYL,US,USD,observed_company_universe,,,covid19_first_wave;russia_ukraine_conflict_2022;israel_palestine_conflict_2023;us_israel_iran_conflict_2025,gdelt_only,unknown,sp500_gdelt_english_news,Mylan;Viatris,observed_company_universe; needs_match_review_low_strength_seen
SP500:NBL,SP500,NBL,NBL,NBL,US,USD,observed_company_universe,,,covid19_first_wave;russia_ukraine_conflict_2022;israel_palestine_conflict_2023;us_israel_iran_conflict_2025,gdelt_and_supplement,unknown,sp500_gdelt_english_news;sp500_tushare_news,,observed_company_universe; needs_match_review_low_strength_seen
SP500:NCLH,SP500,NCLH,Norwegian Cruise Line Holdings,Norwegian Cruise Line Holdings,US,USD,observed_company_universe,,,covid19_first_wave;russia_ukraine_conflict_2022;israel_palestine_conflict_2023;us_israel_iran_conflict_2025,main_and_gdelt,unknown,sp500_gdelt_english_news;sp500_news,Norwegian Cruise Line Holdings,observed_company_universe; needs_match_review_low_strength_seen
SP500:NDAQ,SP500,NDAQ,"Nasdaq, Inc.","Nasdaq, Inc.",US,USD,observed_company_universe,,,covid19_first_wave;russia_ukraine_conflict_2022;israel_palestine_conflict_2023;us_israel_iran_conflict_2025,main_and_gdelt,unknown,sp500_gdelt_english_news;sp500_news;sp500_tushare_news,Nasdaq,observed_company_universe; needs_match_review_low_strength_seen
SP500:NDSN,SP500,NDSN,Nordson Corporation,Nordson Corporation,US,USD,observed_company_universe,,,covid19_first_wave;russia_ukraine_conflict_2022;israel_palestine_conflict_2023;us_israel_iran_conflict_2025,main_and_gdelt,unknown,sp500_gdelt_english_news;sp500_news,Nordson Corporation,observed_company_universe; needs_match_review_low_strength_seen
SP500:NEE,SP500,NEE,NextEra Energy,NextEra Energy,US,USD,observed_company_universe,,,covid19_first_wave;russia_ukraine_conflict_2022;israel_palestine_conflict_2023;us_israel_iran_conflict_2025,main_and_gdelt,unknown,sp500_gdelt_english_news;sp500_news,,observed_company_universe; needs_match_review_low_strength_seen
SP500:NEM,SP500,NEM,Newmont,Newmont,US,USD,observed_company_universe,,,covid19_first_wave;russia_ukraine_conflict_2022;israel_palestine_conflict_2023;us_israel_iran_conflict_2025,main_and_gdelt,unknown,sp500_gdelt_english_news;sp500_news;sp500_tushare_news,Newmont,observed_company_universe; needs_match_review_low_strength_seen
SP500:NFLX,SP500,NFLX,Netflix,Netflix,US,USD,observed_company_universe,,,covid19_first_wave;russia_ukraine_conflict_2022;israel_palestine_conflict_2023;us_israel_iran_conflict_2025,gdelt_and_supplement,unknown,sp500_gdelt_english_news;sp500_tushare_news,奈飞;Netflix,observed_company_universe; sp500_constituent_coverage_audit_available
SP500:NI,SP500,NI,NiSource,NiSource,US,USD,observed_company_universe,,,covid19_first_wave;russia_ukraine_conflict_2022;israel_palestine_conflict_2023;us_israel_iran_conflict_2025,gdelt_only,unknown,sp500_gdelt_english_news,NiSource,observed_company_universe; sp500_constituent_coverage_audit_available
SP500:NKE,SP500,NKE,"Nike, Inc.","Nike, Inc.",US,USD,observed_company_universe,,,covid19_first_wave;russia_ukraine_conflict_2022;israel_palestine_conflict_2023;us_israel_iran_conflict_2025,main_and_gdelt,unknown,sp500_gdelt_english_news;sp500_news;sp500_tushare_news,耐克,observed_company_universe; needs_match_review_low_strength_seen
SP500:NLOK,SP500,NLOK,NLOK,NLOK,US,USD,observed_company_universe,,,covid19_first_wave;russia_ukraine_conflict_2022;israel_palestine_conflict_2023;us_israel_iran_conflict_2025,main_and_gdelt,unknown,sp500_gdelt_english_news;sp500_news,Symantec;GEN;gen;NortonLifeLock;Gen Digital;Norton LifeLock,observed_company_universe; needs_match_review_low_strength_seen
SP500:NLSN,SP500,NLSN,NLSN,NLSN,US,USD,observed_company_universe,,,covid19_first_wave;russia_ukraine_conflict_2022;israel_palestine_conflict_2023;us_israel_iran_conflict_2025,gdelt_and_supplement,unknown,sp500_gdelt_english_news;sp500_tushare_news,Nielsen;Nielsen Holdings,observed_company_universe; needs_match_review_low_strength_seen
SP500:NOC,SP500,NOC,Northrop Grumman,Northrop Grumman,US,USD,observed_company_universe,,,covid19_first_wave;russia_ukraine_conflict_2022;israel_palestine_conflict_2023;us_israel_iran_conflict_2025,main_and_gdelt,unknown,sp500_gdelt_english_news;sp500_news;sp500_tushare_news,Northrop Grumman,observed_company_universe; needs_match_review_low_strength_seen
SP500:NOV,SP500,NOV,NOV,NOV,US,USD,observed_company_universe,,,covid19_first_wave;russia_ukraine_conflict_2022;israel_palestine_conflict_2023;us_israel_iran_conflict_2025,main_and_gdelt,unknown,sp500_gdelt_english_news;sp500_news,,observed_company_universe; needs_match_review_low_strength_seen
SP500:NOW,SP500,NOW,ServiceNow,ServiceNow,US,USD,observed_company_universe,,,covid19_first_wave;russia_ukraine_conflict_2022;israel_palestine_conflict_2023;us_israel_iran_conflict_2025,main_and_gdelt,unknown,sp500_gdelt_english_news;sp500_news;sp500_tushare_news,ServiceNow,observed_company_universe; needs_match_review_low_strength_seen
SP500:NRG,SP500,NRG,NRG Energy,NRG Energy,US,USD,observed_company_universe,,,covid19_first_wave;russia_ukraine_conflict_2022;israel_palestine_conflict_2023;us_israel_iran_conflict_2025,main_and_gdelt,unknown,sp500_gdelt_english_news;sp500_news,,observed_company_universe; needs_match_review_low_strength_seen
SP500:NSC,SP500,NSC,Norfolk Southern,Norfolk Southern,US,USD,observed_company_universe,,,covid19_first_wave;russia_ukraine_conflict_2022;israel_palestine_conflict_2023;us_israel_iran_conflict_2025,main_and_gdelt,unknown,sp500_gdelt_english_news;sp500_news,nsc,observed_company_universe; needs_match_review_low_strength_seen
SP500:NTAP,SP500,NTAP,NetApp,NetApp,US,USD,observed_company_universe,,,covid19_first_wave;russia_ukraine_conflict_2022;israel_palestine_conflict_2023;us_israel_iran_conflict_2025,main_and_gdelt,unknown,sp500_gdelt_english_news;sp500_news;sp500_tushare_news,ntap;NetApp,observed_company_universe; needs_match_review_low_strength_seen
SP500:NTRS,SP500,NTRS,Northern Trust,Northern Trust,US,USD,observed_company_universe,,,covid19_first_wave;russia_ukraine_conflict_2022;israel_palestine_conflict_2023;us_israel_iran_conflict_2025,main_and_gdelt,unknown,sp500_gdelt_english_news;sp500_news,Northern Trust;ntrs,observed_company_universe; sp500_constituent_coverage_audit_available
SP500:NUE,SP500,NUE,Nucor,Nucor,US,USD,observed_company_universe,,,covid19_first_wave;russia_ukraine_conflict_2022;israel_palestine_conflict_2023;us_israel_iran_conflict_2025,main_and_gdelt,unknown,sp500_gdelt_english_news;sp500_news,nue,observed_company_universe; needs_match_review_low_strength_seen
SP500:NVDA,SP500,NVDA,Nvidia,Nvidia,US,USD,observed_company_universe,,,covid19_first_wave;russia_ukraine_conflict_2022;israel_palestine_conflict_2023;us_israel_iran_conflict_2025,main_and_gdelt,unknown,sp500_gdelt_english_news;sp500_news;sp500_tushare_news,英伟达;Nvidia;nvda,observed_company_universe; needs_match_review_low_strength_seen
SP500:NVR,SP500,NVR,"NVR, Inc.","NVR, Inc.",US,USD,observed_company_universe,,,covid19_first_wave;russia_ukraine_conflict_2022;israel_palestine_conflict_2023;us_israel_iran_conflict_2025,main_and_gdelt,unknown,sp500_gdelt_english_news;sp500_news;sp500_tushare_news,nvr,observed_company_universe; needs_match_review_low_strength_seen
SP500:NWL,SP500,NWL,NWL,NWL,US,USD,observed_company_universe,,,covid19_first_wave;russia_ukraine_conflict_2022;israel_palestine_conflict_2023;us_israel_iran_conflict_2025,main_and_gdelt,unknown,sp500_gdelt_english_news;sp500_news,nwl,observed_company_universe; needs_match_review_low_strength_seen
SP500:NWS,SP500,NWS,News Corp (Class B),News Corp (Class B),US,USD,observed_company_universe,,,covid19_first_wave;russia_ukraine_conflict_2022;israel_palestine_conflict_2023;us_israel_iran_conflict_2025,main_and_gdelt,unknown,sp500_gdelt_english_news;sp500_news,NEWS CORP;nws;News Corporation,observed_company_universe; needs_match_review_low_strength_seen
SP500:NWSA,SP500,NWSA,News Corp (Class A),News Corp (Class A),US,USD,observed_company_universe,,,covid19_first_wave;russia_ukraine_conflict_2022;israel_palestine_conflict_2023;us_israel_iran_conflict_2025,main_and_gdelt,unknown,sp500_gdelt_english_news;sp500_news,NEWS CORP;nwsa;News Corporation,observed_company_universe; sp500_constituent_coverage_audit_available
SP500:NXPI,SP500,NXPI,NXP Semiconductors,NXP Semiconductors,US,USD,observed_company_universe,,,covid19_first_wave;russia_ukraine_conflict_2022;israel_palestine_conflict_2023;us_israel_iran_conflict_2025,gdelt_and_supplement,unknown,sp500_gdelt_english_news;sp500_tushare_news,恩智浦;NXP Semiconductors,observed_company_universe; needs_match_review_low_strength_seen
SP500:O,SP500,O,Realty Income,Realty Income,US,USD,observed_company_universe,,,covid19_first_wave;russia_ukraine_conflict_2022;israel_palestine_conflict_2023;us_israel_iran_conflict_2025,main_and_gdelt,unknown,sp500_gdelt_english_news;sp500_news,Realty Income,observed_company_universe; sp500_constituent_coverage_audit_available
SP500:ODFL,SP500,ODFL,Old Dominion,Old Dominion,US,USD,observed_company_universe,,,covid19_first_wave;russia_ukraine_conflict_2022;israel_palestine_conflict_2023;us_israel_iran_conflict_2025,main_and_gdelt,unknown,sp500_gdelt_english_news;sp500_news;sp500_tushare_news,Old Dominion,observed_company_universe; sp500_constituent_coverage_audit_available
SP500:OKE,SP500,OKE,Oneok,Oneok,US,USD,observed_company_universe,,,covid19_first_wave;russia_ukraine_conflict_2022;israel_palestine_conflict_2023;us_israel_iran_conflict_2025,main_and_gdelt,unknown,sp500_gdelt_english_news;sp500_news,,observed_company_universe; needs_match_review_low_strength_seen
SP500:OMC,SP500,OMC,Omnicom Group,Omnicom Group,US,USD,observed_company_universe,,,covid19_first_wave;russia_ukraine_conflict_2022;israel_palestine_conflict_2023;us_israel_iran_conflict_2025,gdelt_only,unknown,sp500_gdelt_english_news,Omnicom Group,observed_company_universe; needs_match_review_low_strength_seen
SP500:ON,SP500,ON,ON Semiconductor,ON Semiconductor,US,USD,observed_company_universe,,,covid19_first_wave;russia_ukraine_conflict_2022;israel_palestine_conflict_2023;us_israel_iran_conflict_2025,main_and_gdelt,unknown,sp500_gdelt_english_news;sp500_news,ON Semiconductor,observed_company_universe; sp500_constituent_coverage_audit_available
SP500:ORCL,SP500,ORCL,Oracle Corporation,Oracle Corporation,US,USD,observed_company_universe,,,covid19_first_wave;russia_ukraine_conflict_2022;israel_palestine_conflict_2023;us_israel_iran_conflict_2025,main_and_gdelt,unknown,sp500_gdelt_english_news;sp500_news;sp500_tushare_news,甲骨文;Oracle Corporation;Oracle,observed_company_universe; needs_match_review_low_strength_seen
SP500:ORLY,SP500,ORLY,O’Reilly Automotive,O’Reilly Automotive,US,USD,observed_company_universe,,,covid19_first_wave;russia_ukraine_conflict_2022;israel_palestine_conflict_2023;us_israel_iran_conflict_2025,main_and_gdelt,unknown,sp500_gdelt_english_news;sp500_news,,observed_company_universe; needs_match_review_low_strength_seen
SP500:OTIS,SP500,OTIS,Otis Worldwide,Otis Worldwide,US,USD,observed_company_universe,,,covid19_first_wave;russia_ukraine_conflict_2022;israel_palestine_conflict_2023;us_israel_iran_conflict_2025,main_and_gdelt,unknown,sp500_gdelt_english_news;sp500_news,,observed_company_universe; needs_match_review_low_strength_seen
SP500:OXY,SP500,OXY,Occidental Petroleum,Occidental Petroleum,US,USD,observed_company_universe,,,covid19_first_wave;russia_ukraine_conflict_2022;israel_palestine_conflict_2023;us_israel_iran_conflict_2025,main_and_gdelt,unknown,sp500_gdelt_english_news;sp500_news;sp500_tushare_news,Occidental Petroleum,observed_company_universe; needs_match_review_low_strength_seen
SP500:PANW,SP500,PANW,Palo Alto Networks,Palo Alto Networks,US,USD,observed_company_universe,,,covid19_first_wave;russia_ukraine_conflict_2022;israel_palestine_conflict_2023;us_israel_iran_conflict_2025,main_and_gdelt,unknown,sp500_gdelt_english_news;sp500_news;sp500_tushare_news,Palo Alto Networks,observed_company_universe; needs_match_review_low_strength_seen
SP500:PARA,SP500,PARA,PARA,PARA,US,USD,observed_company_universe,,,covid19_first_wave;russia_ukraine_conflict_2022;israel_palestine_conflict_2023;us_israel_iran_conflict_2025,gdelt_and_supplement,unknown,sp500_gdelt_english_news;sp500_tushare_news,,observed_company_universe; needs_match_review_low_strength_seen
SP500:PAYC,SP500,PAYC,Paycom,Paycom,US,USD,observed_company_universe,,,covid19_first_wave;russia_ukraine_conflict_2022;israel_palestine_conflict_2023;us_israel_iran_conflict_2025,gdelt_only,unknown,sp500_gdelt_english_news,,observed_company_universe; needs_match_review_low_strength_seen
SP500:PAYX,SP500,PAYX,Paychex,Paychex,US,USD,observed_company_universe,,,covid19_first_wave;russia_ukraine_conflict_2022;israel_palestine_conflict_2023;us_israel_iran_conflict_2025,main_and_gdelt,unknown,sp500_gdelt_english_news;sp500_news,Paychex,observed_company_universe; needs_match_review_low_strength_seen
SP500:PBCT,SP500,PBCT,PBCT,PBCT,US,USD,observed_company_universe,,,covid19_first_wave;russia_ukraine_conflict_2022;israel_palestine_conflict_2023;us_israel_iran_conflict_2025,gdelt_only,unknown,sp500_gdelt_english_news,Peoples United Bank;Peoples United Financial,observed_company_universe; needs_match_review_low_strength_seen
SP500:PCAR,SP500,PCAR,Paccar,Paccar,US,USD,observed_company_universe,,,covid19_first_wave;russia_ukraine_conflict_2022;israel_palestine_conflict_2023;us_israel_iran_conflict_2025,main_and_gdelt,unknown,sp500_gdelt_english_news;sp500_news,Paccar,observed_company_universe; needs_match_review_low_strength_seen
SP500:PCG,SP500,PCG,PG&E Corporation,PG&E Corporation,US,USD,observed_company_universe,,,covid19_first_wave;russia_ukraine_conflict_2022;israel_palestine_conflict_2023;us_israel_iran_conflict_2025,main_and_gdelt,unknown,sp500_gdelt_english_news;sp500_news;sp500_tushare_news,,observed_company_universe; needs_match_review_low_strength_seen
SP500:PEAK,SP500,PEAK,PEAK,PEAK,US,USD,observed_company_universe,,,covid19_first_wave;russia_ukraine_conflict_2022;israel_palestine_conflict_2023;us_israel_iran_conflict_2025,main_and_gdelt,unknown,sp500_gdelt_english_news;sp500_news;sp500_tushare_news,,observed_company_universe; needs_match_review_low_strength_seen
SP500:PEG,SP500,PEG,Public Service Enterprise Group,Public Service Enterprise Group,US,USD,observed_company_universe,,,covid19_first_wave;russia_ukraine_conflict_2022;israel_palestine_conflict_2023;us_israel_iran_conflict_2025,main_and_gdelt,unknown,sp500_gdelt_english_news;sp500_news,Public Service Enterprise Group,observed_company_universe; needs_match_review_low_strength_seen
SP500:PEP,SP500,PEP,PepsiCo,PepsiCo,US,USD,observed_company_universe,,,covid19_first_wave;russia_ukraine_conflict_2022;israel_palestine_conflict_2023;us_israel_iran_conflict_2025,main_and_gdelt,unknown,sp500_gdelt_english_news;sp500_news;sp500_tushare_news,,observed_company_universe; needs_match_review_low_strength_seen
SP500:PFE,SP500,PFE,Pfizer,Pfizer,US,USD,observed_company_universe,,,covid19_first_wave;russia_ukraine_conflict_2022;israel_palestine_conflict_2023;us_israel_iran_conflict_2025,gdelt_and_supplement,unknown,sp500_gdelt_english_news;sp500_tushare_news,辉瑞;Pfizer,observed_company_universe; needs_match_review_low_strength_seen
SP500:PFG,SP500,PFG,Principal Financial Group,Principal Financial Group,US,USD,observed_company_universe,,,covid19_first_wave;russia_ukraine_conflict_2022;israel_palestine_conflict_2023;us_israel_iran_conflict_2025,main_and_gdelt,unknown,sp500_gdelt_english_news;sp500_news,Principal Financial Group,observed_company_universe; needs_match_review_low_strength_seen
SP500:PG,SP500,PG,Procter & Gamble,Procter & Gamble,US,USD,observed_company_universe,,,covid19_first_wave;russia_ukraine_conflict_2022;israel_palestine_conflict_2023;us_israel_iran_conflict_2025,supplement_only,unknown,sp500_tushare_news,宝洁,observed_company_universe; sp500_constituent_coverage_audit_available
SP500:PGR,SP500,PGR,Progressive Corporation,Progressive Corporation,US,USD,observed_company_universe,,,covid19_first_wave;russia_ukraine_conflict_2022;israel_palestine_conflict_2023;us_israel_iran_conflict_2025,main_and_gdelt,unknown,sp500_gdelt_english_news;sp500_news,,observed_company_universe; needs_match_review_low_strength_seen
SP500:PH,SP500,PH,Parker Hannifin,Parker Hannifin,US,USD,observed_company_universe,,,covid19_first_wave;russia_ukraine_conflict_2022;israel_palestine_conflict_2023;us_israel_iran_conflict_2025,main_and_gdelt,unknown,sp500_gdelt_english_news;sp500_news,Parker Hannifin,observed_company_universe; sp500_constituent_coverage_audit_available
SP500:PHM,SP500,PHM,PulteGroup,PulteGroup,US,USD,observed_company_universe,,,covid19_first_wave;russia_ukraine_conflict_2022;israel_palestine_conflict_2023;us_israel_iran_conflict_2025,main_and_gdelt,unknown,sp500_gdelt_english_news;sp500_news,PulteGroup,observed_company_universe; needs_match_review_low_strength_seen
SP500:PKG,SP500,PKG,Packaging Corporation of America,Packaging Corporation of America,US,USD,observed_company_universe,,,covid19_first_wave;russia_ukraine_conflict_2022;israel_palestine_conflict_2023;us_israel_iran_conflict_2025,main_and_gdelt,unknown,sp500_gdelt_english_news;sp500_news,Packaging Corporation of America,observed_company_universe; needs_match_review_low_strength_seen
SP500:PKI,SP500,PKI,PKI,PKI,US,USD,observed_company_universe,,,covid19_first_wave;russia_ukraine_conflict_2022;israel_palestine_conflict_2023;us_israel_iran_conflict_2025,gdelt_only,unknown,sp500_gdelt_english_news,,observed_company_universe; needs_match_review_low_strength_seen
SP500:PLD,SP500,PLD,Prologis,Prologis,US,USD,observed_company_universe,,,covid19_first_wave;russia_ukraine_conflict_2022;israel_palestine_conflict_2023;us_israel_iran_conflict_2025,main_and_gdelt,unknown,sp500_gdelt_english_news;sp500_news,Prologis,observed_company_universe; needs_match_review_low_strength_seen
SP500:PLTR,SP500,PLTR,Palantir Technologies,Palantir Technologies,US,USD,observed_company_universe,,,covid19_first_wave;russia_ukraine_conflict_2022;israel_palestine_conflict_2023;us_israel_iran_conflict_2025,gdelt_and_supplement,unknown,sp500_gdelt_english_news;sp500_tushare_news,Palantir Technologies;Palantir,observed_company_universe; needs_match_review_low_strength_seen
SP500:PM,SP500,PM,Philip Morris International,Philip Morris International,US,USD,observed_company_universe,,,covid19_first_wave;russia_ukraine_conflict_2022;israel_palestine_conflict_2023;us_israel_iran_conflict_2025,main_and_gdelt,unknown,sp500_gdelt_english_news;sp500_news,Philip Morris International,observed_company_universe; sp500_constituent_coverage_audit_available
SP500:PNC,SP500,PNC,PNC Financial Services,PNC Financial Services,US,USD,observed_company_universe,,,covid19_first_wave;russia_ukraine_conflict_2022;israel_palestine_conflict_2023;us_israel_iran_conflict_2025,main_and_gdelt,unknown,sp500_gdelt_english_news;sp500_news;sp500_tushare_news,,observed_company_universe; needs_match_review_low_strength_seen
SP500:PNR,SP500,PNR,Pentair,Pentair,US,USD,observed_company_universe,,,covid19_first_wave;russia_ukraine_conflict_2022;israel_palestine_conflict_2023;us_israel_iran_conflict_2025,main_and_gdelt,unknown,sp500_gdelt_english_news;sp500_news,Pentair,observed_company_universe; needs_match_review_low_strength_seen
SP500:PNW,SP500,PNW,Pinnacle West Capital,Pinnacle West Capital,US,USD,observed_company_universe,,,covid19_first_wave;russia_ukraine_conflict_2022;israel_palestine_conflict_2023;us_israel_iran_conflict_2025,main_and_gdelt,unknown,sp500_gdelt_english_news;sp500_news,Pinnacle West Capital,observed_company_universe; needs_match_review_low_strength_seen
SP500:PODD,SP500,PODD,Insulet Corporation,Insulet Corporation,US,USD,observed_company_universe,,,covid19_first_wave;russia_ukraine_conflict_2022;israel_palestine_conflict_2023;us_israel_iran_conflict_2025,main_and_gdelt,unknown,sp500_gdelt_english_news;sp500_news,Insulet Corporation,observed_company_universe; needs_match_review_low_strength_seen
SP500:POOL,SP500,POOL,Pool Corporation,Pool Corporation,US,USD,observed_company_universe,,,covid19_first_wave;russia_ukraine_conflict_2022;israel_palestine_conflict_2023;us_israel_iran_conflict_2025,main_and_gdelt,unknown,sp500_gdelt_english_news;sp500_news,,observed_company_universe; needs_match_review_low_strength_seen
SP500:PPG,SP500,PPG,PPG Industries,PPG Industries,US,USD,observed_company_universe,,,covid19_first_wave;russia_ukraine_conflict_2022;israel_palestine_conflict_2023;us_israel_iran_conflict_2025,gdelt_and_supplement,unknown,sp500_gdelt_english_news;sp500_tushare_news,,observed_company_universe; needs_match_review_low_strength_seen
SP500:PPL,SP500,PPL,PPL Corporation,PPL Corporation,US,USD,observed_company_universe,,,covid19_first_wave;russia_ukraine_conflict_2022;israel_palestine_conflict_2023;us_israel_iran_conflict_2025,gdelt_and_supplement,unknown,sp500_gdelt_english_news;sp500_tushare_news,,observed_company_universe; needs_match_review_low_strength_seen
SP500:PRGO,SP500,PRGO,PRGO,PRGO,US,USD,observed_company_universe,,,covid19_first_wave;russia_ukraine_conflict_2022;israel_palestine_conflict_2023;us_israel_iran_conflict_2025,main_and_gdelt,unknown,sp500_gdelt_english_news;sp500_news,,observed_company_universe; needs_match_review_low_strength_seen
SP500:PRU,SP500,PRU,Prudential Financial,Prudential Financial,US,USD,observed_company_universe,,,covid19_first_wave;russia_ukraine_conflict_2022;israel_palestine_conflict_2023;us_israel_iran_conflict_2025,main_and_gdelt,unknown,sp500_gdelt_english_news;sp500_news,,observed_company_universe; needs_match_review_low_strength_seen
SP500:PSA,SP500,PSA,Public Storage,Public Storage,US,USD,observed_company_universe,,,covid19_first_wave;russia_ukraine_conflict_2022;israel_palestine_conflict_2023;us_israel_iran_conflict_2025,main_and_gdelt,unknown,sp500_gdelt_english_news;sp500_news;sp500_tushare_news,,observed_company_universe; needs_match_review_low_strength_seen
SP500:PSX,SP500,PSX,Phillips 66,Phillips 66,US,USD,observed_company_universe,,,covid19_first_wave;russia_ukraine_conflict_2022;israel_palestine_conflict_2023;us_israel_iran_conflict_2025,main_and_gdelt,unknown,sp500_gdelt_english_news;sp500_news;sp500_tushare_news,,observed_company_universe; needs_match_review_low_strength_seen
SP500:PTC,SP500,PTC,PTC Inc.,PTC Inc.,US,USD,observed_company_universe,,,covid19_first_wave;russia_ukraine_conflict_2022;israel_palestine_conflict_2023;us_israel_iran_conflict_2025,gdelt_and_supplement,unknown,sp500_gdelt_english_news;sp500_tushare_news,,observed_company_universe; needs_match_review_low_strength_seen
SP500:PVH,SP500,PVH,PVH,PVH,US,USD,observed_company_universe,,,covid19_first_wave;russia_ukraine_conflict_2022;israel_palestine_conflict_2023;us_israel_iran_conflict_2025,main_and_gdelt,unknown,sp500_gdelt_english_news;sp500_news;sp500_tushare_news,,observed_company_universe; needs_match_review_low_strength_seen
SP500:PWR,SP500,PWR,Quanta Services,Quanta Services,US,USD,observed_company_universe,,,covid19_first_wave;russia_ukraine_conflict_2022;israel_palestine_conflict_2023;us_israel_iran_conflict_2025,main_and_gdelt,unknown,sp500_gdelt_english_news;sp500_news,Quanta Services,observed_company_universe; needs_match_review_low_strength_seen
SP500:PXD,SP500,PXD,PXD,PXD,US,USD,observed_company_universe,,,covid19_first_wave;russia_ukraine_conflict_2022;israel_palestine_conflict_2023;us_israel_iran_conflict_2025,main_and_gdelt,unknown,sp500_gdelt_english_news;sp500_news;sp500_tushare_news,Pioneer Natural Resources;Pioneer Natural,observed_company_universe; needs_match_review_low_strength_seen
SP500:PYPL,SP500,PYPL,PayPal,PayPal,US,USD,observed_company_universe,,,covid19_first_wave;russia_ukraine_conflict_2022;israel_palestine_conflict_2023;us_israel_iran_conflict_2025,main_and_gdelt,unknown,sp500_gdelt_english_news;sp500_news;sp500_tushare_news,PayPal;贝宝,observed_company_universe; needs_match_review_low_strength_seen
SP500:QCOM,SP500,QCOM,Qualcomm,Qualcomm,US,USD,observed_company_universe,,,covid19_first_wave;russia_ukraine_conflict_2022;israel_palestine_conflict_2023;us_israel_iran_conflict_2025,main_and_gdelt,unknown,sp500_gdelt_english_news;sp500_news;sp500_tushare_news,高通;Qualcomm,observed_company_universe; sp500_constituent_coverage_audit_available
SP500:QRVO,SP500,QRVO,QRVO,QRVO,US,USD,observed_company_universe,,,covid19_first_wave;russia_ukraine_conflict_2022;israel_palestine_conflict_2023;us_israel_iran_conflict_2025,main_and_gdelt,unknown,sp500_gdelt_english_news;sp500_news,,observed_company_universe; needs_match_review_low_strength_seen
SP500:RCL,SP500,RCL,Royal Caribbean Group,Royal Caribbean Group,US,USD,observed_company_universe,,,covid19_first_wave;russia_ukraine_conflict_2022;israel_palestine_conflict_2023;us_israel_iran_conflict_2025,main_and_gdelt,unknown,sp500_gdelt_english_news;sp500_news;sp500_tushare_news,Royal Caribbean Group,observed_company_universe; needs_match_review_low_strength_seen
SP500:REG,SP500,REG,Regency Centers,Regency Centers,US,USD,observed_company_universe,,,covid19_first_wave;russia_ukraine_conflict_2022;israel_palestine_conflict_2023;us_israel_iran_conflict_2025,main_and_gdelt,unknown,sp500_gdelt_english_news;sp500_news,,observed_company_universe; needs_match_review_low_strength_seen
SP500:REGN,SP500,REGN,Regeneron Pharmaceuticals,Regeneron Pharmaceuticals,US,USD,observed_company_universe,,,covid19_first_wave;russia_ukraine_conflict_2022;israel_palestine_conflict_2023;us_israel_iran_conflict_2025,main_and_gdelt,unknown,sp500_gdelt_english_news;sp500_news;sp500_tushare_news,Regeneron Pharmaceuticals,observed_company_universe; needs_match_review_low_strength_seen
SP500:RF,SP500,RF,Regions Financial Corporation,Regions Financial Corporation,US,USD,observed_company_universe,,,covid19_first_wave;russia_ukraine_conflict_2022;israel_palestine_conflict_2023;us_israel_iran_conflict_2025,main_and_gdelt,unknown,sp500_gdelt_english_news;sp500_news,Regions Financial Corporation,observed_company_universe; sp500_constituent_coverage_audit_available
SP500:RHI,SP500,RHI,RHI,RHI,US,USD,observed_company_universe,,,covid19_first_wave;russia_ukraine_conflict_2022;israel_palestine_conflict_2023;us_israel_iran_conflict_2025,main_and_gdelt,unknown,sp500_gdelt_english_news;sp500_news,,observed_company_universe; needs_match_review_low_strength_seen
SP500:RJF,SP500,RJF,Raymond James Financial,Raymond James Financial,US,USD,observed_company_universe,,,covid19_first_wave;russia_ukraine_conflict_2022;israel_palestine_conflict_2023;us_israel_iran_conflict_2025,main_and_gdelt,unknown,sp500_gdelt_english_news;sp500_news,Raymond James Financial,observed_company_universe; needs_match_review_low_strength_seen
SP500:RL,SP500,RL,Ralph Lauren Corporation,Ralph Lauren Corporation,US,USD,observed_company_universe,,,covid19_first_wave;russia_ukraine_conflict_2022;israel_palestine_conflict_2023;us_israel_iran_conflict_2025,main_and_gdelt,unknown,sp500_gdelt_english_news;sp500_news,Ralph Lauren Corporation,observed_company_universe; sp500_constituent_coverage_audit_available
SP500:RMD,SP500,RMD,ResMed,ResMed,US,USD,observed_company_universe,,,covid19_first_wave;russia_ukraine_conflict_2022;israel_palestine_conflict_2023;us_israel_iran_conflict_2025,main_and_gdelt,unknown,sp500_gdelt_english_news;sp500_news,ResMed,observed_company_universe; needs_match_review_low_strength_seen
SP500:ROK,SP500,ROK,Rockwell Automation,Rockwell Automation,US,USD,observed_company_universe,,,covid19_first_wave;russia_ukraine_conflict_2022;israel_palestine_conflict_2023;us_israel_iran_conflict_2025,main_and_gdelt,unknown,sp500_gdelt_english_news;sp500_news,,observed_company_universe; needs_match_review_low_strength_seen
SP500:ROL,SP500,ROL,"Rollins, Inc.","Rollins, Inc.",US,USD,observed_company_universe,,,covid19_first_wave;russia_ukraine_conflict_2022;israel_palestine_conflict_2023;us_israel_iran_conflict_2025,main_and_gdelt,unknown,sp500_gdelt_english_news;sp500_news,,observed_company_universe; needs_match_review_low_strength_seen
SP500:ROP,SP500,ROP,Roper Technologies,Roper Technologies,US,USD,observed_company_universe,,,covid19_first_wave;russia_ukraine_conflict_2022;israel_palestine_conflict_2023;us_israel_iran_conflict_2025,main_and_gdelt,unknown,sp500_gdelt_english_news;sp500_news,,observed_company_universe; needs_match_review_low_strength_seen
SP500:ROST,SP500,ROST,Ross Stores,Ross Stores,US,USD,observed_company_universe,,,covid19_first_wave;russia_ukraine_conflict_2022;israel_palestine_conflict_2023;us_israel_iran_conflict_2025,main_and_gdelt,unknown,sp500_gdelt_english_news;sp500_news,Ross Stores,observed_company_universe; needs_match_review_low_strength_seen
SP500:RSG,SP500,RSG,Republic Services,Republic Services,US,USD,observed_company_universe,,,covid19_first_wave;russia_ukraine_conflict_2022;israel_palestine_conflict_2023;us_israel_iran_conflict_2025,main_and_gdelt,unknown,sp500_gdelt_english_news;sp500_news,Republic Services,observed_company_universe; needs_match_review_low_strength_seen
SP500:RTN,SP500,RTN,RTN,RTN,US,USD,observed_company_universe,,,covid19_first_wave;russia_ukraine_conflict_2022;israel_palestine_conflict_2023;us_israel_iran_conflict_2025,gdelt_and_supplement,unknown,sp500_gdelt_english_news;sp500_tushare_news,Raytheon,observed_company_universe; needs_match_review_low_strength_seen
SP500:RTX,SP500,RTX,RTX Corporation,RTX Corporation,US,USD,observed_company_universe,,,covid19_first_wave;russia_ukraine_conflict_2022;israel_palestine_conflict_2023;us_israel_iran_conflict_2025,gdelt_and_supplement,unknown,sp500_gdelt_english_news;sp500_tushare_news,雷神技术,observed_company_universe; needs_match_review_low_strength_seen
SP500:RVTY,SP500,RVTY,Revvity,Revvity,US,USD,observed_company_universe,,,covid19_first_wave;russia_ukraine_conflict_2022;israel_palestine_conflict_2023;us_israel_iran_conflict_2025,gdelt_only,unknown,sp500_gdelt_english_news,Revvity,observed_company_universe; needs_match_review_low_strength_seen
SP500:SBAC,SP500,SBAC,SBA Communications,SBA Communications,US,USD,observed_company_universe,,,covid19_first_wave;russia_ukraine_conflict_2022;israel_palestine_conflict_2023;us_israel_iran_conflict_2025,gdelt_only,unknown,sp500_gdelt_english_news,SBA Communications,observed_company_universe; needs_match_review_low_strength_seen
SP500:SBUX,SP500,SBUX,Starbucks,Starbucks,US,USD,observed_company_universe,,,covid19_first_wave;russia_ukraine_conflict_2022;israel_palestine_conflict_2023;us_israel_iran_conflict_2025,main_and_gdelt,unknown,sp500_gdelt_english_news;sp500_news;sp500_tushare_news,星巴克;Starbucks,observed_company_universe; needs_match_review_low_strength_seen
SP500:SCHW,SP500,SCHW,Charles Schwab Corporation,Charles Schwab Corporation,US,USD,observed_company_universe,,,covid19_first_wave;russia_ukraine_conflict_2022;israel_palestine_conflict_2023;us_israel_iran_conflict_2025,gdelt_and_supplement,unknown,sp500_gdelt_english_news;sp500_tushare_news,嘉信理财,observed_company_universe; needs_match_review_low_strength_seen
SP500:SEE,SP500,SEE,SEE,SEE,US,USD,observed_company_universe,,,covid19_first_wave;russia_ukraine_conflict_2022;israel_palestine_conflict_2023;us_israel_iran_conflict_2025,main_and_gdelt,unknown,sp500_gdelt_english_news;sp500_news,,observed_company_universe; needs_match_review_low_strength_seen
SP500:SHW,SP500,SHW,Sherwin-Williams,Sherwin-Williams,US,USD,observed_company_universe,,,covid19_first_wave;russia_ukraine_conflict_2022;israel_palestine_conflict_2023;us_israel_iran_conflict_2025,main_and_gdelt,unknown,sp500_gdelt_english_news;sp500_news,,observed_company_universe; needs_match_review_low_strength_seen
SP500:SIVB,SP500,SIVB,SIVB,SIVB,US,USD,observed_company_universe,,,covid19_first_wave;russia_ukraine_conflict_2022;israel_palestine_conflict_2023;us_israel_iran_conflict_2025,gdelt_only,unknown,sp500_gdelt_english_news,Silicon Valley Bank,observed_company_universe; needs_match_review_low_strength_seen
SP500:SJM,SP500,SJM,J.M. Smucker Company (The),J.M. Smucker Company (The),US,USD,observed_company_universe,,,covid19_first_wave;russia_ukraine_conflict_2022;israel_palestine_conflict_2023;us_israel_iran_conflict_2025,gdelt_only,unknown,sp500_gdelt_english_news,J M SMUCKER Co,observed_company_universe; needs_match_review_low_strength_seen
SP500:SLB,SP500,SLB,Schlumberger,Schlumberger,US,USD,observed_company_universe,,,covid19_first_wave;russia_ukraine_conflict_2022;israel_palestine_conflict_2023;us_israel_iran_conflict_2025,main_and_gdelt,unknown,sp500_gdelt_english_news;sp500_news,Schlumberger,observed_company_universe; needs_match_review_low_strength_seen
SP500:SLG,SP500,SLG,SLG,SLG,US,USD,observed_company_universe,,,covid19_first_wave;russia_ukraine_conflict_2022;israel_palestine_conflict_2023;us_israel_iran_conflict_2025,main_and_gdelt,unknown,sp500_gdelt_english_news;sp500_news,,observed_company_universe; needs_match_review_low_strength_seen
SP500:SMCI,SP500,SMCI,Supermicro,Supermicro,US,USD,observed_company_universe,,,covid19_first_wave;russia_ukraine_conflict_2022;israel_palestine_conflict_2023;us_israel_iran_conflict_2025,main_and_gdelt,unknown,sp500_gdelt_english_news;sp500_news;sp500_tushare_news,Supermicro,observed_company_universe; needs_match_review_low_strength_seen
SP500:SNA,SP500,SNA,Snap-on,Snap-on,US,USD,observed_company_universe,,,covid19_first_wave;russia_ukraine_conflict_2022;israel_palestine_conflict_2023;us_israel_iran_conflict_2025,main_and_gdelt,unknown,sp500_gdelt_english_news;sp500_news,,observed_company_universe; needs_match_review_low_strength_seen
SP500:SNPS,SP500,SNPS,Synopsys,Synopsys,US,USD,observed_company_universe,,,covid19_first_wave;russia_ukraine_conflict_2022;israel_palestine_conflict_2023;us_israel_iran_conflict_2025,gdelt_and_supplement,unknown,sp500_gdelt_english_news;sp500_tushare_news,新思科技;Synopsys,observed_company_universe; needs_match_review_low_strength_seen
SP500:SO,SP500,SO,Southern Company,Southern Company,US,USD,observed_company_universe,,,covid19_first_wave;russia_ukraine_conflict_2022;israel_palestine_conflict_2023;us_israel_iran_conflict_2025,main_and_gdelt,unknown,sp500_gdelt_english_news;sp500_news,Southern Company,observed_company_universe; sp500_constituent_coverage_audit_available
SP500:SOLV,SP500,SOLV,Solventum,Solventum,US,USD,observed_company_universe,,,covid19_first_wave;russia_ukraine_conflict_2022;israel_palestine_conflict_2023;us_israel_iran_conflict_2025,gdelt_only,unknown,sp500_gdelt_english_news,,observed_company_universe; needs_match_review_low_strength_seen
SP500:SPG,SP500,SPG,Simon Property Group,Simon Property Group,US,USD,observed_company_universe,,,covid19_first_wave;russia_ukraine_conflict_2022;israel_palestine_conflict_2023;us_israel_iran_conflict_2025,gdelt_only,unknown,sp500_gdelt_english_news,Simon Property Group,observed_company_universe; needs_match_review_low_strength_seen
SP500:SPGI,SP500,SPGI,S&P Global,S&P Global,US,USD,observed_company_universe,,,covid19_first_wave;russia_ukraine_conflict_2022;israel_palestine_conflict_2023;us_israel_iran_conflict_2025,gdelt_and_supplement,unknown,sp500_gdelt_english_news;sp500_tushare_news,标普全球;S&P Global,observed_company_universe; needs_match_review_low_strength_seen
SP500:SRE,SP500,SRE,Sempra,Sempra,US,USD,observed_company_universe,,,covid19_first_wave;russia_ukraine_conflict_2022;israel_palestine_conflict_2023;us_israel_iran_conflict_2025,gdelt_only,unknown,sp500_gdelt_english_news,,observed_company_universe; needs_match_review_low_strength_seen
SP500:STE,SP500,STE,Steris,Steris,US,USD,observed_company_universe,,,covid19_first_wave;russia_ukraine_conflict_2022;israel_palestine_conflict_2023;us_israel_iran_conflict_2025,gdelt_only,unknown,sp500_gdelt_english_news,,observed_company_universe; sp500_constituent_coverage_audit_available
SP500:STLD,SP500,STLD,Steel Dynamics,Steel Dynamics,US,USD,observed_company_universe,,,covid19_first_wave;russia_ukraine_conflict_2022;israel_palestine_conflict_2023;us_israel_iran_conflict_2025,gdelt_only,unknown,sp500_gdelt_english_news,Steel Dynamics,observed_company_universe; needs_match_review_low_strength_seen
SP500:STT,SP500,STT,State Street Corporation,State Street Corporation,US,USD,observed_company_universe,,,covid19_first_wave;russia_ukraine_conflict_2022;israel_palestine_conflict_2023;us_israel_iran_conflict_2025,gdelt_and_supplement,unknown,sp500_gdelt_english_news;sp500_tushare_news,State Street Corporation;State Street,observed_company_universe; needs_match_review_low_strength_seen
SP500:STX,SP500,STX,Seagate Technology,Seagate Technology,US,USD,observed_company_universe,,,covid19_first_wave;russia_ukraine_conflict_2022;israel_palestine_conflict_2023;us_israel_iran_conflict_2025,gdelt_and_supplement,unknown,sp500_gdelt_english_news;sp500_tushare_news,Seagate Technology;希捷,observed_company_universe; needs_match_review_low_strength_seen
SP500:STZ,SP500,STZ,Constellation Brands,Constellation Brands,US,USD,observed_company_universe,,,covid19_first_wave;russia_ukraine_conflict_2022;israel_palestine_conflict_2023;us_israel_iran_conflict_2025,gdelt_only,unknown,sp500_gdelt_english_news,Constellation Brands,observed_company_universe; needs_match_review_low_strength_seen
SP500:SW,SP500,SW,Smurfit Westrock,Smurfit Westrock,US,USD,observed_company_universe,,,israel_palestine_conflict_2023;us_israel_iran_conflict_2025,gdelt_only,unknown,sp500_gdelt_english_news,Smurfit Westrock,observed_company_universe; sp500_constituent_coverage_audit_available
SP500:SWK,SP500,SWK,Stanley Black & Decker,Stanley Black & Decker,US,USD,observed_company_universe,,,covid19_first_wave;russia_ukraine_conflict_2022;israel_palestine_conflict_2023;us_israel_iran_conflict_2025,main_and_gdelt,unknown,sp500_gdelt_english_news;sp500_news,swk,observed_company_universe; needs_match_review_low_strength_seen
SP500:SWKS,SP500,SWKS,Skyworks Solutions,Skyworks Solutions,US,USD,observed_company_universe,,,covid19_first_wave;russia_ukraine_conflict_2022;israel_palestine_conflict_2023;us_israel_iran_conflict_2025,main_and_gdelt,unknown,sp500_gdelt_english_news;sp500_news,Skyworks Solutions;swks,observed_company_universe; needs_match_review_low_strength_seen
SP500:SYF,SP500,SYF,Synchrony Financial,Synchrony Financial,US,USD,observed_company_universe,,,covid19_first_wave;russia_ukraine_conflict_2022;israel_palestine_conflict_2023;us_israel_iran_conflict_2025,gdelt_only,unknown,sp500_gdelt_english_news,Synchrony Financial,observed_company_universe; needs_match_review_low_strength_seen
SP500:SYK,SP500,SYK,Stryker Corporation,Stryker Corporation,US,USD,observed_company_universe,,,covid19_first_wave;russia_ukraine_conflict_2022;israel_palestine_conflict_2023;us_israel_iran_conflict_2025,main_and_gdelt,unknown,sp500_gdelt_english_news;sp500_news,syk;Stryker Corporation,observed_company_universe; needs_match_review_low_strength_seen
SP500:SYY,SP500,SYY,Sysco,Sysco,US,USD,observed_company_universe,,,covid19_first_wave;russia_ukraine_conflict_2022;israel_palestine_conflict_2023;us_israel_iran_conflict_2025,main_and_gdelt,unknown,sp500_gdelt_english_news;sp500_news,Sysco;syy,observed_company_universe; needs_match_review_low_strength_seen
SP500:T,SP500,T,AT&T,AT&T,US,USD,observed_company_universe,,,covid19_first_wave;russia_ukraine_conflict_2022;israel_palestine_conflict_2023;us_israel_iran_conflict_2025,main_and_gdelt,unknown,sp500_gdelt_english_news;sp500_news,ATT;t,observed_company_universe; needs_match_review_low_strength_seen
SP500:TAP,SP500,TAP,Molson Coors Beverage Company,Molson Coors Beverage Company,US,USD,observed_company_universe,,,covid19_first_wave;russia_ukraine_conflict_2022;israel_palestine_conflict_2023;us_israel_iran_conflict_2025,main_and_gdelt,unknown,sp500_gdelt_english_news;sp500_news;sp500_tushare_news,tap,observed_company_universe; needs_match_review_low_strength_seen
SP500:TDG,SP500,TDG,TransDigm Group,TransDigm Group,US,USD,observed_company_universe,,,covid19_first_wave;russia_ukraine_conflict_2022;israel_palestine_conflict_2023;us_israel_iran_conflict_2025,gdelt_only,unknown,sp500_gdelt_english_news,TransDigm Group,observed_company_universe; needs_match_review_low_strength_seen
SP500:TDY,SP500,TDY,Teledyne Technologies,Teledyne Technologies,US,USD,observed_company_universe,,,covid19_first_wave;russia_ukraine_conflict_2022;israel_palestine_conflict_2023;us_israel_iran_conflict_2025,gdelt_only,unknown,sp500_gdelt_english_news,Teledyne Technologies,observed_company_universe; needs_match_review_low_strength_seen
SP500:TECH,SP500,TECH,Bio-Techne,Bio-Techne,US,USD,observed_company_universe,,,covid19_first_wave;russia_ukraine_conflict_2022;israel_palestine_conflict_2023;us_israel_iran_conflict_2025,main_and_gdelt,unknown,sp500_gdelt_english_news;sp500_news;sp500_tushare_news,tech,observed_company_universe; needs_match_review_low_strength_seen
SP500:TEL,SP500,TEL,TE Connectivity,TE Connectivity,US,USD,observed_company_universe,,,covid19_first_wave;russia_ukraine_conflict_2022;israel_palestine_conflict_2023;us_israel_iran_conflict_2025,gdelt_only,unknown,sp500_gdelt_english_news,,observed_company_universe; needs_match_review_low_strength_seen
SP500:TER,SP500,TER,Teradyne,Teradyne,US,USD,observed_company_universe,,,covid19_first_wave;russia_ukraine_conflict_2022;israel_palestine_conflict_2023;us_israel_iran_conflict_2025,main_and_gdelt,unknown,sp500_gdelt_english_news;sp500_news,ter,observed_company_universe; sp500_constituent_coverage_audit_available
SP500:TFC,SP500,TFC,Truist Financial,Truist Financial,US,USD,observed_company_universe,,,covid19_first_wave;russia_ukraine_conflict_2022;israel_palestine_conflict_2023;us_israel_iran_conflict_2025,main_and_gdelt,unknown,sp500_gdelt_english_news;sp500_news;sp500_tushare_news,Truist Financial;tfc,observed_company_universe; needs_match_review_low_strength_seen
SP500:TFX,SP500,TFX,TFX,TFX,US,USD,observed_company_universe,,,covid19_first_wave;russia_ukraine_conflict_2022;israel_palestine_conflict_2023;us_israel_iran_conflict_2025,main_and_gdelt,unknown,sp500_gdelt_english_news;sp500_news,tfx,observed_company_universe; needs_match_review_low_strength_seen
SP500:TGT,SP500,TGT,Target Corporation,Target Corporation,US,USD,observed_company_universe,,,covid19_first_wave;russia_ukraine_conflict_2022;israel_palestine_conflict_2023;us_israel_iran_conflict_2025,main_and_gdelt,unknown,sp500_gdelt_english_news;sp500_news;sp500_tushare_news,Target Corporation;tgt,observed_company_universe; needs_match_review_low_strength_seen
SP500:TIF,SP500,TIF,TIF,TIF,US,USD,observed_company_universe,,,covid19_first_wave;russia_ukraine_conflict_2022;israel_palestine_conflict_2023;us_israel_iran_conflict_2025,gdelt_and_supplement,unknown,sp500_gdelt_english_news;sp500_tushare_news,Tiffany,observed_company_universe; needs_match_review_low_strength_seen
SP500:TJX,SP500,TJX,TJX Companies,TJX Companies,US,USD,observed_company_universe,,,covid19_first_wave;russia_ukraine_conflict_2022;israel_palestine_conflict_2023;us_israel_iran_conflict_2025,main_and_gdelt,unknown,sp500_gdelt_english_news;sp500_news;sp500_tushare_news,tjx,observed_company_universe; needs_match_review_low_strength_seen
SP500:TKO,SP500,TKO,TKO Group Holdings,TKO Group Holdings,US,USD,observed_company_universe,,,covid19_first_wave;russia_ukraine_conflict_2022;israel_palestine_conflict_2023;us_israel_iran_conflict_2025,gdelt_only,unknown,sp500_gdelt_english_news,,observed_company_universe; needs_match_review_low_strength_seen
SP500:TMO,SP500,TMO,Thermo Fisher Scientific,Thermo Fisher Scientific,US,USD,observed_company_universe,,,covid19_first_wave;russia_ukraine_conflict_2022;israel_palestine_conflict_2023;us_israel_iran_conflict_2025,main_and_gdelt,unknown,sp500_gdelt_english_news;sp500_news;sp500_tushare_news,tmo;赛默飞世尔;赛默飞;Thermo Fisher Scientific,observed_company_universe; needs_match_review_low_strength_seen
SP500:TMUS,SP500,TMUS,T-Mobile US,T-Mobile US,US,USD,observed_company_universe,,,covid19_first_wave;russia_ukraine_conflict_2022;israel_palestine_conflict_2023;us_israel_iran_conflict_2025,main_and_gdelt,unknown,sp500_gdelt_english_news;sp500_news;sp500_tushare_news,tmus;T-Mobile US,observed_company_universe; needs_match_review_low_strength_seen
SP500:TPL,SP500,TPL,Texas Pacific Land Corporation,Texas Pacific Land Corporation,US,USD,observed_company_universe,,,covid19_first_wave;russia_ukraine_conflict_2022;israel_palestine_conflict_2023;us_israel_iran_conflict_2025,main_and_gdelt,unknown,sp500_gdelt_english_news;sp500_news,tpl;Texas Pacific Land Corporation,observed_company_universe; needs_match_review_low_strength_seen
SP500:TPR,SP500,TPR,"Tapestry, Inc.","Tapestry, Inc.",US,USD,observed_company_universe,,,covid19_first_wave;russia_ukraine_conflict_2022;israel_palestine_conflict_2023;us_israel_iran_conflict_2025,main_and_gdelt,unknown,sp500_gdelt_english_news;sp500_news,tpr,observed_company_universe; needs_match_review_low_strength_seen
SP500:TRGP,SP500,TRGP,Targa Resources,Targa Resources,US,USD,observed_company_universe,,,covid19_first_wave;russia_ukraine_conflict_2022;israel_palestine_conflict_2023;us_israel_iran_conflict_2025,main_and_gdelt,unknown,sp500_gdelt_english_news;sp500_news,Targa Resources;trgp,observed_company_universe; needs_match_review_low_strength_seen
SP500:TRMB,SP500,TRMB,Trimble Inc.,Trimble Inc.,US,USD,observed_company_universe,,,covid19_first_wave;russia_ukraine_conflict_2022;israel_palestine_conflict_2023;us_israel_iran_conflict_2025,main_and_gdelt,unknown,sp500_gdelt_english_news;sp500_news,Trimble Inc;trmb,observed_company_universe; needs_match_review_low_strength_seen
SP500:TROW,SP500,TROW,T. Rowe Price,T. Rowe Price,US,USD,observed_company_universe,,,covid19_first_wave;russia_ukraine_conflict_2022;israel_palestine_conflict_2023;us_israel_iran_conflict_2025,main_and_gdelt,unknown,sp500_gdelt_english_news;sp500_news,trow,observed_company_universe; needs_match_review_low_strength_seen
SP500:TRV,SP500,TRV,Travelers Companies (The),Travelers Companies (The),US,USD,observed_company_universe,,,covid19_first_wave;russia_ukraine_conflict_2022;israel_palestine_conflict_2023;us_israel_iran_conflict_2025,main_and_gdelt,unknown,sp500_gdelt_english_news;sp500_news;sp500_tushare_news,Travelers;trv;Travelers Companies,observed_company_universe; needs_match_review_low_strength_seen
SP500:TSCO,SP500,TSCO,Tractor Supply,Tractor Supply,US,USD,observed_company_universe,,,covid19_first_wave;russia_ukraine_conflict_2022;israel_palestine_conflict_2023;us_israel_iran_conflict_2025,main_and_gdelt,unknown,sp500_gdelt_english_news;sp500_news,Tractor Supply;tsco,observed_company_universe; needs_match_review_low_strength_seen
SP500:TSLA,SP500,TSLA,"Tesla, Inc.","Tesla, Inc.",US,USD,observed_company_universe,,,covid19_first_wave;russia_ukraine_conflict_2022;israel_palestine_conflict_2023;us_israel_iran_conflict_2025,main_and_gdelt,unknown,sp500_gdelt_english_news;sp500_news;sp500_tushare_news,特斯拉;tsla,observed_company_universe; needs_match_review_low_strength_seen
SP500:TSN,SP500,TSN,Tyson Foods,Tyson Foods,US,USD,observed_company_universe,,,covid19_first_wave;russia_ukraine_conflict_2022;israel_palestine_conflict_2023;us_israel_iran_conflict_2025,main_and_gdelt,unknown,sp500_gdelt_english_news;sp500_news;sp500_tushare_news,tsn;Tyson Foods,observed_company_universe; needs_match_review_low_strength_seen
SP500:TT,SP500,TT,Trane Technologies,Trane Technologies,US,USD,observed_company_universe,,,covid19_first_wave;russia_ukraine_conflict_2022;israel_palestine_conflict_2023;us_israel_iran_conflict_2025,main_and_gdelt,unknown,sp500_gdelt_english_news;sp500_news,Trane Technologies;tt,observed_company_universe; sp500_constituent_coverage_audit_available
SP500:TTWO,SP500,TTWO,Take-Two Interactive,Take-Two Interactive,US,USD,observed_company_universe,,,covid19_first_wave;russia_ukraine_conflict_2022;israel_palestine_conflict_2023;us_israel_iran_conflict_2025,main_and_gdelt,unknown,sp500_gdelt_english_news;sp500_news,Take-Two Interactive;ttwo,observed_company_universe; needs_match_review_low_strength_seen
SP500:TWTR,SP500,TWTR,TWTR,TWTR,US,USD,observed_company_universe,,,covid19_first_wave;russia_ukraine_conflict_2022;israel_palestine_conflict_2023;us_israel_iran_conflict_2025,gdelt_and_supplement,unknown,sp500_gdelt_english_news;sp500_tushare_news,,observed_company_universe; needs_match_review_low_strength_seen
SP500:TXN,SP500,TXN,Texas Instruments,Texas Instruments,US,USD,observed_company_universe,,,covid19_first_wave;russia_ukraine_conflict_2022;israel_palestine_conflict_2023;us_israel_iran_conflict_2025,main_and_gdelt,unknown,sp500_gdelt_english_news;sp500_news;sp500_tushare_news,Texas Instruments;德州仪器;txn,observed_company_universe; needs_match_review_low_strength_seen
SP500:TXT,SP500,TXT,Textron,Textron,US,USD,observed_company_universe,,,covid19_first_wave;russia_ukraine_conflict_2022;israel_palestine_conflict_2023;us_israel_iran_conflict_2025,gdelt_only,unknown,sp500_gdelt_english_news,Textron,observed_company_universe; needs_match_review_low_strength_seen
SP500:TYL,SP500,TYL,Tyler Technologies,Tyler Technologies,US,USD,observed_company_universe,,,covid19_first_wave;russia_ukraine_conflict_2022;israel_palestine_conflict_2023;us_israel_iran_conflict_2025,main_and_gdelt,unknown,sp500_gdelt_english_news;sp500_news,tyl,observed_company_universe; needs_match_review_low_strength_seen
SP500:UA,SP500,UA,UA,UA,US,USD,observed_company_universe,,,covid19_first_wave;russia_ukraine_conflict_2022;israel_palestine_conflict_2023;us_israel_iran_conflict_2025,main_only_or_main_plus_supplement,unknown,sp500_news;sp500_tushare_news,安德玛,observed_company_universe; sp500_constituent_coverage_audit_available
SP500:UAA,SP500,UAA,UAA,UAA,US,USD,observed_company_universe,,,covid19_first_wave;russia_ukraine_conflict_2022;israel_palestine_conflict_2023;us_israel_iran_conflict_2025,main_and_gdelt,unknown,sp500_gdelt_english_news;sp500_news,,observed_company_universe; needs_match_review_low_strength_seen
SP500:UAL,SP500,UAL,United Airlines Holdings,United Airlines Holdings,US,USD,observed_company_universe,,,covid19_first_wave;russia_ukraine_conflict_2022;israel_palestine_conflict_2023;us_israel_iran_conflict_2025,main_and_gdelt,unknown,sp500_gdelt_english_news;sp500_news;sp500_tushare_news,,observed_company_universe; needs_match_review_low_strength_seen
SP500:UBER,SP500,UBER,Uber,Uber,US,USD,observed_company_universe,,,covid19_first_wave;russia_ukraine_conflict_2022;israel_palestine_conflict_2023;us_israel_iran_conflict_2025,main_and_gdelt,unknown,sp500_gdelt_english_news;sp500_news;sp500_tushare_news,优步;Uber;uber,observed_company_universe; needs_match_review_low_strength_seen
SP500:UDR,SP500,UDR,"UDR, Inc.","UDR, Inc.",US,USD,observed_company_universe,,,covid19_first_wave;russia_ukraine_conflict_2022;israel_palestine_conflict_2023;us_israel_iran_conflict_2025,gdelt_only,unknown,sp500_gdelt_english_news,,observed_company_universe; sp500_constituent_coverage_audit_available
SP500:UHS,SP500,UHS,Universal Health Services,Universal Health Services,US,USD,observed_company_universe,,,covid19_first_wave;russia_ukraine_conflict_2022;israel_palestine_conflict_2023;us_israel_iran_conflict_2025,main_and_gdelt,unknown,sp500_gdelt_english_news;sp500_news;sp500_tushare_news,uhs;Universal Health Services,observed_company_universe; needs_match_review_low_strength_seen
SP500:ULTA,SP500,ULTA,Ulta Beauty,Ulta Beauty,US,USD,observed_company_universe,,,covid19_first_wave;russia_ukraine_conflict_2022;israel_palestine_conflict_2023;us_israel_iran_conflict_2025,main_and_gdelt,unknown,sp500_gdelt_english_news;sp500_news,ulta,observed_company_universe; needs_match_review_low_strength_seen
SP500:UNH,SP500,UNH,UnitedHealth Group,UnitedHealth Group,US,USD,observed_company_universe,,,covid19_first_wave;russia_ukraine_conflict_2022;israel_palestine_conflict_2023;us_israel_iran_conflict_2025,gdelt_and_supplement,unknown,sp500_gdelt_english_news;sp500_tushare_news,联合健康;UnitedHealth Group,observed_company_universe; needs_match_review_low_strength_seen
SP500:UNM,SP500,UNM,UNM,UNM,US,USD,observed_company_universe,,,covid19_first_wave;russia_ukraine_conflict_2022;israel_palestine_conflict_2023;us_israel_iran_conflict_2025,main_and_gdelt,unknown,sp500_gdelt_english_news;sp500_news,unm,observed_company_universe; needs_match_review_low_strength_seen
SP500:UNP,SP500,UNP,Union Pacific Corporation,Union Pacific Corporation,US,USD,observed_company_universe,,,covid19_first_wave;russia_ukraine_conflict_2022;israel_palestine_conflict_2023;us_israel_iran_conflict_2025,main_and_gdelt,unknown,sp500_gdelt_english_news;sp500_news,unp;Union Pacific Corporation,observed_company_universe; needs_match_review_low_strength_seen
SP500:UPS,SP500,UPS,United Parcel Service,United Parcel Service,US,USD,observed_company_universe,,,covid19_first_wave;russia_ukraine_conflict_2022;israel_palestine_conflict_2023;us_israel_iran_conflict_2025,main_and_gdelt,unknown,sp500_gdelt_english_news;sp500_news;sp500_tushare_news,ups;United Parcel Service,observed_company_universe; needs_match_review_low_strength_seen
SP500:URI,SP500,URI,United Rentals,United Rentals,US,USD,observed_company_universe,,,covid19_first_wave;russia_ukraine_conflict_2022;israel_palestine_conflict_2023;us_israel_iran_conflict_2025,main_and_gdelt,unknown,sp500_gdelt_english_news;sp500_news,uri,observed_company_universe; needs_match_review_low_strength_seen
SP500:USB,SP500,USB,U.S. Bancorp,U.S. Bancorp,US,USD,observed_company_universe,,,covid19_first_wave;russia_ukraine_conflict_2022;israel_palestine_conflict_2023;us_israel_iran_conflict_2025,main_and_gdelt,unknown,sp500_gdelt_english_news;sp500_news;sp500_tushare_news,usb,observed_company_universe; needs_match_review_low_strength_seen
SP500:V,SP500,V,Visa Inc.,Visa Inc.,US,USD,observed_company_universe,,,covid19_first_wave;russia_ukraine_conflict_2022;israel_palestine_conflict_2023;us_israel_iran_conflict_2025,main_and_gdelt,unknown,sp500_gdelt_english_news;sp500_news;sp500_tushare_news,Visa Inc;维萨;v,observed_company_universe; sp500_constituent_coverage_audit_available
SP500:VAR,SP500,VAR,VAR,VAR,US,USD,observed_company_universe,,,covid19_first_wave;russia_ukraine_conflict_2022;israel_palestine_conflict_2023;us_israel_iran_conflict_2025,gdelt_only,unknown,sp500_gdelt_english_news,,observed_company_universe; needs_match_review_low_strength_seen
SP500:VFC,SP500,VFC,VFC,VFC,US,USD,observed_company_universe,,,covid19_first_wave;russia_ukraine_conflict_2022;israel_palestine_conflict_2023;us_israel_iran_conflict_2025,main_and_gdelt,unknown,sp500_gdelt_english_news;sp500_news,vfc,observed_company_universe; needs_match_review_low_strength_seen
SP500:VIAC,SP500,VIAC,VIAC,VIAC,US,USD,observed_company_universe,,,covid19_first_wave;russia_ukraine_conflict_2022;israel_palestine_conflict_2023;us_israel_iran_conflict_2025,gdelt_only,unknown,sp500_gdelt_english_news,Paramount Global;ViacomCBS,observed_company_universe; needs_match_review_low_strength_seen
SP500:VICI,SP500,VICI,Vici Properties,Vici Properties,US,USD,observed_company_universe,,,covid19_first_wave;russia_ukraine_conflict_2022;israel_palestine_conflict_2023;us_israel_iran_conflict_2025,main_and_gdelt,unknown,sp500_gdelt_english_news;sp500_news;sp500_tushare_news,vici,observed_company_universe; needs_match_review_low_strength_seen
SP500:VLO,SP500,VLO,Valero Energy,Valero Energy,US,USD,observed_company_universe,,,covid19_first_wave;russia_ukraine_conflict_2022;israel_palestine_conflict_2023;us_israel_iran_conflict_2025,main_and_gdelt,unknown,sp500_gdelt_english_news;sp500_news;sp500_tushare_news,vlo;Valero Energy,observed_company_universe; needs_match_review_low_strength_seen
SP500:VLTO,SP500,VLTO,Veralto,Veralto,US,USD,observed_company_universe,,,covid19_first_wave;russia_ukraine_conflict_2022;israel_palestine_conflict_2023;us_israel_iran_conflict_2025,gdelt_only,unknown,sp500_gdelt_english_news,Veralto,observed_company_universe; needs_match_review_low_strength_seen
SP500:VMC,SP500,VMC,Vulcan Materials Company,Vulcan Materials Company,US,USD,observed_company_universe,,,covid19_first_wave;russia_ukraine_conflict_2022;israel_palestine_conflict_2023;us_israel_iran_conflict_2025,main_and_gdelt,unknown,sp500_gdelt_english_news;sp500_news,Vulcan Materials Company;vmc,observed_company_universe; needs_match_review_low_strength_seen
SP500:VNO,SP500,VNO,VNO,VNO,US,USD,observed_company_universe,,,covid19_first_wave;russia_ukraine_conflict_2022;israel_palestine_conflict_2023;us_israel_iran_conflict_2025,main_and_gdelt,unknown,sp500_gdelt_english_news;sp500_news,vno,observed_company_universe; needs_match_review_low_strength_seen
SP500:VRSK,SP500,VRSK,Verisk Analytics,Verisk Analytics,US,USD,observed_company_universe,,,covid19_first_wave;russia_ukraine_conflict_2022;israel_palestine_conflict_2023;us_israel_iran_conflict_2025,main_and_gdelt,unknown,sp500_gdelt_english_news;sp500_news,Verisk Analytics;vrsk,observed_company_universe; sp500_constituent_coverage_audit_available
SP500:VRSN,SP500,VRSN,Verisign,Verisign,US,USD,observed_company_universe,,,covid19_first_wave;russia_ukraine_conflict_2022;israel_palestine_conflict_2023;us_israel_iran_conflict_2025,main_and_gdelt,unknown,sp500_gdelt_english_news;sp500_news,Verisign;vrsn,observed_company_universe; needs_match_review_low_strength_seen
SP500:VRTX,SP500,VRTX,Vertex Pharmaceuticals,Vertex Pharmaceuticals,US,USD,observed_company_universe,,,covid19_first_wave;russia_ukraine_conflict_2022;israel_palestine_conflict_2023;us_israel_iran_conflict_2025,main_and_gdelt,unknown,sp500_gdelt_english_news;sp500_news;sp500_tushare_news,Vertex Pharmaceuticals;vrtx,observed_company_universe; needs_match_review_low_strength_seen
SP500:VST,SP500,VST,Vistra Corp.,Vistra Corp.,US,USD,observed_company_universe,,,covid19_first_wave;russia_ukraine_conflict_2022;israel_palestine_conflict_2023;us_israel_iran_conflict_2025,main_and_gdelt,unknown,sp500_gdelt_english_news;sp500_news,Vistra Corp;vst,observed_company_universe; needs_match_review_low_strength_seen
SP500:VTR,SP500,VTR,Ventas,Ventas,US,USD,observed_company_universe,,,covid19_first_wave;russia_ukraine_conflict_2022;israel_palestine_conflict_2023;us_israel_iran_conflict_2025,main_and_gdelt,unknown,sp500_gdelt_english_news;sp500_news,Ventas;vtr,observed_company_universe; needs_match_review_low_strength_seen
SP500:VTRS,SP500,VTRS,Viatris,Viatris,US,USD,observed_company_universe,,,covid19_first_wave;russia_ukraine_conflict_2022;israel_palestine_conflict_2023;us_israel_iran_conflict_2025,gdelt_only,unknown,sp500_gdelt_english_news,Viatris,observed_company_universe; needs_match_review_low_strength_seen
SP500:VZ,SP500,VZ,Verizon,Verizon,US,USD,observed_company_universe,,,covid19_first_wave;russia_ukraine_conflict_2022;israel_palestine_conflict_2023;us_israel_iran_conflict_2025,gdelt_and_supplement,unknown,sp500_gdelt_english_news;sp500_tushare_news,Verizon;威瑞森,observed_company_universe; needs_match_review_low_strength_seen
SP500:WAB,SP500,WAB,Wabtec,Wabtec,US,USD,observed_company_universe,,,covid19_first_wave;russia_ukraine_conflict_2022;israel_palestine_conflict_2023;us_israel_iran_conflict_2025,main_and_gdelt,unknown,sp500_gdelt_english_news;sp500_news,wab,observed_company_universe; needs_match_review_low_strength_seen
SP500:WAT,SP500,WAT,Waters Corporation,Waters Corporation,US,USD,observed_company_universe,,,covid19_first_wave;russia_ukraine_conflict_2022;israel_palestine_conflict_2023;us_israel_iran_conflict_2025,main_and_gdelt,unknown,sp500_gdelt_english_news;sp500_news,wat,observed_company_universe; needs_match_review_low_strength_seen
SP500:WBA,SP500,WBA,WBA,WBA,US,USD,observed_company_universe,,,covid19_first_wave;russia_ukraine_conflict_2022;israel_palestine_conflict_2023;us_israel_iran_conflict_2025,main_and_gdelt,unknown,sp500_gdelt_english_news;sp500_news;sp500_tushare_news,wba,observed_company_universe; needs_match_review_low_strength_seen
SP500:WBD,SP500,WBD,Warner Bros. Discovery,Warner Bros. Discovery,US,USD,observed_company_universe,,,covid19_first_wave;russia_ukraine_conflict_2022;israel_palestine_conflict_2023;us_israel_iran_conflict_2025,gdelt_and_supplement,unknown,sp500_gdelt_english_news;sp500_tushare_news,华纳兄弟探索,observed_company_universe; needs_match_review_low_strength_seen
SP500:WDAY,SP500,WDAY,"Workday, Inc.","Workday, Inc.",US,USD,observed_company_universe,,,covid19_first_wave;russia_ukraine_conflict_2022;israel_palestine_conflict_2023;us_israel_iran_conflict_2025,main_and_gdelt,unknown,sp500_gdelt_english_news;sp500_news,wday,observed_company_universe; needs_match_review_low_strength_seen
SP500:WDC,SP500,WDC,Western Digital,Western Digital,US,USD,observed_company_universe,,,covid19_first_wave;russia_ukraine_conflict_2022;israel_palestine_conflict_2023;us_israel_iran_conflict_2025,main_and_gdelt,unknown,sp500_gdelt_english_news;sp500_news;sp500_tushare_news,Western Digital;wdc,observed_company_universe; needs_match_review_low_strength_seen
SP500:WEC,SP500,WEC,WEC Energy Group,WEC Energy Group,US,USD,observed_company_universe,,,covid19_first_wave;russia_ukraine_conflict_2022;israel_palestine_conflict_2023;us_israel_iran_conflict_2025,gdelt_only,unknown,sp500_gdelt_english_news,,observed_company_universe; needs_match_review_low_strength_seen
SP500:WELL,SP500,WELL,Welltower,Welltower,US,USD,observed_company_universe,,,covid19_first_wave;russia_ukraine_conflict_2022;israel_palestine_conflict_2023;us_israel_iran_conflict_2025,main_and_gdelt,unknown,sp500_gdelt_english_news;sp500_news,well,observed_company_universe; needs_match_review_low_strength_seen
SP500:WFC,SP500,WFC,Wells Fargo,Wells Fargo,US,USD,observed_company_universe,,,covid19_first_wave;russia_ukraine_conflict_2022;israel_palestine_conflict_2023;us_israel_iran_conflict_2025,main_and_gdelt,unknown,sp500_gdelt_english_news;sp500_news;sp500_tushare_news,Wells Fargo;wfc,observed_company_universe; needs_match_review_low_strength_seen
SP500:WHR,SP500,WHR,WHR,WHR,US,USD,observed_company_universe,,,covid19_first_wave;russia_ukraine_conflict_2022;israel_palestine_conflict_2023;us_israel_iran_conflict_2025,main_and_gdelt,unknown,sp500_gdelt_english_news;sp500_news;sp500_tushare_news,whr,observed_company_universe; needs_match_review_low_strength_seen
SP500:WLTW,SP500,WLTW,WLTW,WLTW,US,USD,observed_company_universe,,,covid19_first_wave;russia_ukraine_conflict_2022;israel_palestine_conflict_2023;us_israel_iran_conflict_2025,gdelt_only,unknown,sp500_gdelt_english_news,Willis Towers Watson;Willis Towers Watson Public Limited Company,observed_company_universe; needs_match_review_low_strength_seen
SP500:WM,SP500,WM,Waste Management,Waste Management,US,USD,observed_company_universe,,,covid19_first_wave;russia_ukraine_conflict_2022;israel_palestine_conflict_2023;us_israel_iran_conflict_2025,gdelt_only,unknown,sp500_gdelt_english_news,Waste Management,observed_company_universe; sp500_constituent_coverage_audit_available
SP500:WMB,SP500,WMB,Williams Companies,Williams Companies,US,USD,observed_company_universe,,,covid19_first_wave;russia_ukraine_conflict_2022;israel_palestine_conflict_2023;us_israel_iran_conflict_2025,gdelt_only,unknown,sp500_gdelt_english_news,Williams Companies,observed_company_universe; needs_match_review_low_strength_seen
SP500:WMT,SP500,WMT,Walmart,Walmart,US,USD,observed_company_universe,,,covid19_first_wave;russia_ukraine_conflict_2022;israel_palestine_conflict_2023;us_israel_iran_conflict_2025,main_and_gdelt,unknown,sp500_gdelt_english_news;sp500_news;sp500_tushare_news,沃尔玛;Walmart;wmt,observed_company_universe; needs_match_review_low_strength_seen
SP500:WRB,SP500,WRB,W. R. Berkley Corporation,W. R. Berkley Corporation,US,USD,observed_company_universe,,,covid19_first_wave;russia_ukraine_conflict_2022;israel_palestine_conflict_2023;us_israel_iran_conflict_2025,gdelt_only,unknown,sp500_gdelt_english_news,,observed_company_universe; needs_match_review_low_strength_seen
SP500:WRK,SP500,WRK,WRK,WRK,US,USD,observed_company_universe,,,covid19_first_wave;russia_ukraine_conflict_2022;israel_palestine_conflict_2023;us_israel_iran_conflict_2025,main_and_gdelt,unknown,sp500_gdelt_english_news;sp500_news,WestRock;WestRock Company,observed_company_universe; needs_match_review_low_strength_seen
SP500:WSM,SP500,WSM,"Williams-Sonoma, Inc.","Williams-Sonoma, Inc.",US,USD,observed_company_universe,,,covid19_first_wave;russia_ukraine_conflict_2022;israel_palestine_conflict_2023;us_israel_iran_conflict_2025,main_and_gdelt,unknown,sp500_gdelt_english_news;sp500_news,wsm,observed_company_universe; needs_match_review_low_strength_seen
SP500:WST,SP500,WST,West Pharmaceutical Services,West Pharmaceutical Services,US,USD,observed_company_universe,,,covid19_first_wave;russia_ukraine_conflict_2022;israel_palestine_conflict_2023;us_israel_iran_conflict_2025,main_and_gdelt,unknown,sp500_gdelt_english_news;sp500_news,wst,observed_company_universe; needs_match_review_low_strength_seen
SP500:WTW,SP500,WTW,Willis Towers Watson,Willis Towers Watson,US,USD,observed_company_universe,,,covid19_first_wave;russia_ukraine_conflict_2022;israel_palestine_conflict_2023;us_israel_iran_conflict_2025,gdelt_only,unknown,sp500_gdelt_english_news,Willis Towers Watson,observed_company_universe; needs_match_review_low_strength_seen
SP500:WU,SP500,WU,WU,WU,US,USD,observed_company_universe,,,covid19_first_wave;us_israel_iran_conflict_2025,supplement_only,unknown,sp500_tushare_news,西联汇款;Western Union,observed_company_universe; sp500_constituent_coverage_audit_available
SP500:WY,SP500,WY,Weyerhaeuser,Weyerhaeuser,US,USD,observed_company_universe,,,covid19_first_wave;russia_ukraine_conflict_2022;israel_palestine_conflict_2023;us_israel_iran_conflict_2025,main_and_gdelt,unknown,sp500_gdelt_english_news;sp500_news,Weyerhaeuser;wy,observed_company_universe; needs_match_review_low_strength_seen
SP500:WYNN,SP500,WYNN,Wynn Resorts,Wynn Resorts,US,USD,observed_company_universe,,,covid19_first_wave;russia_ukraine_conflict_2022;israel_palestine_conflict_2023;us_israel_iran_conflict_2025,gdelt_and_supplement,unknown,sp500_gdelt_english_news;sp500_tushare_news,永利,observed_company_universe; needs_match_review_low_strength_seen
SP500:XEC,SP500,XEC,XEC,XEC,US,USD,observed_company_universe,,,covid19_first_wave;russia_ukraine_conflict_2022;israel_palestine_conflict_2023;us_israel_iran_conflict_2025,gdelt_only,unknown,sp500_gdelt_english_news,,observed_company_universe; needs_match_review_low_strength_seen
SP500:XEL,SP500,XEL,Xcel Energy,Xcel Energy,US,USD,observed_company_universe,,,covid19_first_wave;russia_ukraine_conflict_2022;israel_palestine_conflict_2023;us_israel_iran_conflict_2025,main_and_gdelt,unknown,sp500_gdelt_english_news;sp500_news;sp500_tushare_news,xel;Xcel Energy,observed_company_universe; needs_match_review_low_strength_seen
SP500:XLNX,SP500,XLNX,XLNX,XLNX,US,USD,observed_company_universe,,,covid19_first_wave;russia_ukraine_conflict_2022;israel_palestine_conflict_2023;us_israel_iran_conflict_2025,gdelt_and_supplement,unknown,sp500_gdelt_english_news;sp500_tushare_news,Xilinx;XILINX INC;INCORPORATED,observed_company_universe; needs_match_review_low_strength_seen
SP500:XOM,SP500,XOM,ExxonMobil,ExxonMobil,US,USD,observed_company_universe,,,covid19_first_wave;russia_ukraine_conflict_2022;israel_palestine_conflict_2023;us_israel_iran_conflict_2025,main_and_gdelt,unknown,sp500_gdelt_english_news;sp500_news;sp500_tushare_news,埃克森美孚;ExxonMobil;xom;埃克森,observed_company_universe; needs_match_review_low_strength_seen
SP500:XRAY,SP500,XRAY,XRAY,XRAY,US,USD,observed_company_universe,,,covid19_first_wave;russia_ukraine_conflict_2022;israel_palestine_conflict_2023;us_israel_iran_conflict_2025,main_and_gdelt,unknown,sp500_gdelt_english_news;sp500_news,xray,observed_company_universe; needs_match_review_low_strength_seen
SP500:XRX,SP500,XRX,XRX,XRX,US,USD,observed_company_universe,,,covid19_first_wave;russia_ukraine_conflict_2022;israel_palestine_conflict_2023;us_israel_iran_conflict_2025,gdelt_and_supplement,unknown,sp500_gdelt_english_news;sp500_tushare_news,,observed_company_universe; needs_match_review_low_strength_seen
SP500:XYL,SP500,XYL,Xylem Inc.,Xylem Inc.,US,USD,observed_company_universe,,,covid19_first_wave;russia_ukraine_conflict_2022;israel_palestine_conflict_2023;us_israel_iran_conflict_2025,main_and_gdelt,unknown,sp500_gdelt_english_news;sp500_news,xyl,observed_company_universe; needs_match_review_low_strength_seen
SP500:YUM,SP500,YUM,Yum! Brands,Yum! Brands,US,USD,observed_company_universe,,,covid19_first_wave;russia_ukraine_conflict_2022;israel_palestine_conflict_2023;us_israel_iran_conflict_2025,gdelt_and_supplement,unknown,sp500_gdelt_english_news;sp500_tushare_news,百胜,observed_company_universe; needs_match_review_low_strength_seen
SP500:ZBH,SP500,ZBH,Zimmer Biomet,Zimmer Biomet,US,USD,observed_company_universe,,,covid19_first_wave;russia_ukraine_conflict_2022;israel_palestine_conflict_2023;us_israel_iran_conflict_2025,main_and_gdelt,unknown,sp500_gdelt_english_news;sp500_news,Zimmer Biomet;zbh,observed_company_universe; needs_match_review_low_strength_seen
SP500:ZBRA,SP500,ZBRA,Zebra Technologies,Zebra Technologies,US,USD,observed_company_universe,,,covid19_first_wave;russia_ukraine_conflict_2022;israel_palestine_conflict_2023;us_israel_iran_conflict_2025,main_and_gdelt,unknown,sp500_gdelt_english_news;sp500_news,Zebra Technologies;zbra,observed_company_universe; sp500_constituent_coverage_audit_available
SP500:ZION,SP500,ZION,ZION,ZION,US,USD,observed_company_universe,,,covid19_first_wave;russia_ukraine_conflict_2022;israel_palestine_conflict_2023;us_israel_iran_conflict_2025,main_and_gdelt,unknown,sp500_gdelt_english_news;sp500_news,zion,observed_company_universe; needs_match_review_low_strength_seen
SP500:ZTS,SP500,ZTS,Zoetis,Zoetis,US,USD,observed_company_universe,,,covid19_first_wave;russia_ukraine_conflict_2022;israel_palestine_conflict_2023;us_israel_iran_conflict_2025,main_and_gdelt,unknown,sp500_gdelt_english_news;sp500_news,Zoetis;zts,observed_company_universe; needs_match_review_low_strength_seen
